t,id,x,y
0,0,1.04377,2.49858
0.01,0,1.04478,2.4989
0.02,0,1.04627,2.49937
0.03,0,1.04824,2.49999
0.04,0,1.05066,2.50075
0.05,0,1.05353,2.50164
0.06,0,1.05683,2.50266
0.07,0,1.06054,2.5038
0.08,0,1.06465,2.50505
0.09,0,1.06914,2.5064
0.1,0,1.07401,2.50784
0.11,0,1.07923,2.50937
0.12,0,1.08478,2.51098
0.13,0,1.09066,2.51267
0.14,0,1.09684,2.51441
0.15,0,1.10331,2.51621
0.16,0,1.11007,2.51806
0.17,0,1.11708,2.51996
0.18,0,1.12433,2.5219
0.19,0,1.13182,2.52386
0.2,0,1.13954,2.52586
0.21,0,1.14746,2.52788
0.22,0,1.15559,2.52992
0.23,0,1.16391,2.53197
0.24,0,1.1724,2.53403
0.25,0,1.18105,2.5361
0.26,0,1.18986,2.53817
0.27,0,1.19882,2.54025
0.28,0,1.20792,2.54232
0.29,0,1.21714,2.54439
0.3,0,1.22649,2.54646
0.31,0,1.23595,2.54852
0.32,0,1.24551,2.55057
0.33,0,1.25519,2.55262
0.34,0,1.26497,2.55465
0.35,0,1.27484,2.55667
0.36,0,1.28481,2.55867
0.37,0,1.29486,2.56065
0.38,0,1.305,2.56262
0.39,0,1.31521,2.56457
0.4,0,1.32549,2.56649
0.41,0,1.33585,2.5684
0.42,0,1.34626,2.57028
0.43,0,1.35674,2.57215
0.44,0,1.36727,2.57399
0.45,0,1.37785,2.57582
0.46,0,1.3885,2.57762
0.47,0,1.3992,2.57939
0.48,0,1.40994,2.58114
0.49,0,1.42073,2.58287
0.5,0,1.43157,2.58457
0.51,0,1.44246,2.58625
0.52,0,1.45339,2.58789
0.53,0,1.46437,2.58951
0.54,0,1.47538,2.59111
0.55,0,1.48644,2.59268
0.56,0,1.49753,2.59421
0.57,0,1.50866,2.59573
0.58,0,1.51982,2.59721
0.59,0,1.53102,2.59866
0.6,0,1.54224,2.60009
0.61,0,1.5535,2.60148
0.62,0,1.5648,2.60284
0.63,0,1.57612,2.60417
0.64,0,1.58747,2.60547
0.65,0,1.59885,2.60674
0.66,0,1.61026,2.60798
0.67,0,1.6217,2.6092
0.68,0,1.63315,2.61038
0.69,0,1.64464,2.61154
0.7,0,1.65614,2.61266
0.71,0,1.66768,2.61376
0.72,0,1.67924,2.61482
0.73,0,1.69082,2.61586
0.74,0,1.70242,2.61686
0.75,0,1.71405,2.61784
0.76,0,1.72569,2.61879
0.77,0,1.73735,2.61971
0.78,0,1.74903,2.62061
0.79,0,1.76074,2.62147
0.8,0,1.77246,2.62231
0.81,0,1.78419,2.62311
0.82,0,1.79595,2.6239
0.83,0,1.80773,2.62465
0.84,0,1.81952,2.62538
0.85,0,1.83133,2.62608
0.86,0,1.84315,2.62675
0.87,0,1.855,2.6274
0.88,0,1.86685,2.62802
0.89,0,1.87872,2.62862
0.9,0,1.89061,2.62919
0.91,0,1.90251,2.62974
0.92,0,1.91443,2.63026
0.93,0,1.92636,2.63076
0.94,0,1.9383,2.63124
0.95,0,1.95027,2.63169
0.96,0,1.96224,2.63212
0.97,0,1.97423,2.63252
0.98,0,1.98623,2.63291
0.99,0,1.99825,2.63327
1,0,2.01027,2.63361
1.01,0,2.02231,2.63393
1.02,0,2.03436,2.63423
1.03,0,2.04642,2.63451
1.04,0,2.0585,2.63477
1.05,0,2.07059,2.63501
1.06,0,2.0827,2.63523
1.07,0,2.09482,2.63543
1.08,0,2.10695,2.63562
1.09,0,2.1191,2.63579
1.1,0,2.13126,2.63595
1.11,0,2.14343,2.63608
1.12,0,2.15562,2.63621
1.13,0,2.16782,2.63631
1.14,0,2.18004,2.63641
1.15,0,2.19227,2.63648
1.16,0,2.2045,2.63654
1.17,0,2.21676,2.63659
1.18,0,2.22902,2.63662
1.19,0,2.2413,2.63664
1.2,0,2.25359,2.63665
1.21,0,2.26589,2.63664
1.22,0,2.2782,2.63662
1.23,0,2.29052,2.63659
1.24,0,2.30285,2.63654
1.25,0,2.3152,2.63648
1.26,0,2.32756,2.63641
1.27,0,2.33992,2.63633
1.28,0,2.3523,2.63624
1.29,0,2.36468,2.63614
1.3,0,2.37708,2.63602
1.31,0,2.38949,2.6359
1.32,0,2.40192,2.63576
1.33,0,2.41435,2.63562
1.34,0,2.4268,2.63547
1.35,0,2.43925,2.63531
1.36,0,2.45172,2.63514
1.37,0,2.4642,2.63496
1.38,0,2.4767,2.63478
1.39,0,2.4892,2.63459
1.4,0,2.50171,2.63439
1.41,0,2.51423,2.63419
1.42,0,2.52677,2.63398
1.43,0,2.53931,2.63376
1.44,0,2.55186,2.63353
1.45,0,2.56443,2.6333
1.46,0,2.577,2.63306
1.47,0,2.58958,2.63282
1.48,0,2.60218,2.63257
1.49,0,2.61479,2.63232
1.5,0,2.6274,2.63206
1.51,0,2.64003,2.6318
1.52,0,2.65267,2.63153
1.53,0,2.66532,2.63126
1.54,0,2.67798,2.63099
1.55,0,2.69065,2.63071
1.56,0,2.70333,2.63043
1.57,0,2.71602,2.63014
1.58,0,2.72872,2.62985
1.59,0,2.74143,2.62956
1.6,0,2.75415,2.62926
1.61,0,2.76688,2.62896
1.62,0,2.77961,2.62866
1.63,0,2.79236,2.62836
1.64,0,2.80512,2.62805
1.65,0,2.81789,2.62774
1.66,0,2.83067,2.62743
1.67,0,2.84346,2.62712
1.68,0,2.85626,2.6268
1.69,0,2.86906,2.62648
1.7,0,2.88188,2.62616
1.71,0,2.8947,2.62584
1.72,0,2.90753,2.62551
1.73,0,2.92037,2.62519
1.74,0,2.93321,2.62486
1.75,0,2.94607,2.62453
1.76,0,2.95893,2.6242
1.77,0,2.97181,2.62387
1.78,0,2.98469,2.62353
1.79,0,2.99758,2.6232
1.8,0,3.01048,2.62287
1.81,0,3.02339,2.62253
1.82,0,3.0363,2.6222
1.83,0,3.04923,2.62186
1.84,0,3.06216,2.62152
1.85,0,3.07509,2.62118
1.86,0,3.08804,2.62085
1.87,0,3.10099,2.62051
1.88,0,3.11395,2.62017
1.89,0,3.12691,2.61983
1.9,0,3.13988,2.61949
1.91,0,3.15286,2.61915
1.92,0,3.16585,2.61881
1.93,0,3.17885,2.61847
1.94,0,3.19185,2.61813
1.95,0,3.20486,2.61779
1.96,0,3.21788,2.61745
1.97,0,3.23091,2.61711
1.98,0,3.24394,2.61677
1.99,0,3.25698,2.61643
2,0,3.27003,2.6161
2.01,0,3.28308,2.61576
2.02,0,3.29614,2.61542
2.03,0,3.30921,2.61508
2.04,0,3.32228,2.61474
2.05,0,3.33535,2.6144
2.06,0,3.34844,2.61407
2.07,0,3.36152,2.61373
2.08,0,3.37462,2.61339
2.09,0,3.38771,2.61305
2.1,0,3.40082,2.61272
2.11,0,3.41393,2.61238
2.12,0,3.42705,2.61204
2.13,0,3.44017,2.61171
2.14,0,3.45329,2.61137
2.15,0,3.46642,2.61104
2.16,0,3.47956,2.6107
2.17,0,3.4927,2.61037
2.18,0,3.50585,2.61003
2.19,0,3.519,2.6097
2.2,0,3.53216,2.60937
2.21,0,3.54532,2.60904
2.22,0,3.55849,2.60871
2.23,0,3.57166,2.60838
2.24,0,3.58484,2.60805
2.25,0,3.59802,2.60772
2.26,0,3.61121,2.60739
2.27,0,3.6244,2.60706
2.28,0,3.6376,2.60673
2.29,0,3.6508,2.60641
2.3,0,3.664,2.60608
2.31,0,3.67721,2.60575
2.32,0,3.69042,2.60543
2.33,0,3.70364,2.6051
2.34,0,3.71686,2.60478
2.35,0,3.73009,2.60446
2.36,0,3.74331,2.60413
2.37,0,3.75655,2.60381
2.38,0,3.76978,2.60349
2.39,0,3.78302,2.60317
2.4,0,3.79626,2.60285
2.41,0,3.80951,2.60253
2.42,0,3.82276,2.60221
2.43,0,3.83601,2.60189
2.44,0,3.84926,2.60157
2.45,0,3.86252,2.60125
2.46,0,3.87578,2.60094
2.47,0,3.88905,2.60062
2.48,0,3.90231,2.6003
2.49,0,3.91558,2.59999
2.5,0,3.92885,2.59967
2.51,0,3.94213,2.59936
2.52,0,3.95541,2.59904
2.53,0,3.96869,2.59873
2.54,0,3.98198,2.59841
2.55,0,3.99526,2.5981
2.56,0,4.00855,2.59779
2.57,0,4.02185,2.59748
2.58,0,4.03514,2.59717
2.59,0,4.04844,2.59686
2.6,0,4.06174,2.59655
2.61,0,4.07504,2.59624
2.62,0,4.08835,2.59593
2.63,0,4.10166,2.59562
2.64,0,4.11497,2.59531
2.65,0,4.12828,2.595
2.66,0,4.1416,2.59469
2.67,0,4.15492,2.59439
2.68,0,4.16823,2.59408
2.69,0,4.18156,2.59378
2.7,0,4.19488,2.59347
2.71,0,4.20821,2.59317
2.72,0,4.22154,2.59287
2.73,0,4.23487,2.59256
2.74,0,4.24821,2.59226
2.75,0,4.26154,2.59196
2.76,0,4.27488,2.59166
2.77,0,4.28822,2.59136
2.78,0,4.30156,2.59106
2.79,0,4.3149,2.59075
2.8,0,4.32824,2.59045
2.81,0,4.34158,2.59015
2.82,0,4.35493,2.58986
2.83,0,4.36827,2.58956
2.84,0,4.38162,2.58926
2.85,0,4.39497,2.58896
2.86,0,4.40832,2.58866
2.87,0,4.42168,2.58837
2.88,0,4.43503,2.58807
2.89,0,4.44839,2.58778
2.9,0,4.46174,2.58748
2.91,0,4.4751,2.58718
2.92,0,4.48846,2.58689
2.93,0,4.50182,2.5866
2.94,0,4.51518,2.5863
2.95,0,4.52855,2.58601
2.96,0,4.54191,2.58572
2.97,0,4.55528,2.58542
2.98,0,4.56865,2.58513
2.99,0,4.58201,2.58484
3,0,4.59538,2.58455
3.01,0,4.60875,2.58426
3.02,0,4.62213,2.58397
3.03,0,4.6355,2.58368
3.04,0,4.64887,2.58339
3.05,0,4.66224,2.5831
3.06,0,4.67562,2.58282
3.07,0,4.689,2.58253
3.08,0,4.70237,2.58224
3.09,0,4.71575,2.58196
3.1,0,4.72913,2.58168
3.11,0,4.74251,2.58139
3.12,0,4.75589,2.58111
3.13,0,4.76927,2.58083
3.14,0,4.78265,2.58055
3.15,0,4.79603,2.58027
3.16,0,4.80942,2.57998
3.17,0,4.8228,2.57971
3.18,0,4.83618,2.57943
3.19,0,4.84957,2.57915
3.2,0,4.86295,2.57887
3.21,0,4.87633,2.57859
3.22,0,4.88972,2.57831
3.23,0,4.9031,2.57804
3.24,0,4.91649,2.57776
3.25,0,4.92987,2.57748
3.26,0,4.94326,2.57721
3.27,0,4.95665,2.57694
3.28,0,4.97004,2.57667
3.29,0,4.98343,2.57639
3.3,0,4.99682,2.57612
3.31,0,5.01021,2.57585
3.32,0,5.0236,2.57558
3.33,0,5.037,2.57531
3.34,0,5.05039,2.57505
3.35,0,5.06378,2.57478
3.36,0,5.07717,2.57451
3.37,0,5.09056,2.57424
3.38,0,5.10395,2.57398
3.39,0,5.11735,2.57371
3.4,0,5.13074,2.57345
3.41,0,5.14413,2.57319
3.42,0,5.15753,2.57292
3.43,0,5.17092,2.57266
3.44,0,5.18431,2.5724
3.45,0,5.1977,2.57214
3.46,0,5.2111,2.57188
3.47,0,5.22449,2.57162
3.48,0,5.23788,2.57136
3.49,0,5.25127,2.57111
3.5,0,5.26466,2.57085
3.51,0,5.27805,2.57059
3.52,0,5.29144,2.57034
3.53,0,5.30483,2.57008
3.54,0,5.31823,2.56983
3.55,0,5.33162,2.56958
3.56,0,5.34501,2.56933
3.57,0,5.3584,2.56908
3.58,0,5.37179,2.56883
3.59,0,5.38519,2.56858
3.6,0,5.39858,2.56834
3.61,0,5.41197,2.56809
3.62,0,5.42537,2.56785
3.63,0,5.43876,2.56761
3.64,0,5.45215,2.56736
3.65,0,5.46554,2.56712
3.66,0,5.47894,2.56688
3.67,0,5.49233,2.56665
3.68,0,5.50572,2.56641
3.69,0,5.51911,2.56617
3.7,0,5.53251,2.56594
3.71,0,5.5459,2.56571
3.72,0,5.55929,2.56547
3.73,0,5.57269,2.56524
3.74,0,5.58608,2.56502
3.75,0,5.59948,2.56479
3.76,0,5.61287,2.56456
3.77,0,5.62627,2.56434
3.78,0,5.63966,2.56412
3.79,0,5.65306,2.56389
3.8,0,5.66646,2.56368
3.81,0,5.67986,2.56346
3.82,0,5.69326,2.56324
3.83,0,5.70666,2.56303
3.84,0,5.72005,2.56281
3.85,0,5.73345,2.5626
3.86,0,5.74685,2.56239
3.87,0,5.76025,2.56219
3.88,0,5.77365,2.56198
3.89,0,5.78704,2.56177
3.9,0,5.80044,2.56157
3.91,0,5.81384,2.56136
3.92,0,5.82724,2.56116
3.93,0,5.84063,2.56096
3.94,0,5.85403,2.56076
3.95,0,5.86743,2.56056
3.96,0,5.88083,2.56037
3.97,0,5.89423,2.56018
3.98,0,5.90763,2.55998
3.99,0,5.92102,2.55979
4,0,5.93442,2.5596
4.01,0,5.94782,2.55941
4.02,0,5.96121,2.55923
4.03,0,5.97461,2.55904
4.04,0,5.98801,2.55886
4.05,0,6.0014,2.55868
4.06,0,6.0148,2.5585
4.07,0,6.02819,2.55832
4.08,0,6.04159,2.55814
4.09,0,6.05498,2.55797
4.1,0,6.06838,2.55779
4.11,0,6.08178,2.55762
4.12,0,6.09517,2.55745
4.13,0,6.10857,2.55729
4.14,0,6.12197,2.55712
4.15,0,6.13536,2.55695
4.16,0,6.14875,2.55679
4.17,0,6.16215,2.55663
4.18,0,6.17554,2.55647
4.19,0,6.18893,2.55631
4.2,0,6.20233,2.55615
4.21,0,6.21572,2.556
4.22,0,6.22911,2.55584
4.23,0,6.24251,2.55569
4.24,0,6.2559,2.55554
4.25,0,6.26929,2.55539
4.26,0,6.28268,2.55525
4.27,0,6.29607,2.5551
4.28,0,6.30946,2.55496
4.29,0,6.32285,2.55482
4.3,0,6.33623,2.55468
4.31,0,6.34962,2.55454
4.32,0,6.36301,2.5544
4.33,0,6.3764,2.55426
4.34,0,6.38978,2.55413
4.35,0,6.40317,2.554
4.36,0,6.41656,2.55387
4.37,0,6.42995,2.55374
4.38,0,6.44333,2.55361
4.39,0,6.45672,2.55348
4.4,0,6.4701,2.55336
4.41,0,6.48349,2.55324
4.42,0,6.49687,2.55311
4.43,0,6.51026,2.55299
4.44,0,6.52364,2.55288
4.45,0,6.53703,2.55276
4.46,0,6.55041,2.55264
4.47,0,6.5638,2.55253
4.48,0,6.57718,2.55242
4.49,0,6.59056,2.55231
4.5,0,6.60395,2.5522
4.51,0,6.61733,2.55209
4.52,0,6.63071,2.55198
4.53,0,6.64409,2.55188
4.54,0,6.65747,2.55178
4.55,0,6.67085,2.55168
4.56,0,6.68423,2.55158
4.57,0,6.69761,2.55148
4.58,0,6.71099,2.55138
4.59,0,6.72437,2.55128
4.6,0,6.73775,2.55119
4.61,0,6.75113,2.5511
4.62,0,6.7645,2.551
4.63,0,6.77788,2.55091
4.64,0,6.79125,2.55082
4.65,0,6.80463,2.55073
4.66,0,6.818,2.55064
4.67,0,6.83137,2.55056
4.68,0,6.84475,2.55047
4.69,0,6.85812,2.55039
4.7,0,6.87149,2.55031
4.71,0,6.88487,2.55023
4.72,0,6.89824,2.55015
4.73,0,6.91162,2.55007
4.74,0,6.92499,2.55
4.75,0,6.93836,2.54992
4.76,0,6.95173,2.54985
4.77,0,6.96511,2.54977
4.78,0,6.97848,2.5497
4.79,0,6.99185,2.54963
4.8,0,7.00522,2.54956
4.81,0,7.01859,2.54949
4.82,0,7.03196,2.54943
4.83,0,7.04533,2.54936
4.84,0,7.0587,2.5493
4.85,0,7.07207,2.54923
4.86,0,7.08544,2.54917
4.87,0,7.0988,2.54911
4.88,0,7.11217,2.54905
4.89,0,7.12554,2.54899
4.9,0,7.13891,2.54893
4.91,0,7.15228,2.54888
4.92,0,7.16565,2.54882
4.93,0,7.17901,2.54877
4.94,0,7.19238,2.54871
4.95,0,7.20575,2.54866
4.96,0,7.21911,2.5486
4.97,0,7.23248,2.54855
4.98,0,7.24584,2.5485
4.99,0,7.25921,2.54845
5,0,7.27257,2.54839
5.01,0,7.28593,2.54834
5.02,0,7.29929,2.5483
5.03,0,7.31266,2.54825
5.04,0,7.32602,2.5482
5.05,0,7.33938,2.54815
5.06,0,7.35274,2.5481
5.07,0,7.3661,2.54806
5.08,0,7.37946,2.54801
5.09,0,7.39282,2.54797
5.1,0,7.40617,2.54792
5.11,0,7.41953,2.54788
5.12,0,7.43288,2.54783
5.13,0,7.44624,2.54779
5.14,0,7.45959,2.54774
5.15,0,7.47294,2.5477
5.16,0,7.48629,2.54765
5.17,0,7.49964,2.54761
5.18,0,7.51299,2.54757
5.19,0,7.52634,2.54753
5.2,0,7.53969,2.54748
5.21,0,7.55304,2.54744
5.22,0,7.56639,2.5474
5.23,0,7.57973,2.54736
5.24,0,7.59308,2.54732
5.25,0,7.60642,2.54727
5.26,0,7.61976,2.54723
5.27,0,7.6331,2.54719
5.28,0,7.64645,2.54715
5.29,0,7.65978,2.5471
5.3,0,7.67312,2.54706
5.31,0,7.68646,2.54702
5.32,0,7.6998,2.54698
5.33,0,7.71314,2.54694
5.34,0,7.72648,2.5469
5.35,0,7.73982,2.54686
5.36,0,7.75315,2.54681
5.37,0,7.76649,2.54677
5.38,0,7.77982,2.54673
5.39,0,7.79315,2.54669
5.4,0,7.80648,2.54664
5.41,0,7.81981,2.5466
5.42,0,7.83315,2.54656
5.43,0,7.84647,2.54652
5.44,0,7.8598,2.54647
5.45,0,7.87313,2.54643
5.46,0,7.88646,2.54638
5.47,0,7.89979,2.54634
5.48,0,7.91311,2.5463
5.49,0,7.92644,2.54625
5.5,0,7.93976,2.54621
5.51,0,7.95308,2.54616
5.52,0,7.96641,2.54611
5.53,0,7.97973,2.54607
5.54,0,7.99305,2.54602
5.55,0,8.00637,2.54597
5.56,0,8.01969,2.54593
5.57,0,8.03301,2.54588
5.58,0,8.04633,2.54583
5.59,0,8.05964,2.54578
5.6,0,8.07296,2.54573
5.61,0,8.08627,2.54568
5.62,0,8.09959,2.54563
5.63,0,8.1129,2.54558
5.64,0,8.12621,2.54553
5.65,0,8.13952,2.54548
5.66,0,8.15283,2.54543
5.67,0,8.16614,2.54538
5.68,0,8.17945,2.54532
5.69,0,8.19275,2.54527
5.7,0,8.20606,2.54522
5.71,0,8.21936,2.54516
5.72,0,8.23267,2.54511
5.73,0,8.24597,2.54505
5.74,0,8.25927,2.545
5.75,0,8.27258,2.54494
5.76,0,8.28588,2.54489
5.77,0,8.29918,2.54483
5.78,0,8.31248,2.54477
5.79,0,8.32578,2.54471
5.8,0,8.33908,2.54466
5.81,0,8.35238,2.5446
5.82,0,8.36568,2.54454
5.83,0,8.37897,2.54448
5.84,0,8.39227,2.54442
5.85,0,8.40556,2.54436
5.86,0,8.41886,2.5443
5.87,0,8.43215,2.54423
5.88,0,8.44544,2.54417
5.89,0,8.45873,2.54411
5.9,0,8.47202,2.54404
5.91,0,8.48531,2.54398
5.92,0,8.4986,2.54391
5.93,0,8.51189,2.54385
5.94,0,8.52518,2.54378
5.95,0,8.53846,2.54371
5.96,0,8.55175,2.54364
5.97,0,8.56503,2.54358
5.98,0,8.57832,2.54351
5.99,0,8.5916,2.54344
6,0,8.60489,2.54337
6.01,0,8.61817,2.5433
6.02,0,8.63145,2.54323
6.03,0,8.64473,2.54315
6.04,0,8.65801,2.54308
6.05,0,8.67129,2.54301
6.06,0,8.68457,2.54294
6.07,0,8.69784,2.54286
6.08,0,8.71112,2.54279
6.09,0,8.72439,2.54271
6.1,0,8.73766,2.54263
6.11,0,8.75093,2.54255
6.12,0,8.7642,2.54247
6.13,0,8.77746,2.54239
6.14,0,8.79073,2.54231
6.15,0,8.804,2.54223
6.16,0,8.81726,2.54215
6.17,0,8.83052,2.54207
6.18,0,8.84378,2.54198
6.19,0,8.85704,2.5419
6.2,0,8.8703,2.54181
6.21,0,8.88355,2.54173
6.22,0,8.89681,2.54164
6.23,0,8.91006,2.54156
6.24,0,8.92332,2.54147
6.25,0,8.93657,2.54138
6.26,0,8.94982,2.54129
6.27,0,8.96307,2.5412
6.28,0,8.97632,2.54111
6.29,0,8.98956,2.54102
6.3,0,9.00281,2.54093
6.31,0,9.01605,2.54083
6.32,0,9.02929,2.54074
6.33,0,9.04253,2.54064
6.34,0,9.05577,2.54055
6.35,0,9.06901,2.54045
6.36,0,9.08225,2.54036
6.37,0,9.09549,2.54026
6.38,0,9.10872,2.54016
6.39,0,9.12196,2.54007
6.4,0,9.1352,2.53997
6.41,0,9.14844,2.53987
6.42,0,9.16167,2.53977
6.43,0,9.17491,2.53967
6.44,0,9.18814,2.53957
6.45,0,9.20138,2.53947
6.46,0,9.21461,2.53937
6.47,0,9.22784,2.53927
6.48,0,9.24107,2.53917
6.49,0,9.2543,2.53906
6.5,0,9.26753,2.53896
6.51,0,9.28077,2.53886
6.52,0,9.294,2.53875
6.53,0,9.30722,2.53865
6.54,0,9.32045,2.53854
6.55,0,9.33368,2.53844
6.56,0,9.34691,2.53834
6.57,0,9.36014,2.53823
6.58,0,9.37336,2.53813
6.59,0,9.38659,2.53802
6.6,0,9.39981,2.53791
6.61,0,9.41304,2.53781
6.62,0,9.42626,2.5377
6.63,0,9.43948,2.53759
6.64,0,9.4527,2.53749
6.65,0,9.46593,2.53738
6.66,0,9.47915,2.53727
6.67,0,9.49238,2.53717
6.68,0,9.5056,2.53706
6.69,0,9.51882,2.53695
6.7,0,9.53204,2.53685
6.71,0,9.54526,2.53674
6.72,0,9.55848,2.53663
6.73,0,9.5717,2.53652
6.74,0,9.58492,2.53641
6.75,0,9.59814,2.5363
6.76,0,9.61135,2.53619
6.77,0,9.62456,2.53608
6.78,0,9.63777,2.53597
6.79,0,9.65098,2.53586
6.8,0,9.66419,2.53575
6.81,0,9.6774,2.53564
6.82,0,9.69061,2.53553
6.83,0,9.70381,2.53541
6.84,0,9.71702,2.5353
6.85,0,9.73023,2.53519
6.86,0,9.74343,2.53508
6.87,0,9.75664,2.53496
6.88,0,9.76984,2.53485
6.89,0,9.78305,2.53474
6.9,0,9.79625,2.53462
6.91,0,9.80945,2.53451
6.92,0,9.82265,2.5344
6.93,0,9.83586,2.53428
6.94,0,9.84906,2.53417
6.95,0,9.86225,2.53405
6.96,0,9.87545,2.53393
6.97,0,9.88864,2.53382
6.98,0,9.90184,2.5337
6.99,0,9.91503,2.53358
7,0,9.92822,2.53346
7.01,0,9.94141,2.53334
7.02,0,9.95459,2.53322
7.03,0,9.96777,2.5331
7.04,0,9.98096,2.53298
7.05,0,9.99414,2.53286
7.06,0,10.0073,2.53274
7.07,0,10.0205,2.53262
7.08,0,10.0337,2.5325
7.09,0,10.0469,2.53238
7.1,0,10.06,2.53226
7.11,0,10.0732,2.53213
7.12,0,10.0864,2.53201
7.13,0,10.0996,2.53189
7.14,0,10.1128,2.53177
7.15,0,10.1259,2.53165
7.16,0,10.1391,2.53153
7.17,0,10.1523,2.53141
7.18,0,10.1655,2.53128
7.19,0,10.1786,2.53116
7.2,0,10.1918,2.53104
7.21,0,10.205,2.53091
7.22,0,10.2182,2.53079
7.23,0,10.2313,2.53066
7.24,0,10.2445,2.53054
7.25,0,10.2576,2.53041
7.26,0,10.2708,2.53029
7.27,0,10.284,2.53016
7.28,0,10.2971,2.53004
7.29,0,10.3103,2.52991
7.3,0,10.3235,2.52979
7.31,0,10.3366,2.52966
7.32,0,10.3498,2.52953
7.33,0,10.3629,2.52941
7.34,0,10.3761,2.52928
7.35,0,10.3892,2.52915
7.36,0,10.4024,2.52902
7.37,0,10.4155,2.5289
7.38,0,10.4287,2.52877
7.39,0,10.4418,2.52864
7.4,0,10.455,2.52851
7.41,0,10.4681,2.52838
7.42,0,10.4813,2.52825
7.43,0,10.4944,2.52812
7.44,0,10.5076,2.52799
7.45,0,10.5207,2.52786
7.46,0,10.5339,2.52773
7.47,0,10.547,2.5276
7.48,0,10.5602,2.52747
7.49,0,10.5733,2.52733
7.5,0,10.5864,2.5272
7.51,0,10.5996,2.52707
7.52,0,10.6127,2.52693
7.53,0,10.6258,2.5268
7.54,0,10.639,2.52666
7.55,0,10.6521,2.52653
7.56,0,10.6652,2.52639
7.57,0,10.6784,2.52625
7.58,0,10.6915,2.52611
7.59,0,10.7046,2.52597
7.6,0,10.7177,2.52584
7.61,0,10.7309,2.5257
7.62,0,10.744,2.52556
7.63,0,10.7571,2.52542
7.64,0,10.7702,2.52528
7.65,0,10.7834,2.52514
7.66,0,10.7965,2.525
7.67,0,10.8096,2.52486
7.68,0,10.8227,2.52472
7.69,0,10.8358,2.52458
7.7,0,10.8489,2.52444
7.71,0,10.8621,2.5243
7.72,0,10.8752,2.52416
7.73,0,10.8883,2.52402
7.74,0,10.9014,2.52387
7.75,0,10.9145,2.52373
7.76,0,10.9276,2.52359
7.77,0,10.9407,2.52344
7.78,0,10.9539,2.5233
7.79,0,10.967,2.52315
7.8,0,10.9801,2.52301
7.81,0,10.9932,2.52286
7.82,0,11.0063,2.52272
7.83,0,11.0194,2.52257
7.84,0,11.0325,2.52243
7.85,0,11.0456,2.52228
7.86,0,11.0587,2.52213
7.87,0,11.0718,2.52199
7.88,0,11.0849,2.52184
7.89,0,11.098,2.52169
7.9,0,11.1111,2.52155
7.91,0,11.1242,2.5214
7.92,0,11.1373,2.52125
7.93,0,11.1504,2.52111
7.94,0,11.1635,2.52096
7.95,0,11.1766,2.52082
7.96,0,11.1897,2.52067
7.97,0,11.2028,2.52053
7.98,0,11.2159,2.52038
7.99,0,11.229,2.52024
8,0,11.2421,2.52009
8.01,0,11.2552,2.51995
8.02,0,11.2683,2.5198
8.03,0,11.2814,2.51966
8.04,0,11.2945,2.51951
8.05,0,11.3076,2.51937
8.06,0,11.3207,2.51922
8.07,0,11.3338,2.51908
8.08,0,11.3469,2.51893
8.09,0,11.36,2.51878
8.1,0,11.3731,2.51864
8.11,0,11.3862,2.51849
8.12,0,11.3993,2.51834
8.13,0,11.4124,2.5182
8.14,0,11.4255,2.51805
8.15,0,11.4386,2.51791
8.16,0,11.4517,2.51776
8.17,0,11.4648,2.51762
8.18,0,11.4779,2.51747
8.19,0,11.491,2.51732
8.2,0,11.5041,2.51718
8.21,0,11.5172,2.51703
8.22,0,11.5303,2.51688
8.23,0,11.5434,2.51673
8.24,0,11.5565,2.51659
8.25,0,11.5696,2.51644
8.26,0,11.5827,2.51629
8.27,0,11.5958,2.51614
8.28,0,11.6089,2.516
8.29,0,11.622,2.51585
8.3,0,11.6351,2.5157
8.31,0,11.6482,2.51555
8.32,0,11.6613,2.51541
8.33,0,11.6744,2.51526
8.34,0,11.6875,2.51512
8.35,0,11.7006,2.51498
8.36,0,11.7138,2.51484
8.37,0,11.7269,2.5147
8.38,0,11.74,2.51456
8.39,0,11.7531,2.51442
8.4,0,11.7662,2.51427
8.41,0,11.7793,2.51413
8.42,0,11.7925,2.51399
8.43,0,11.8056,2.51385
8.44,0,11.8187,2.5137
8.45,0,11.8318,2.51356
8.46,0,11.845,2.51342
8.47,0,11.8581,2.51327
8.48,0,11.8712,2.51313
8.49,0,11.8843,2.51299
8.5,0,11.8975,2.51285
8.51,0,11.9106,2.5127
8.52,0,11.9237,2.51256
8.53,0,11.9368,2.51242
8.54,0,11.95,2.51228
8.55,0,11.9631,2.51213
8.56,0,11.9763,2.51199
8.57,0,11.9894,2.51185
8.58,0,12.0026,2.51171
8.59,0,12.0157,2.51156
8.6,0,12.0289,2.51142
8.61,0,12.042,2.51128
8.62,0,12.0552,2.51113
8.63,0,12.0683,2.51099
8.64,0,12.0815,2.51085
8.65,0,12.0947,2.5107
8.66,0,12.1078,2.51056
8.67,0,12.121,2.51041
8.68,0,12.1342,2.51027
8.69,0,12.1474,2.51012
8.7,0,12.1605,2.50997
8.71,0,12.1737,2.50981
8.72,0,12.1869,2.50966
8.73,0,12.2,2.50951
8.74,0,12.2132,2.50936
8.75,0,12.2264,2.50921
8.76,0,12.2396,2.50905
8.77,0,12.2528,2.5089
8.78,0,12.266,2.50875
8.79,0,12.2792,2.50859
8.8,0,12.2924,2.50843
8.81,0,12.3056,2.50828
8.82,0,12.3188,2.50812
8.83,0,12.332,2.50796
8.84,0,12.3452,2.5078
8.85,0,12.3584,2.50764
8.86,0,12.3716,2.50748
8.87,0,12.3848,2.50732
8.88,0,12.3981,2.50716
8.89,0,12.4113,2.50699
8.9,0,12.4245,2.50683
8.91,0,12.4378,2.50667
8.92,0,12.451,2.5065
8.93,0,12.4642,2.50633
8.94,0,12.4775,2.50616
8.95,0,12.4907,2.50599
8.96,0,12.504,2.50581
8.97,0,12.5172,2.50564
8.98,0,12.5305,2.50546
8.99,0,12.5438,2.50529
9,0,12.557,2.50511
9.01,0,12.5703,2.50493
9.02,0,12.5836,2.50475
9.03,0,12.5968,2.50457
9.04,0,12.6101,2.50439
9.05,0,12.6234,2.5042
9.06,0,12.6367,2.50401
9.07,0,12.65,2.50382
9.08,0,12.6633,2.50363
9.09,0,12.6766,2.50343
9.1,0,12.6899,2.50323
9.11,0,12.7032,2.50303
9.12,0,12.7165,2.50282
9.13,0,12.7298,2.50261
9.14,0,12.7431,2.5024
9.15,0,12.7564,2.50218
9.16,0,12.7697,2.50196
9.17,0,12.7831,2.50174
9.18,0,12.7964,2.50152
9.19,0,12.8097,2.50129
9.2,0,12.823,2.50106
9.21,0,12.8364,2.50083
9.22,0,12.8497,2.5006
9.23,0,12.863,2.50036
9.24,0,12.8764,2.50012
9.25,0,12.8897,2.49987
9.26,0,12.9031,2.49963
9.27,0,12.9164,2.49938
9.28,0,12.9298,2.49912
9.29,0,12.9432,2.49887
9.3,0,12.9565,2.49861
9.31,0,12.9699,2.49835
9.32,0,12.9833,2.49808
9.33,0,12.9967,2.49781
9.34,0,13.01,2.49754
9.35,0,13.0234,2.49726
9.36,0,13.0368,2.49698
9.37,0,13.0502,2.4967
9.38,0,13.0636,2.49641
9.39,0,13.077,2.49611
9.4,0,13.0904,2.49581
9.41,0,13.1038,2.49551
9.42,0,13.1172,2.49521
9.43,0,13.1306,2.4949
9.44,0,13.1441,2.49458
9.45,0,13.1575,2.49426
9.46,0,13.1709,2.49394
9.47,0,13.1843,2.49362
9.48,0,13.1978,2.49329
9.49,0,13.2112,2.49295
9.5,0,13.2246,2.49261
9.51,0,13.238,2.49227
9.52,0,13.2515,2.49191
9.53,0,13.2649,2.49156
9.54,0,13.2783,2.49119
9.55,0,13.2918,2.49083
9.56,0,13.3052,2.49045
9.57,0,13.3186,2.49007
9.58,0,13.3321,2.48969
9.59,0,13.3455,2.4893
9.6,0,13.3589,2.48891
9.61,0,13.3724,2.4885
9.62,0,13.3858,2.48809
9.63,0,13.3992,2.48768
9.64,0,13.4126,2.48726
9.65,0,13.426,2.48683
9.66,0,13.4395,2.4864
9.67,0,13.4529,2.48596
9.68,0,13.4663,2.48552
9.69,0,13.4798,2.48507
9.7,0,13.4932,2.48462
9.71,0,13.5066,2.48416
9.72,0,13.52,2.48369
9.73,0,13.5334,2.48322
9.74,0,13.5468,2.48274
9.75,0,13.5602,2.48225
9.76,0,13.5736,2.48175
9.77,0,13.587,2.48126
9.78,0,13.6004,2.48075
9.79,0,13.6138,2.48024
9.8,0,13.6272,2.47972
9.81,0,13.6406,2.47919
9.82,0,13.6539,2.47866
9.83,0,13.6673,2.47812
9.84,0,13.6807,2.47758
9.85,0,13.694,2.47703
9.86,0,13.7073,2.47647
9.87,0,13.7207,2.47591
9.88,0,13.734,2.47534
9.89,0,13.7473,2.47476
9.9,0,13.7606,2.47418
9.91,0,13.774,2.4736
9.92,0,13.7872,2.47301
9.93,0,13.8005,2.47242
9.94,0,13.8138,2.47182
9.95,0,13.8271,2.47121
9.96,0,13.8403,2.4706
9.97,0,13.8535,2.46999
9.98,0,13.8667,2.46937
9.99,0,13.8799,2.46875
10,0,13.8931,2.46812
10.01,0,13.9063,2.46749
10.02,0,13.9194,2.46685
10.03,0,13.9325,2.46621
10.04,0,13.9456,2.46557
10.05,0,13.9587,2.46492
10.06,0,13.9718,2.46428
10.07,0,13.9848,2.46363
10.08,0,13.9979,2.46298
10.09,0,14.0108,2.46233
10.1,0,14.0238,2.46167
10.11,0,14.0367,2.46102
10.12,0,14.0496,2.46038
10.13,0,14.0624,2.45973
10.14,0,14.0752,2.45909
10.15,0,14.0879,2.45845
10.16,0,14.1006,2.45782
10.17,0,14.1132,2.45719
10.18,0,14.1258,2.45657
10.19,0,14.1383,2.45597
10.2,0,14.1507,2.45537
10.21,0,14.163,2.45479
10.22,0,14.1752,2.45422
10.23,0,14.1873,2.45366
10.24,0,14.1993,2.45312
10.25,0,14.2111,2.45261
10.26,0,14.2228,2.45212
10.27,0,14.2344,2.45166
10.28,0,14.2458,2.45123
10.29,0,14.2571,2.45084
10.3,0,14.2681,2.45049
10.31,0,14.279,2.45018
10.32,0,14.2896,2.44992
10.33,0,14.3001,2.44971
10.34,0,14.3103,2.44955
10.35,0,14.3202,2.44945
10.36,0,14.3299,2.44941
10.37,0,14.3394,2.44946
10.38,0,14.3486,2.44959
10.39,0,14.3575,2.44979
10.4,0,14.3662,2.45008
10.41,0,14.3746,2.45047
10.42,0,14.3827,2.45094
10.43,0,14.3907,2.4515
10.44,0,14.3983,2.45216
10.45,0,14.4058,2.45292
10.46,0,14.4131,2.45379
10.47,0,14.4201,2.45478
10.48,0,14.427,2.45587
10.49,0,14.4336,2.45707
10.5,0,14.4401,2.45839
10.51,0,14.4465,2.45983
10.52,0,14.4528,2.46138
10.53,0,14.459,2.46305
10.54,0,14.4652,2.46484
10.55,0,14.4714,2.46674
10.56,0,14.4775,2.46876
10.57,0,14.4835,2.47088
10.58,0,14.4896,2.47313
10.59,0,14.4957,2.47548
10.6,0,14.5019,2.47796
10.61,0,14.5081,2.48055
10.62,0,14.5143,2.48325
10.63,0,14.5206,2.48604
10.64,0,14.5269,2.48895
10.65,0,14.5333,2.49196
10.66,0,14.5397,2.49504
10.67,0,14.5462,2.4982
10.68,0,14.5526,2.50144
10.69,0,14.5591,2.50475
10.7,0,14.5655,2.50814
10.71,0,14.5721,2.5116
10.72,0,14.5786,2.51513
10.73,0,14.5851,2.51871
10.74,0,14.5916,2.52235
10.75,0,14.598,2.52604
10.76,0,14.6045,2.52977
10.77,0,14.6108,2.53355
10.78,0,14.6171,2.53736
10.79,0,14.6234,2.54119
10.8,0,14.6295,2.54505
10.81,0,14.6356,2.54894
10.82,0,14.6415,2.55288
10.83,0,14.6473,2.55684
10.84,0,14.653,2.56083
10.85,0,14.6586,2.56485
10.86,0,14.664,2.56889
10.87,0,14.6693,2.57294
10.88,0,14.6744,2.577
10.89,0,14.6794,2.58107
10.9,0,14.6843,2.58515
10.91,0,14.689,2.58925
10.92,0,14.6936,2.59335
10.93,0,14.6981,2.59746
10.94,0,14.7024,2.60157
10.95,0,14.7066,2.60566
10.96,0,14.7107,2.60976
10.97,0,14.7147,2.61384
10.98,0,14.7185,2.61791
10.99,0,14.7223,2.62196
11,0,14.7259,2.62599
11.01,0,14.7294,2.63
11.02,0,14.7329,2.63397
11.03,0,14.7363,2.63792
11.04,0,14.7396,2.64184
11.05,0,14.7428,2.6457
11.06,0,14.746,2.64953
11.07,0,14.7491,2.65331
11.08,0,14.7522,2.65705
11.09,0,14.7552,2.66074
11.1,0,14.7582,2.66437
11.11,0,14.7611,2.66796
11.12,0,14.7641,2.67149
11.13,0,14.7669,2.67496
11.14,0,14.7698,2.67837
11.15,0,14.7727,2.68173
11.16,0,14.7755,2.68502
11.17,0,14.7783,2.68824
11.18,0,14.7812,2.6914
11.19,0,14.784,2.69449
11.2,0,14.7868,2.69752
11.21,0,14.7896,2.70049
11.22,0,14.7924,2.70339
11.23,0,14.7953,2.70622
11.24,0,14.7981,2.70898
11.25,0,14.8009,2.71167
11.26,0,14.8037,2.71429
11.27,0,14.8066,2.71686
11.28,0,14.8095,2.71936
11.29,0,14.8123,2.72181
11.3,0,14.8152,2.7242
11.31,0,14.8181,2.72653
11.32,0,14.8211,2.7288
11.33,0,14.824,2.73103
11.34,0,14.8269,2.73321
11.35,0,14.8299,2.73536
11.36,0,14.8329,2.73746
11.37,0,14.8359,2.73954
11.38,0,14.8389,2.74158
11.39,0,14.842,2.7436
11.4,0,14.8451,2.7456
11.41,0,14.8481,2.74759
11.42,0,14.8512,2.74956
11.43,0,14.8543,2.75152
11.44,0,14.8574,2.7535
11.45,0,14.8605,2.75547
11.46,0,14.8636,2.75745
11.47,0,14.8667,2.75944
11.48,0,14.8698,2.76145
11.49,0,14.8729,2.76349
11.5,0,14.876,2.76557
11.51,0,14.8791,2.76769
11.52,0,14.8822,2.76986
11.53,0,14.8852,2.77207
11.54,0,14.8883,2.77434
11.55,0,14.8913,2.77666
11.56,0,14.8943,2.77904
11.57,0,14.8973,2.78149
11.58,0,14.9003,2.784
11.59,0,14.9032,2.7866
11.6,0,14.9062,2.78927
11.61,0,14.9091,2.79201
11.62,0,14.9119,2.79483
11.63,0,14.9148,2.79772
11.64,0,14.9176,2.80068
11.65,0,14.9204,2.80371
11.66,0,14.9232,2.80683
11.67,0,14.9259,2.81
11.68,0,14.9287,2.81325
11.69,0,14.9315,2.81656
11.7,0,14.9342,2.81994
11.71,0,14.9369,2.82337
11.72,0,14.9397,2.82684
11.73,0,14.9424,2.83036
11.74,0,14.9452,2.8339
11.75,0,14.9479,2.83748
11.76,0,14.9506,2.84107
11.77,0,14.9534,2.84468
11.78,0,14.9562,2.84829
11.79,0,14.959,2.8519
11.8,0,14.9618,2.8555
11.81,0,14.9646,2.85907
11.82,0,14.9674,2.86261
11.83,0,14.9703,2.86612
11.84,0,14.9731,2.86958
11.85,0,14.976,2.873
11.86,0,14.9789,2.87635
11.87,0,14.9818,2.87964
11.88,0,14.9847,2.88286
11.89,0,14.9876,2.88601
11.9,0,14.9905,2.88907
11.91,0,14.9934,2.89205
11.92,0,14.9963,2.89494
11.93,0,14.9992,2.89773
11.94,0,15.0021,2.90043
11.95,0,15.005,2.90302
11.96,0,15.0079,2.90551
11.97,0,15.0108,2.90789
11.98,0,15.0136,2.91016
11.99,0,15.0164,2.91232
12,0,15.0192,2.91437
12.01,0,15.022,2.91631
12.02,0,15.0247,2.91815
12.03,0,15.0274,2.91986
12.04,0,15.0301,2.92147
12.05,0,15.0327,2.92297
12.06,0,15.0353,2.92436
12.07,0,15.0378,2.92565
12.08,0,15.0403,2.92683
12.09,0,15.0427,2.92792
12.1,0,15.0451,2.9289
12.11,0,15.0473,2.92979
12.12,0,15.0496,2.93059
12.13,0,15.0517,2.9313
12.14,0,15.0538,2.93192
12.15,0,15.0559,2.93247
12.16,0,15.0578,2.93293
12.17,0,15.0597,2.93333
12.18,0,15.0615,2.93365
12.19,0,15.0632,2.93391
12.2,0,15.0648,2.9341
12.21,0,15.0664,2.93424
12.22,0,15.0679,2.93432
12.23,0,15.0693,2.93435
12.24,0,15.0706,2.93433
12.25,0,15.0718,2.93426
12.26,0,15.0729,2.93416
12.27,0,15.0739,2.93401
12.28,0,15.0749,2.93383
12.29,0,15.0757,2.93362
12.3,0,15.0765,2.93337
12.31,0,15.0772,2.9331
12.32,0,15.0778,2.93279
12.33,0,15.0784,2.93246
12.34,0,15.0788,2.9321
12.35,0,15.0792,2.93172
12.36,0,15.0795,2.93132
12.37,0,15.0797,2.9309
12.38,0,15.0798,2.93046
12.39,0,15.0799,2.92999
12.4,0,15.0799,2.92951
12.41,0,15.0799,2.92901
12.42,0,15.0798,2.92848
12.43,0,15.0797,2.92794
12.44,0,15.0795,2.92739
12.45,0,15.0793,2.92681
12.46,0,15.0791,2.92621
12.47,0,15.0788,2.9256
12.48,0,15.0785,2.92497
12.49,0,15.0782,2.92433
12.5,0,15.0779,2.92367
12.51,0,15.0776,2.92299
12.52,0,15.0773,2.92231
12.53,0,15.077,2.92161
12.54,0,15.0766,2.9209
12.55,0,15.0763,2.92018
12.56,0,15.0761,2.91945
12.57,0,15.0758,2.91872
12.58,0,15.0755,2.91798
12.59,0,15.0753,2.91723
12.6,0,15.0751,2.91648
12.61,0,15.075,2.91574
12.62,0,15.0749,2.91499
12.63,0,15.0748,2.91426
12.64,0,15.0747,2.91353
12.65,0,15.0747,2.91281
12.66,0,15.0748,2.9121
12.67,0,15.0748,2.91141
12.68,0,15.075,2.91073
12.69,0,15.0751,2.91007
12.7,0,15.0753,2.90943
12.71,0,15.0756,2.90881
12.72,0,15.0759,2.90821
12.73,0,15.0762,2.90764
12.74,0,15.0766,2.90709
12.75,0,15.077,2.90657
12.76,0,15.0774,2.90606
12.77,0,15.0779,2.90559
12.78,0,15.0784,2.90514
12.79,0,15.0789,2.90471
12.8,0,15.0794,2.90431
12.81,0,15.08,2.90393
12.82,0,15.0806,2.90357
12.83,0,15.0811,2.90323
12.84,0,15.0817,2.90292
12.85,0,15.0823,2.90263
12.86,0,15.0829,2.90235
12.87,0,15.0835,2.9021
12.88,0,15.0841,2.90187
12.89,0,15.0847,2.90165
12.9,0,15.0852,2.90144
12.91,0,15.0858,2.90126
12.92,0,15.0863,2.90109
12.93,0,15.0868,2.90093
12.94,0,15.0873,2.90079
12.95,0,15.0878,2.90066
12.96,0,15.0882,2.90055
12.97,0,15.0886,2.90045
12.98,0,15.089,2.90037
12.99,0,15.0893,2.9003
13,0,15.0896,2.90024
13.01,0,15.0899,2.90019
13.02,0,15.0901,2.90015
13.03,0,15.0903,2.90012
13.04,0,15.0904,2.90011
13.05,0,15.0905,2.9001
13.06,0,15.0905,2.9001
13.07,0,15.0905,2.90011
13.08,0,15.0905,2.90013
13.09,0,15.0904,2.90015
13.1,0,15.0903,2.90018
13.11,0,15.0901,2.90021
13.12,0,15.0899,2.90024
13.13,0,15.0897,2.90027
13.14,0,15.0894,2.9003
13.15,0,15.0891,2.90033
13.16,0,15.0887,2.90035
13.17,0,15.0883,2.90037
13.18,0,15.0878,2.90038
13.19,0,15.0874,2.90038
13.2,0,15.0869,2.90036
13.21,0,15.0863,2.90034
13.22,0,15.0857,2.90031
13.23,0,15.0851,2.90026
13.24,0,15.0845,2.9002
13.25,0,15.0838,2.90012
13.26,0,15.0831,2.90002
13.27,0,15.0824,2.89991
13.28,0,15.0817,2.89978
13.29,0,15.0809,2.89963
13.3,0,15.0801,2.89947
13.31,0,15.0793,2.89928
13.32,0,15.0785,2.89907
13.33,0,15.0777,2.89885
13.34,0,15.0768,2.8986
13.35,0,15.076,2.89833
13.36,0,15.0751,2.89804
13.37,0,15.0742,2.89773
13.38,0,15.0733,2.89739
13.39,0,15.0724,2.89703
13.4,0,15.0715,2.89665
13.41,0,15.0706,2.89624
13.42,0,15.0696,2.89581
13.43,0,15.0687,2.89536
13.44,0,15.0678,2.89488
13.45,0,15.0668,2.89438
13.46,0,15.0659,2.89386
13.47,0,15.065,2.89331
13.48,0,15.064,2.89274
13.49,0,15.0631,2.89215
13.5,0,15.0622,2.89155
13.51,0,15.0612,2.89092
13.52,0,15.0603,2.89027
13.53,0,15.0594,2.88961
13.54,0,15.0585,2.88893
13.55,0,15.0576,2.88824
13.56,0,15.0566,2.88753
13.57,0,15.0557,2.88682
13.58,0,15.0548,2.88609
13.59,0,15.054,2.88535
13.6,0,15.0531,2.8846
13.61,0,15.0522,2.88384
13.62,0,15.0513,2.88307
13.63,0,15.0505,2.8823
13.64,0,15.0496,2.88152
13.65,0,15.0488,2.88073
13.66,0,15.0479,2.87995
13.67,0,15.0471,2.87915
13.68,0,15.0463,2.87836
13.69,0,15.0455,2.87757
13.7,0,15.0447,2.87677
13.71,0,15.0439,2.87598
13.72,0,15.0431,2.87518
13.73,0,15.0423,2.87439
13.74,0,15.0415,2.8736
13.75,0,15.0407,2.87281
13.76,0,15.04,2.87203
13.77,0,15.0392,2.87125
13.78,0,15.0385,2.87048
13.79,0,15.0377,2.86972
13.8,0,15.037,2.86896
13.81,0,15.0363,2.86822
13.82,0,15.0355,2.86748
13.83,0,15.0348,2.86676
13.84,0,15.0341,2.86605
13.85,0,15.0334,2.86534
13.86,0,15.0327,2.86466
13.87,0,15.032,2.86398
13.88,0,15.0313,2.86332
13.89,0,15.0306,2.86267
13.9,0,15.03,2.86204
13.91,0,15.0293,2.86143
13.92,0,15.0286,2.86083
13.93,0,15.028,2.86025
13.94,0,15.0273,2.85969
13.95,0,15.0267,2.85915
13.96,0,15.026,2.85862
13.97,0,15.0254,2.85812
13.98,0,15.0248,2.85763
13.99,0,15.0241,2.85716
14,0,15.0235,2.85671
14.01,0,15.0229,2.85627
14.02,0,15.0223,2.85585
14.03,0,15.0217,2.85545
14.04,0,15.0211,2.85506
14.05,0,15.0205,2.85469
14.06,0,15.0199,2.85434
14.07,0,15.0193,2.854
14.08,0,15.0188,2.85367
14.09,0,15.0182,2.85336
14.1,0,15.0176,2.85306
14.11,0,15.0171,2.85277
14.12,0,15.0166,2.85249
14.13,0,15.016,2.85223
14.14,0,15.0155,2.85198
14.15,0,15.015,2.85173
14.16,0,15.0144,2.8515
14.17,0,15.0139,2.85128
14.18,0,15.0134,2.85107
14.19,0,15.0129,2.85087
14.2,0,15.0125,2.85067
14.21,0,15.012,2.85048
14.22,0,15.0115,2.8503
14.23,0,15.011,2.85012
14.24,0,15.0106,2.84995
14.25,0,15.0101,2.84979
14.26,0,15.0097,2.84963
14.27,0,15.0092,2.84947
14.28,0,15.0088,2.84931
14.29,0,15.0084,2.84915
14.3,0,15.0079,2.849
14.31,0,15.0075,2.84884
14.32,0,15.0071,2.84869
14.33,0,15.0067,2.84853
14.34,0,15.0063,2.84838
14.35,0,15.0059,2.84822
14.36,0,15.0054,2.84805
14.37,0,15.005,2.84788
14.38,0,15.0046,2.84771
14.39,0,15.0042,2.84753
14.4,0,15.0038,2.84734
14.41,0,15.0034,2.84715
14.42,0,15.003,2.84695
14.43,0,15.0026,2.84675
14.44,0,15.0022,2.84653
14.45,0,15.0018,2.84631
14.46,0,15.0014,2.84609
14.47,0,15.001,2.84585
14.48,0,15.0006,2.84561
14.49,0,15.0001,2.84535
14.5,0,14.9997,2.84509
14.51,0,14.9993,2.84482
14.52,0,14.9989,2.84454
14.53,0,14.9984,2.84424
14.54,0,14.998,2.84394
14.55,0,14.9976,2.84363
14.56,0,14.9971,2.84331
14.57,0,14.9967,2.84298
14.58,0,14.9962,2.84264
14.59,0,14.9958,2.84229
14.6,0,14.9953,2.84193
14.61,0,14.9949,2.84157
14.62,0,14.9944,2.84119
14.63,0,14.9939,2.8408
14.64,0,14.9934,2.8404
14.65,0,14.9929,2.84
14.66,0,14.9924,2.83958
14.67,0,14.9919,2.83916
14.68,0,14.9914,2.83873
14.69,0,14.9909,2.83829
14.7,0,14.9904,2.83785
14.71,0,14.9899,2.8374
14.72,0,14.9893,2.83694
14.73,0,14.9888,2.83647
14.74,0,14.9882,2.836
14.75,0,14.9877,2.83552
14.76,0,14.9871,2.83504
14.77,0,14.9866,2.83455
14.78,0,14.986,2.83406
14.79,0,14.9854,2.83357
14.8,0,14.9848,2.83307
14.81,0,14.9842,2.83257
14.82,0,14.9836,2.83206
14.83,0,14.983,2.83156
14.84,0,14.9824,2.83105
14.85,0,14.9818,2.83054
14.86,0,14.9812,2.83004
14.87,0,14.9805,2.82953
14.88,0,14.9799,2.82902
14.89,0,14.9793,2.82852
14.9,0,14.9786,2.82801
14.91,0,14.978,2.82751
14.92,0,14.9774,2.82701
14.93,0,14.9767,2.82651
14.94,0,14.976,2.82601
14.95,0,14.9754,2.82552
14.96,0,14.9747,2.82503
14.97,0,14.9741,2.82455
14.98,0,14.9734,2.82406
14.99,0,14.9727,2.82359
15,0,14.9721,2.82312
15.01,0,14.9714,2.82265
15.02,0,14.9707,2.82219
15.03,0,14.9701,2.82174
15.04,0,14.9694,2.82129
15.05,0,14.9687,2.82085
15.06,0,14.968,2.82041
15.07,0,14.9674,2.81999
15.08,0,14.9667,2.81956
15.09,0,14.966,2.81915
15.1,0,14.9654,2.81874
15.11,0,14.9647,2.81834
15.12,0,14.964,2.81794
15.13,0,14.9634,2.81755
15.14,0,14.9627,2.81717
15.15,0,14.962,2.8168
15.16,0,14.9614,2.81643
15.17,0,14.9607,2.81606
15.18,0,14.9601,2.8157
15.19,0,14.9594,2.81535
15.2,0,14.9588,2.81501
15.21,0,14.9581,2.81467
15.22,0,14.9575,2.81433
15.23,0,14.9568,2.814
15.24,0,14.9562,2.81368
15.25,0,14.9556,2.81336
15.26,0,14.9549,2.81305
15.27,0,14.9543,2.81274
15.28,0,14.9537,2.81244
15.29,0,14.9531,2.81214
15.3,0,14.9525,2.81185
15.31,0,14.9518,2.81156
15.32,0,14.9512,2.81127
15.33,0,14.9506,2.81099
15.34,0,14.95,2.81071
15.35,0,14.9494,2.81044
15.36,0,14.9488,2.81018
15.37,0,14.9483,2.80991
15.38,0,14.9477,2.80965
15.39,0,14.9471,2.80939
15.4,0,14.9465,2.80914
15.41,0,14.9459,2.80889
15.42,0,14.9454,2.80865
15.43,0,14.9448,2.80841
15.44,0,14.9442,2.80817
15.45,0,14.9437,2.80794
15.46,0,14.9431,2.80771
15.47,0,14.9426,2.80748
15.48,0,14.942,2.80726
15.49,0,14.9415,2.80705
15.5,0,14.9409,2.80684
15.51,0,14.9404,2.80663
15.52,0,14.9398,2.80643
15.53,0,14.9393,2.80624
15.54,0,14.9388,2.80606
15.55,0,14.9382,2.80588
15.56,0,14.9377,2.80571
15.57,0,14.9372,2.80555
15.58,0,14.9367,2.80539
15.59,0,14.9361,2.80525
15.6,0,14.9356,2.80511
15.61,0,14.9351,2.80497
15.62,0,14.9346,2.80485
15.63,0,14.9341,2.80474
15.64,0,14.9336,2.80463
15.65,0,14.9331,2.80454
15.66,0,14.9327,2.80446
15.67,0,14.9322,2.80439
15.68,0,14.9317,2.80433
15.69,0,14.9312,2.80428
15.7,0,14.9308,2.80425
15.71,0,14.9303,2.80423
15.72,0,14.9299,2.80422
15.73,0,14.9294,2.80422
15.74,0,14.929,2.80424
15.75,0,14.9286,2.80427
15.76,0,14.9282,2.80431
15.77,0,14.9278,2.80437
15.78,0,14.9273,2.80445
15.79,0,14.927,2.80454
15.8,0,14.9266,2.80465
15.81,0,14.9262,2.80478
15.82,0,14.9258,2.80492
15.83,0,14.9255,2.80508
15.84,0,14.9251,2.80526
15.85,0,14.9248,2.80545
15.86,0,14.9245,2.80566
15.87,0,14.9242,2.80589
15.88,0,14.9239,2.80613
15.89,0,14.9236,2.8064
15.9,0,14.9233,2.80668
15.91,0,14.923,2.80698
15.92,0,14.9227,2.8073
15.93,0,14.9225,2.80764
15.94,0,14.9223,2.80799
15.95,0,14.922,2.80837
15.96,0,14.9218,2.80876
15.97,0,14.9216,2.80917
15.98,0,14.9214,2.80959
15.99,0,14.9212,2.81003
16,0,14.921,2.81049
16.01,0,14.9209,2.81096
16.02,0,14.9207,2.81145
16.03,0,14.9205,2.81195
16.04,0,14.9204,2.81247
16.05,0,14.9202,2.81301
16.06,0,14.9201,2.81356
16.07,0,14.92,2.81412
16.08,0,14.9199,2.8147
16.09,0,14.9198,2.81529
16.1,0,14.9196,2.8159
16.11,0,14.9195,2.81651
16.12,0,14.9194,2.81714
16.13,0,14.9193,2.81777
16.14,0,14.9192,2.81842
16.15,0,14.9191,2.81907
16.16,0,14.9191,2.81973
16.17,0,14.919,2.82041
16.18,0,14.9189,2.82109
16.19,0,14.9188,2.82177
16.2,0,14.9187,2.82247
16.21,0,14.9186,2.82317
16.22,0,14.9185,2.82387
16.23,0,14.9185,2.82458
16.24,0,14.9184,2.82529
16.25,0,14.9183,2.826
16.26,0,14.9182,2.82672
16.27,0,14.9181,2.82743
16.28,0,14.918,2.82815
16.29,0,14.9179,2.82887
16.3,0,14.9178,2.82959
16.31,0,14.9177,2.83031
16.32,0,14.9176,2.83103
16.33,0,14.9175,2.83174
16.34,0,14.9174,2.83246
16.35,0,14.9173,2.83317
16.36,0,14.9172,2.83388
16.37,0,14.9171,2.83459
16.38,0,14.917,2.83529
16.39,0,14.9169,2.83599
16.4,0,14.9168,2.83668
16.41,0,14.9166,2.83737
16.42,0,14.9165,2.83805
16.43,0,14.9164,2.83873
16.44,0,14.9163,2.83941
16.45,0,14.9162,2.84008
16.46,0,14.9161,2.84074
16.47,0,14.9159,2.8414
16.48,0,14.9158,2.84205
16.49,0,14.9157,2.8427
16.5,0,14.9156,2.84334
16.51,0,14.9155,2.84397
16.52,0,14.9154,2.84459
16.53,0,14.9153,2.84521
16.54,0,14.9152,2.84582
16.55,0,14.9151,2.84642
16.56,0,14.915,2.84702
16.57,0,14.9149,2.84761
16.58,0,14.9148,2.8482
16.59,0,14.9147,2.84878
16.6,0,14.9147,2.84935
16.61,0,14.9146,2.84992
16.62,0,14.9145,2.85048
16.63,0,14.9145,2.85103
16.64,0,14.9144,2.85158
16.65,0,14.9144,2.85212
16.66,0,14.9143,2.85265
16.67,0,14.9143,2.85318
16.68,0,14.9143,2.8537
16.69,0,14.9142,2.85422
16.7,0,14.9142,2.85474
16.71,0,14.9142,2.85524
16.72,0,14.9142,2.85575
16.73,0,14.9142,2.85625
16.74,0,14.9142,2.85674
16.75,0,14.9143,2.85723
16.76,0,14.9143,2.85772
16.77,0,14.9143,2.8582
16.78,0,14.9144,2.85867
16.79,0,14.9144,2.85914
16.8,0,14.9145,2.85961
16.81,0,14.9145,2.86008
16.82,0,14.9146,2.86054
16.83,0,14.9147,2.86099
16.84,0,14.9148,2.86144
16.85,0,14.9149,2.86189
16.86,0,14.915,2.86234
16.87,0,14.9151,2.86278
16.88,0,14.9152,2.86322
16.89,0,14.9153,2.86365
16.9,0,14.9154,2.86408
16.91,0,14.9155,2.8645
16.92,0,14.9157,2.86493
16.93,0,14.9158,2.86535
16.94,0,14.9159,2.86576
16.95,0,14.9161,2.86617
16.96,0,14.9162,2.86658
16.97,0,14.9164,2.86698
16.98,0,14.9165,2.86738
16.99,0,14.9167,2.86778
17,0,14.9168,2.86817
17.01,0,14.917,2.86856
17.02,0,14.9172,2.86894
17.03,0,14.9173,2.86932
17.04,0,14.9175,2.86969
17.05,0,14.9177,2.87006
17.06,0,14.9178,2.87042
17.07,0,14.918,2.87078
17.08,0,14.9182,2.87114
17.09,0,14.9183,2.87149
17.1,0,14.9185,2.87183
17.11,0,14.9187,2.87217
17.12,0,14.9188,2.87251
17.13,0,14.919,2.87284
17.14,0,14.9192,2.87316
17.15,0,14.9194,2.87348
17.16,0,14.9195,2.8738
17.17,0,14.9197,2.87411
17.18,0,14.9199,2.87441
17.19,0,14.92,2.87471
17.2,0,14.9202,2.875
17.21,0,14.9204,2.87529
17.22,0,14.9205,2.87557
17.23,0,14.9207,2.87585
17.24,0,14.9208,2.87612
17.25,0,14.921,2.87639
17.26,0,14.9212,2.87665
17.27,0,14.9213,2.87691
17.28,0,14.9215,2.87716
17.29,0,14.9216,2.87741
17.3,0,14.9218,2.87765
17.31,0,14.9219,2.87789
17.32,0,14.9221,2.87813
17.33,0,14.9222,2.87836
17.34,0,14.9223,2.87858
17.35,0,14.9225,2.8788
17.36,0,14.9226,2.87902
17.37,0,14.9228,2.87923
17.38,0,14.9229,2.87944
17.39,0,14.923,2.87965
17.4,0,14.9232,2.87985
17.41,0,14.9233,2.88006
17.42,0,14.9234,2.88025
17.43,0,14.9235,2.88045
17.44,0,14.9236,2.88064
17.45,0,14.9238,2.88083
17.46,0,14.9239,2.88102
17.47,0,14.924,2.88121
17.48,0,14.9241,2.88139
17.49,0,14.9242,2.88158
17.5,0,14.9243,2.88176
17.51,0,14.9244,2.88194
17.52,0,14.9245,2.88212
17.53,0,14.9246,2.8823
17.54,0,14.9247,2.88248
17.55,0,14.9248,2.88266
17.56,0,14.9249,2.88283
17.57,0,14.9249,2.88301
17.58,0,14.925,2.88319
17.59,0,14.9251,2.88337
17.6,0,14.9252,2.88355
17.61,0,14.9252,2.88373
17.62,0,14.9253,2.88391
17.63,0,14.9254,2.88409
17.64,0,14.9254,2.88427
17.65,0,14.9255,2.88446
17.66,0,14.9255,2.88464
17.67,0,14.9256,2.88483
17.68,0,14.9256,2.88502
17.69,0,14.9257,2.88521
17.7,0,14.9257,2.8854
17.71,0,14.9258,2.88559
17.72,0,14.9258,2.88578
17.73,0,14.9259,2.88597
17.74,0,14.9259,2.88617
17.75,0,14.9259,2.88637
17.76,0,14.9259,2.88657
17.77,0,14.926,2.88676
17.78,0,14.926,2.88696
17.79,0,14.926,2.88717
17.8,0,14.926,2.88737
17.81,0,14.926,2.88757
17.82,0,14.926,2.88778
17.83,0,14.926,2.88798
17.84,0,14.9261,2.88819
17.85,0,14.9261,2.8884
17.86,0,14.9261,2.88861
17.87,0,14.9261,2.88882
17.88,0,14.9261,2.88903
17.89,0,14.926,2.88924
17.9,0,14.926,2.88945
17.91,0,14.926,2.88966
17.92,0,14.926,2.88987
17.93,0,14.926,2.89008
17.94,0,14.926,2.89029
17.95,0,14.926,2.8905
17.96,0,14.926,2.89071
17.97,0,14.9259,2.89092
17.98,0,14.9259,2.89113
17.99,0,14.9259,2.89134
18,0,14.9259,2.89155
18.01,0,14.9259,2.89176
18.02,0,14.9258,2.89197
18.03,0,14.9258,2.89217
18.04,0,14.9258,2.89238
18.05,0,14.9258,2.89258
18.06,0,14.9257,2.89279
18.07,0,14.9257,2.89299
18.08,0,14.9257,2.89319
18.09,0,14.9257,2.89339
18.1,0,14.9256,2.89358
18.11,0,14.9256,2.89378
18.12,0,14.9256,2.89397
18.13,0,14.9256,2.89417
18.14,0,14.9255,2.89436
18.15,0,14.9255,2.89455
18.16,0,14.9255,2.89473
18.17,0,14.9255,2.89492
18.18,0,14.9254,2.8951
18.19,0,14.9254,2.89529
18.2,0,14.9254,2.89547
18.21,0,14.9254,2.89565
18.22,0,14.9253,2.89582
18.23,0,14.9253,2.896
18.24,0,14.9253,2.89617
18.25,0,14.9253,2.89634
18.26,0,14.9252,2.89651
18.27,0,14.9252,2.89668
18.28,0,14.9252,2.89685
18.29,0,14.9252,2.89701
18.3,0,14.9251,2.89717
18.31,0,14.9251,2.89734
18.32,0,14.9251,2.89749
18.33,0,14.9251,2.89765
18.34,0,14.9251,2.89781
18.35,0,14.925,2.89796
18.36,0,14.925,2.89812
18.37,0,14.925,2.89827
18.38,0,14.925,2.89842
18.39,0,14.925,2.89857
18.4,0,14.9249,2.89872
18.41,0,14.9249,2.89886
18.42,0,14.9249,2.89901
18.43,0,14.9249,2.89915
18.44,0,14.9249,2.89929
18.45,0,14.9248,2.89944
18.46,0,14.9248,2.89958
18.47,0,14.9248,2.89972
18.48,0,14.9248,2.89985
18.49,0,14.9248,2.89999
18.5,0,14.9247,2.90013
18.51,0,14.9247,2.90026
18.52,0,14.9247,2.9004
18.53,0,14.9247,2.90053
18.54,0,14.9247,2.90067
18.55,0,14.9246,2.9008
18.56,0,14.9246,2.90093
18.57,0,14.9246,2.90106
18.58,0,14.9246,2.90119
18.59,0,14.9245,2.90132
18.6,0,14.9245,2.90145
18.61,0,14.9245,2.90158
18.62,0,14.9245,2.90171
18.63,0,14.9245,2.90184
18.64,0,14.9244,2.90196
18.65,0,14.9244,2.90209
18.66,0,14.9244,2.90222
18.67,0,14.9244,2.90234
18.68,0,14.9243,2.90247
18.69,0,14.9243,2.9026
18.7,0,14.9243,2.90272
18.71,0,14.9243,2.90285
18.72,0,14.9242,2.90297
18.73,0,14.9242,2.9031
18.74,0,14.9242,2.90322
18.75,0,14.9242,2.90334
18.76,0,14.9241,2.90347
18.77,0,14.9241,2.90359
18.78,0,14.9241,2.90371
18.79,0,14.9241,2.90384
18.8,0,14.924,2.90396
18.81,0,14.924,2.90408
18.82,0,14.924,2.90421
18.83,0,14.924,2.90433
18.84,0,14.9239,2.90445
18.85,0,14.9239,2.90457
18.86,0,14.9239,2.9047
18.87,0,14.9238,2.90482
18.88,0,14.9238,2.90494
18.89,0,14.9238,2.90506
18.9,0,14.9238,2.90518
18.91,0,14.9237,2.90531
18.92,0,14.9237,2.90543
18.93,0,14.9237,2.90555
18.94,0,14.9237,2.90567
18.95,0,14.9236,2.9058
18.96,0,14.9236,2.90592
18.97,0,14.9236,2.90604
18.98,0,14.9235,2.90616
18.99,0,14.9235,2.90628
19,0,14.9235,2.90641
19.01,0,14.9235,2.90653
19.02,0,14.9234,2.90665
19.03,0,14.9234,2.90677
19.04,0,14.9234,2.9069
19.05,0,14.9234,2.90702
19.06,0,14.9233,2.90714
19.07,0,14.9233,2.90727
19.08,0,14.9233,2.90739
19.09,0,14.9232,2.90752
19.1,0,14.9232,2.90764
19.11,0,14.9232,2.90777
19.12,0,14.9232,2.90789
19.13,0,14.9231,2.90802
19.14,0,14.9231,2.90814
19.15,0,14.9231,2.90827
19.16,0,14.923,2.9084
19.17,0,14.923,2.90852
19.18,0,14.923,2.90865
19.19,0,14.923,2.90878
19.2,0,14.9229,2.9089
19.21,0,14.9229,2.90903
19.22,0,14.9229,2.90916
19.23,0,14.9229,2.90929
19.24,0,14.9228,2.90942
19.25,0,14.9228,2.90955
19.26,0,14.9228,2.90967
19.27,0,14.9227,2.9098
19.28,0,14.9227,2.90993
19.29,0,14.9227,2.91006
19.3,0,14.9227,2.91019
19.31,0,14.9226,2.91032
19.32,0,14.9226,2.91045
19.33,0,14.9226,2.91059
19.34,0,14.9225,2.91072
19.35,0,14.9225,2.91085
19.36,0,14.9225,2.91098
19.37,0,14.9225,2.91111
19.38,0,14.9224,2.91124
19.39,0,14.9224,2.91137
19.4,0,14.9224,2.9115
19.41,0,14.9224,2.91163
19.42,0,14.9223,2.91177
19.43,0,14.9223,2.9119
19.44,0,14.9223,2.91203
19.45,0,14.9222,2.91216
19.46,0,14.9222,2.91229
19.47,0,14.9222,2.91242
19.48,0,14.9222,2.91255
19.49,0,14.9221,2.91268
19.5,0,14.9221,2.91281
19.51,0,14.9221,2.91294
19.52,0,14.9221,2.91307
19.53,0,14.922,2.9132
19.54,0,14.922,2.91333
19.55,0,14.922,2.91346
19.56,0,14.922,2.91359
19.57,0,14.9219,2.91372
19.58,0,14.9219,2.91385
19.59,0,14.9219,2.91398
19.6,0,14.9219,2.91411
19.61,0,14.9218,2.91423
19.62,0,14.9218,2.91436
19.63,0,14.9218,2.91449
19.64,0,14.9218,2.91462
19.65,0,14.9218,2.91474
19.66,0,14.9217,2.91487
19.67,0,14.9217,2.915
19.68,0,14.9217,2.91512
19.69,0,14.9217,2.91525
19.7,0,14.9217,2.91537
19.71,0,14.9216,2.9155
19.72,0,14.9216,2.91562
19.73,0,14.9216,2.91575
19.74,0,14.9216,2.91587
19.75,0,14.9216,2.916
19.76,0,14.9215,2.91612
19.77,0,14.9215,2.91624
19.78,0,14.9215,2.91637
19.79,0,14.9215,2.91649
19.8,0,14.9215,2.91662
19.81,0,14.9215,2.91674
19.82,0,14.9214,2.91686
19.83,0,14.9214,2.91699
19.84,0,14.9214,2.91711
19.85,0,14.9214,2.91723
19.86,0,14.9214,2.91735
19.87,0,14.9214,2.91748
19.88,0,14.9214,2.9176
19.89,0,14.9214,2.91772
19.9,0,14.9213,2.91785
19.91,0,14.9213,2.91797
19.92,0,14.9213,2.91809
19.93,0,14.9213,2.91821
19.94,0,14.9213,2.91834
19.95,0,14.9213,2.91846
19.96,0,14.9213,2.91858
19.97,0,14.9213,2.91871
19.98,0,14.9213,2.91883
19.99,0,14.9213,2.91895
0,1,1.86399,1.15027
0.01,1,1.86453,1.15029
0.02,1,1.86534,1.15033
0.03,1,1.8664,1.15038
0.04,1,1.86772,1.15045
0.05,1,1.86928,1.15053
0.06,1,1.87109,1.15061
0.07,1,1.87313,1.15071
0.08,1,1.87541,1.15082
0.09,1,1.87792,1.15094
0.1,1,1.88066,1.15107
0.11,1,1.88362,1.15121
0.12,1,1.88679,1.15135
0.13,1,1.89019,1.15151
0.14,1,1.89379,1.15167
0.15,1,1.8976,1.15184
0.16,1,1.90161,1.15201
0.17,1,1.90583,1.15219
0.18,1,1.91024,1.15238
0.19,1,1.91485,1.15257
0.2,1,1.91965,1.15276
0.21,1,1.92465,1.15295
0.22,1,1.92983,1.15314
0.23,1,1.9352,1.15333
0.24,1,1.94075,1.15352
0.25,1,1.94649,1.15371
0.26,1,1.9524,1.15389
0.27,1,1.95849,1.15407
0.28,1,1.96476,1.15425
0.29,1,1.9712,1.15441
0.3,1,1.97781,1.15457
0.31,1,1.9846,1.15472
0.32,1,1.99156,1.15486
0.33,1,1.99868,1.15498
0.34,1,2.00598,1.15509
0.35,1,2.01344,1.15518
0.36,1,2.02107,1.15526
0.37,1,2.02886,1.15531
0.38,1,2.03682,1.15535
0.39,1,2.04494,1.15536
0.4,1,2.05321,1.15535
0.41,1,2.06165,1.15533
0.42,1,2.07024,1.15527
0.43,1,2.07898,1.15519
0.44,1,2.08788,1.15509
0.45,1,2.09693,1.15495
0.46,1,2.10613,1.15479
0.47,1,2.11548,1.15461
0.48,1,2.12497,1.15439
0.49,1,2.13461,1.15414
0.5,1,2.14439,1.15386
0.51,1,2.1543,1.15356
0.52,1,2.16436,1.15322
0.53,1,2.17454,1.15286
0.54,1,2.18486,1.15246
0.55,1,2.1953,1.15203
0.56,1,2.20587,1.15158
0.57,1,2.21656,1.1511
0.58,1,2.22736,1.1506
0.59,1,2.23828,1.15007
0.6,1,2.24931,1.14951
0.61,1,2.26046,1.14892
0.62,1,2.27172,1.1483
0.63,1,2.28308,1.14766
0.64,1,2.29454,1.147
0.65,1,2.3061,1.14631
0.66,1,2.31775,1.1456
0.67,1,2.3295,1.14488
0.68,1,2.34133,1.14413
0.69,1,2.35325,1.14336
0.7,1,2.36524,1.14259
0.71,1,2.37731,1.1418
0.72,1,2.38945,1.141
0.73,1,2.40167,1.14019
0.74,1,2.41395,1.13937
0.75,1,2.4263,1.13855
0.76,1,2.43871,1.13771
0.77,1,2.45118,1.13687
0.78,1,2.4637,1.13602
0.79,1,2.47628,1.13518
0.8,1,2.48891,1.13433
0.81,1,2.50159,1.13348
0.82,1,2.51431,1.13263
0.83,1,2.52708,1.13179
0.84,1,2.53989,1.13094
0.85,1,2.55274,1.1301
0.86,1,2.56563,1.12927
0.87,1,2.57855,1.12844
0.88,1,2.59151,1.12761
0.89,1,2.6045,1.1268
0.9,1,2.61752,1.12599
0.91,1,2.63057,1.12519
0.92,1,2.64365,1.12439
0.93,1,2.65675,1.12361
0.94,1,2.66988,1.12284
0.95,1,2.68304,1.12207
0.96,1,2.69622,1.12132
0.97,1,2.70942,1.12058
0.98,1,2.72264,1.11985
0.99,1,2.73588,1.11913
1,1,2.74914,1.11842
1.01,1,2.76241,1.11773
1.02,1,2.7757,1.11705
1.03,1,2.78901,1.11638
1.04,1,2.80233,1.11573
1.05,1,2.81566,1.11509
1.06,1,2.82901,1.11447
1.07,1,2.84237,1.11385
1.08,1,2.85574,1.11326
1.09,1,2.86912,1.11268
1.1,1,2.88251,1.11211
1.11,1,2.89591,1.11156
1.12,1,2.90932,1.11102
1.13,1,2.92274,1.11049
1.14,1,2.93617,1.10999
1.15,1,2.9496,1.10949
1.16,1,2.96304,1.10902
1.17,1,2.97649,1.10855
1.18,1,2.98994,1.10811
1.19,1,3.0034,1.10768
1.2,1,3.01686,1.10726
1.21,1,3.03033,1.10686
1.22,1,3.04381,1.10647
1.23,1,3.05728,1.1061
1.24,1,3.07076,1.10574
1.25,1,3.08425,1.1054
1.26,1,3.09774,1.10507
1.27,1,3.11123,1.10476
1.28,1,3.12472,1.10446
1.29,1,3.13822,1.10418
1.3,1,3.15172,1.10391
1.31,1,3.16522,1.10366
1.32,1,3.17873,1.10342
1.33,1,3.19223,1.10319
1.34,1,3.20574,1.10298
1.35,1,3.21925,1.10278
1.36,1,3.23276,1.10259
1.37,1,3.24628,1.10242
1.38,1,3.25979,1.10226
1.39,1,3.2733,1.10212
1.4,1,3.28682,1.10198
1.41,1,3.30034,1.10187
1.42,1,3.31385,1.10176
1.43,1,3.32737,1.10167
1.44,1,3.34089,1.10159
1.45,1,3.35441,1.10152
1.46,1,3.36793,1.10146
1.47,1,3.38145,1.10142
1.48,1,3.39496,1.10139
1.49,1,3.40848,1.10137
1.5,1,3.422,1.10136
1.51,1,3.43552,1.10136
1.52,1,3.44904,1.10138
1.53,1,3.46256,1.10141
1.54,1,3.47608,1.10144
1.55,1,3.4896,1.10149
1.56,1,3.50311,1.10155
1.57,1,3.51663,1.10162
1.58,1,3.53015,1.1017
1.59,1,3.54366,1.1018
1.6,1,3.55718,1.1019
1.61,1,3.57069,1.10201
1.62,1,3.58421,1.10213
1.63,1,3.59772,1.10227
1.64,1,3.61123,1.10241
1.65,1,3.62474,1.10256
1.66,1,3.63825,1.10272
1.67,1,3.65176,1.10289
1.68,1,3.66527,1.10308
1.69,1,3.67878,1.10326
1.7,1,3.69229,1.10346
1.71,1,3.7058,1.10367
1.72,1,3.7193,1.10389
1.73,1,3.73281,1.10411
1.74,1,3.74631,1.10434
1.75,1,3.75981,1.10458
1.76,1,3.77332,1.10483
1.77,1,3.78682,1.10509
1.78,1,3.80032,1.10535
1.79,1,3.81382,1.10563
1.8,1,3.82732,1.10591
1.81,1,3.84082,1.10619
1.82,1,3.85432,1.10649
1.83,1,3.86782,1.10679
1.84,1,3.88131,1.1071
1.85,1,3.89481,1.10741
1.86,1,3.9083,1.10774
1.87,1,3.9218,1.10807
1.88,1,3.93529,1.1084
1.89,1,3.94878,1.10874
1.9,1,3.96228,1.10909
1.91,1,3.97577,1.10945
1.92,1,3.98926,1.10981
1.93,1,4.00275,1.11018
1.94,1,4.01624,1.11055
1.95,1,4.02973,1.11093
1.96,1,4.04322,1.11131
1.97,1,4.0567,1.1117
1.98,1,4.07019,1.1121
1.99,1,4.08368,1.1125
2,1,4.09716,1.11291
2.01,1,4.11065,1.11332
2.02,1,4.12413,1.11373
2.03,1,4.13761,1.11415
2.04,1,4.1511,1.11458
2.05,1,4.16458,1.11501
2.06,1,4.17806,1.11545
2.07,1,4.19154,1.11589
2.08,1,4.20502,1.11633
2.09,1,4.2185,1.11678
2.1,1,4.23198,1.11723
2.11,1,4.24546,1.11769
2.12,1,4.25894,1.11815
2.13,1,4.27242,1.11861
2.14,1,4.28589,1.11908
2.15,1,4.29937,1.11955
2.16,1,4.31285,1.12003
2.17,1,4.32632,1.12051
2.18,1,4.3398,1.12099
2.19,1,4.35327,1.12148
2.2,1,4.36675,1.12197
2.21,1,4.38022,1.12246
2.22,1,4.39369,1.12296
2.23,1,4.40717,1.12346
2.24,1,4.42064,1.12396
2.25,1,4.43411,1.12446
2.26,1,4.44759,1.12497
2.27,1,4.46106,1.12548
2.28,1,4.47453,1.12599
2.29,1,4.48801,1.12651
2.3,1,4.50148,1.12703
2.31,1,4.51495,1.12755
2.32,1,4.52842,1.12807
2.33,1,4.54189,1.12859
2.34,1,4.55536,1.12912
2.35,1,4.56883,1.12965
2.36,1,4.58231,1.13018
2.37,1,4.59578,1.13071
2.38,1,4.60925,1.13125
2.39,1,4.62272,1.13178
2.4,1,4.63619,1.13232
2.41,1,4.64966,1.13286
2.42,1,4.66314,1.1334
2.43,1,4.67661,1.13394
2.44,1,4.69008,1.13448
2.45,1,4.70355,1.13502
2.46,1,4.71702,1.13557
2.47,1,4.7305,1.13612
2.48,1,4.74397,1.13666
2.49,1,4.75744,1.13721
2.5,1,4.77091,1.13776
2.51,1,4.78438,1.13831
2.52,1,4.79786,1.13887
2.53,1,4.81133,1.13942
2.54,1,4.8248,1.13997
2.55,1,4.83827,1.14053
2.56,1,4.85174,1.14109
2.57,1,4.86521,1.14164
2.58,1,4.87869,1.1422
2.59,1,4.89216,1.14276
2.6,1,4.90563,1.14331
2.61,1,4.91911,1.14387
2.62,1,4.93258,1.14443
2.63,1,4.94606,1.14499
2.64,1,4.95953,1.14555
2.65,1,4.97301,1.14611
2.66,1,4.98648,1.14666
2.67,1,4.99996,1.14722
2.68,1,5.01343,1.14778
2.69,1,5.02691,1.14834
2.7,1,5.04038,1.1489
2.71,1,5.05386,1.14946
2.72,1,5.06734,1.15002
2.73,1,5.08081,1.15058
2.74,1,5.09429,1.15114
2.75,1,5.10777,1.15169
2.76,1,5.12125,1.15225
2.77,1,5.13473,1.15281
2.78,1,5.14821,1.15336
2.79,1,5.16169,1.15392
2.8,1,5.17517,1.15447
2.81,1,5.18866,1.15502
2.82,1,5.20214,1.15558
2.83,1,5.21562,1.15613
2.84,1,5.2291,1.15668
2.85,1,5.24259,1.15723
2.86,1,5.25607,1.15778
2.87,1,5.26956,1.15833
2.88,1,5.28305,1.15887
2.89,1,5.29654,1.15942
2.9,1,5.31003,1.15996
2.91,1,5.32352,1.16051
2.92,1,5.337,1.16105
2.93,1,5.35049,1.16159
2.94,1,5.36398,1.16213
2.95,1,5.37748,1.16267
2.96,1,5.39097,1.16321
2.97,1,5.40446,1.16375
2.98,1,5.41796,1.16428
2.99,1,5.43145,1.16482
3,1,5.44495,1.16535
3.01,1,5.45844,1.16588
3.02,1,5.47194,1.16641
3.03,1,5.48544,1.16693
3.04,1,5.49893,1.16746
3.05,1,5.51243,1.16799
3.06,1,5.52593,1.16851
3.07,1,5.53943,1.16903
3.08,1,5.55294,1.16955
3.09,1,5.56644,1.17007
3.1,1,5.57994,1.17058
3.11,1,5.59345,1.1711
3.12,1,5.60695,1.17161
3.13,1,5.62046,1.17212
3.14,1,5.63396,1.17263
3.15,1,5.64747,1.17313
3.16,1,5.66098,1.17364
3.17,1,5.67449,1.17414
3.18,1,5.688,1.17464
3.19,1,5.70151,1.17513
3.2,1,5.71502,1.17563
3.21,1,5.72854,1.17612
3.22,1,5.74205,1.17661
3.23,1,5.75557,1.1771
3.24,1,5.76908,1.17758
3.25,1,5.7826,1.17806
3.26,1,5.79612,1.17854
3.27,1,5.80964,1.17902
3.28,1,5.82316,1.1795
3.29,1,5.83668,1.17997
3.3,1,5.8502,1.18044
3.31,1,5.86373,1.18091
3.32,1,5.87725,1.18137
3.33,1,5.89077,1.18184
3.34,1,5.9043,1.1823
3.35,1,5.91782,1.18275
3.36,1,5.93135,1.18321
3.37,1,5.94487,1.18366
3.38,1,5.9584,1.18411
3.39,1,5.97193,1.18456
3.4,1,5.98546,1.185
3.41,1,5.99899,1.18544
3.42,1,6.01252,1.18588
3.43,1,6.02606,1.18632
3.44,1,6.03959,1.18675
3.45,1,6.05312,1.18718
3.46,1,6.06666,1.1876
3.47,1,6.0802,1.18803
3.48,1,6.09374,1.18845
3.49,1,6.10728,1.18887
3.5,1,6.12082,1.18928
3.51,1,6.13436,1.18969
3.52,1,6.1479,1.1901
3.53,1,6.16144,1.19051
3.54,1,6.17498,1.19091
3.55,1,6.18852,1.19131
3.56,1,6.20207,1.19171
3.57,1,6.21561,1.19211
3.58,1,6.22916,1.1925
3.59,1,6.2427,1.19289
3.6,1,6.25625,1.19328
3.61,1,6.26979,1.19366
3.62,1,6.28334,1.19405
3.63,1,6.29689,1.19442
3.64,1,6.31043,1.1948
3.65,1,6.32398,1.19517
3.66,1,6.33753,1.19554
3.67,1,6.35108,1.19591
3.68,1,6.36463,1.19627
3.69,1,6.37818,1.19663
3.7,1,6.39173,1.19699
3.71,1,6.40529,1.19734
3.72,1,6.41884,1.1977
3.73,1,6.43239,1.19805
3.74,1,6.44595,1.19839
3.75,1,6.4595,1.19874
3.76,1,6.47306,1.19908
3.77,1,6.48661,1.19941
3.78,1,6.50017,1.19975
3.79,1,6.51372,1.20008
3.8,1,6.52728,1.20041
3.81,1,6.54084,1.20073
3.82,1,6.5544,1.20105
3.83,1,6.56796,1.20137
3.84,1,6.58152,1.20169
3.85,1,6.59508,1.202
3.86,1,6.60865,1.20231
3.87,1,6.62221,1.20261
3.88,1,6.63578,1.20292
3.89,1,6.64934,1.20322
3.9,1,6.6629,1.20351
3.91,1,6.67647,1.20381
3.92,1,6.69004,1.2041
3.93,1,6.7036,1.20438
3.94,1,6.71717,1.20467
3.95,1,6.73074,1.20495
3.96,1,6.74431,1.20523
3.97,1,6.75788,1.2055
3.98,1,6.77145,1.20577
3.99,1,6.78502,1.20604
4,1,6.79859,1.20631
4.01,1,6.81216,1.20658
4.02,1,6.82573,1.20684
4.03,1,6.8393,1.20709
4.04,1,6.85288,1.20735
4.05,1,6.86645,1.2076
4.06,1,6.88002,1.20785
4.07,1,6.89359,1.2081
4.08,1,6.90717,1.20834
4.09,1,6.92074,1.20859
4.1,1,6.93431,1.20883
4.11,1,6.94789,1.20906
4.12,1,6.96146,1.2093
4.13,1,6.97504,1.20952
4.14,1,6.98862,1.20975
4.15,1,7.0022,1.20998
4.16,1,7.01577,1.2102
4.17,1,7.02935,1.21042
4.18,1,7.04293,1.21063
4.19,1,7.05651,1.21084
4.2,1,7.07009,1.21106
4.21,1,7.08367,1.21127
4.22,1,7.09724,1.21147
4.23,1,7.11082,1.21168
4.24,1,7.1244,1.21188
4.25,1,7.13798,1.21208
4.26,1,7.15156,1.21228
4.27,1,7.16514,1.21247
4.28,1,7.17872,1.21266
4.29,1,7.1923,1.21285
4.3,1,7.20588,1.21304
4.31,1,7.21946,1.21323
4.32,1,7.23304,1.21341
4.33,1,7.24662,1.21359
4.34,1,7.2602,1.21377
4.35,1,7.27378,1.21395
4.36,1,7.28737,1.21412
4.37,1,7.30095,1.21429
4.38,1,7.31453,1.21446
4.39,1,7.32811,1.21463
4.4,1,7.3417,1.21479
4.41,1,7.35528,1.21496
4.42,1,7.36887,1.21512
4.43,1,7.38245,1.21528
4.44,1,7.39603,1.21543
4.45,1,7.40962,1.21559
4.46,1,7.4232,1.21575
4.47,1,7.43678,1.2159
4.48,1,7.45037,1.21605
4.49,1,7.46395,1.2162
4.5,1,7.47754,1.21635
4.51,1,7.49112,1.2165
4.52,1,7.5047,1.21665
4.53,1,7.51829,1.21679
4.54,1,7.53187,1.21694
4.55,1,7.54546,1.21708
4.56,1,7.55904,1.21722
4.57,1,7.57262,1.21736
4.58,1,7.58621,1.2175
4.59,1,7.59979,1.21764
4.6,1,7.61337,1.21777
4.61,1,7.62695,1.21791
4.62,1,7.64054,1.21804
4.63,1,7.65412,1.21818
4.64,1,7.66771,1.21831
4.65,1,7.68129,1.21844
4.66,1,7.69488,1.21857
4.67,1,7.70846,1.2187
4.68,1,7.72204,1.21883
4.69,1,7.73563,1.21896
4.7,1,7.74921,1.21909
4.71,1,7.76279,1.21922
4.72,1,7.77637,1.21935
4.73,1,7.78995,1.21948
4.74,1,7.80353,1.2196
4.75,1,7.81711,1.21973
4.76,1,7.83069,1.21986
4.77,1,7.84427,1.21998
4.78,1,7.85785,1.22011
4.79,1,7.87143,1.22024
4.8,1,7.885,1.22036
4.81,1,7.89858,1.22049
4.82,1,7.91216,1.22061
4.83,1,7.92574,1.22073
4.84,1,7.93932,1.22086
4.85,1,7.9529,1.22098
4.86,1,7.96648,1.2211
4.87,1,7.98006,1.22122
4.88,1,7.99364,1.22134
4.89,1,8.00722,1.22146
4.9,1,8.0208,1.22158
4.91,1,8.03438,1.2217
4.92,1,8.04796,1.22182
4.93,1,8.06154,1.22194
4.94,1,8.07512,1.22206
4.95,1,8.0887,1.22218
4.96,1,8.10228,1.2223
4.97,1,8.11586,1.22241
4.98,1,8.12944,1.22253
4.99,1,8.14302,1.22265
5,1,8.1566,1.22277
5.01,1,8.17018,1.22288
5.02,1,8.18376,1.223
5.03,1,8.19734,1.22311
5.04,1,8.21091,1.22323
5.05,1,8.22449,1.22335
5.06,1,8.23807,1.22347
5.07,1,8.25165,1.22359
5.08,1,8.26523,1.2237
5.09,1,8.27881,1.22383
5.1,1,8.29238,1.22395
5.11,1,8.30596,1.22407
5.12,1,8.31954,1.22419
5.13,1,8.33311,1.22431
5.14,1,8.34669,1.22444
5.15,1,8.36027,1.22456
5.16,1,8.37384,1.22468
5.17,1,8.38742,1.22481
5.18,1,8.40099,1.22494
5.19,1,8.41457,1.22506
5.2,1,8.42814,1.22519
5.21,1,8.44171,1.22532
5.22,1,8.45529,1.22545
5.23,1,8.46886,1.22558
5.24,1,8.48243,1.22572
5.25,1,8.49601,1.22585
5.26,1,8.50958,1.22599
5.27,1,8.52315,1.22612
5.28,1,8.53673,1.22626
5.29,1,8.5503,1.2264
5.3,1,8.56388,1.22653
5.31,1,8.57745,1.22667
5.32,1,8.59103,1.22681
5.33,1,8.60461,1.22695
5.34,1,8.61818,1.2271
5.35,1,8.63176,1.22724
5.36,1,8.64533,1.22739
5.37,1,8.65891,1.22753
5.38,1,8.67248,1.22768
5.39,1,8.68606,1.22783
5.4,1,8.69964,1.22798
5.41,1,8.71322,1.22812
5.42,1,8.7268,1.22827
5.43,1,8.74038,1.22843
5.44,1,8.75396,1.22858
5.45,1,8.76754,1.22873
5.46,1,8.78112,1.22889
5.47,1,8.79471,1.22904
5.48,1,8.80829,1.2292
5.49,1,8.82187,1.22936
5.5,1,8.83545,1.22952
5.51,1,8.84903,1.22968
5.52,1,8.86261,1.22985
5.53,1,8.87619,1.23002
5.54,1,8.88977,1.23019
5.55,1,8.90335,1.23036
5.56,1,8.91693,1.23054
5.57,1,8.93051,1.23072
5.58,1,8.94409,1.2309
5.59,1,8.95768,1.23108
5.6,1,8.97126,1.23126
5.61,1,8.98485,1.23144
5.62,1,8.99843,1.23163
5.63,1,9.01201,1.23182
5.64,1,9.0256,1.23201
5.65,1,9.03918,1.2322
5.66,1,9.05277,1.2324
5.67,1,9.06635,1.2326
5.68,1,9.07994,1.2328
5.69,1,9.09353,1.233
5.7,1,9.10711,1.2332
5.71,1,9.1207,1.23341
5.72,1,9.13429,1.23362
5.73,1,9.14787,1.23383
5.74,1,9.16146,1.23405
5.75,1,9.17504,1.23426
5.76,1,9.18862,1.23448
5.77,1,9.2022,1.2347
5.78,1,9.21578,1.23492
5.79,1,9.22936,1.23515
5.8,1,9.24294,1.23537
5.81,1,9.25652,1.2356
5.82,1,9.27011,1.23583
5.83,1,9.28369,1.23606
5.84,1,9.29727,1.23629
5.85,1,9.31086,1.23653
5.86,1,9.32444,1.23676
5.87,1,9.33802,1.23701
5.88,1,9.35161,1.23725
5.89,1,9.36519,1.2375
5.9,1,9.37877,1.23775
5.91,1,9.39236,1.238
5.92,1,9.40594,1.23826
5.93,1,9.41952,1.23852
5.94,1,9.43311,1.23878
5.95,1,9.44669,1.23904
5.96,1,9.46028,1.23931
5.97,1,9.47386,1.23958
5.98,1,9.48745,1.23985
5.99,1,9.50104,1.24013
6,1,9.51462,1.24041
6.01,1,9.5282,1.24069
6.02,1,9.54179,1.24098
6.03,1,9.55537,1.24126
6.04,1,9.56896,1.24156
6.05,1,9.58254,1.24185
6.06,1,9.59612,1.24215
6.07,1,9.60969,1.24245
6.08,1,9.62327,1.24276
6.09,1,9.63685,1.24306
6.1,1,9.65043,1.24337
6.11,1,9.66402,1.24368
6.12,1,9.67759,1.244
6.13,1,9.69117,1.24432
6.14,1,9.70475,1.24464
6.15,1,9.71833,1.24496
6.16,1,9.7319,1.24529
6.17,1,9.74548,1.24562
6.18,1,9.75905,1.24596
6.19,1,9.77263,1.24629
6.2,1,9.7862,1.24663
6.21,1,9.79978,1.24697
6.22,1,9.81336,1.24732
6.23,1,9.82693,1.24767
6.24,1,9.84051,1.24802
6.25,1,9.85408,1.24838
6.26,1,9.86765,1.24873
6.27,1,9.88123,1.2491
6.28,1,9.8948,1.24946
6.29,1,9.90837,1.24984
6.3,1,9.92194,1.25021
6.31,1,9.93551,1.25059
6.32,1,9.94908,1.25096
6.33,1,9.96265,1.25135
6.34,1,9.97622,1.25173
6.35,1,9.98978,1.25213
6.36,1,10.0034,1.25252
6.37,1,10.0169,1.25292
6.38,1,10.0305,1.25332
6.39,1,10.0441,1.25372
6.4,1,10.0576,1.25413
6.41,1,10.0712,1.25454
6.42,1,10.0848,1.25496
6.43,1,10.0983,1.25538
6.44,1,10.1119,1.25581
6.45,1,10.1255,1.25624
6.46,1,10.139,1.25667
6.47,1,10.1526,1.25711
6.48,1,10.1662,1.25755
6.49,1,10.1797,1.25799
6.5,1,10.1933,1.25844
6.51,1,10.2069,1.25889
6.52,1,10.2204,1.25935
6.53,1,10.234,1.25981
6.54,1,10.2475,1.26027
6.55,1,10.2611,1.26074
6.56,1,10.2747,1.26122
6.57,1,10.2882,1.2617
6.58,1,10.3018,1.26218
6.59,1,10.3153,1.26267
6.6,1,10.3289,1.26316
6.61,1,10.3425,1.26366
6.62,1,10.356,1.26416
6.63,1,10.3696,1.26467
6.64,1,10.3831,1.26518
6.65,1,10.3967,1.26569
6.66,1,10.4103,1.26621
6.67,1,10.4238,1.26673
6.68,1,10.4374,1.26726
6.69,1,10.4509,1.26779
6.7,1,10.4645,1.26832
6.71,1,10.4781,1.26886
6.72,1,10.4916,1.2694
6.73,1,10.5052,1.26995
6.74,1,10.5187,1.2705
6.75,1,10.5323,1.27106
6.76,1,10.5458,1.27162
6.77,1,10.5594,1.27219
6.78,1,10.573,1.27276
6.79,1,10.5865,1.27334
6.8,1,10.6001,1.27392
6.81,1,10.6136,1.2745
6.82,1,10.6272,1.27509
6.83,1,10.6407,1.27569
6.84,1,10.6543,1.27629
6.85,1,10.6678,1.2769
6.86,1,10.6814,1.27751
6.87,1,10.6949,1.27812
6.88,1,10.7085,1.27874
6.89,1,10.722,1.27936
6.9,1,10.7356,1.27999
6.91,1,10.7491,1.28062
6.92,1,10.7627,1.28126
6.93,1,10.7762,1.2819
6.94,1,10.7898,1.28254
6.95,1,10.8033,1.28319
6.96,1,10.8168,1.28385
6.97,1,10.8304,1.28451
6.98,1,10.8439,1.28518
6.99,1,10.8574,1.28585
7,1,10.871,1.28653
7.01,1,10.8845,1.28722
7.02,1,10.898,1.28791
7.03,1,10.9116,1.28861
7.04,1,10.9251,1.28931
7.05,1,10.9386,1.29001
7.06,1,10.9522,1.29073
7.07,1,10.9657,1.29144
7.08,1,10.9792,1.29217
7.09,1,10.9927,1.2929
7.1,1,11.0063,1.29364
7.11,1,11.0198,1.29438
7.12,1,11.0333,1.29513
7.13,1,11.0468,1.29588
7.14,1,11.0604,1.29664
7.15,1,11.0739,1.29741
7.16,1,11.0874,1.29818
7.17,1,11.1009,1.29896
7.18,1,11.1144,1.29974
7.19,1,11.128,1.30053
7.2,1,11.1415,1.30133
7.21,1,11.155,1.30213
7.22,1,11.1685,1.30293
7.23,1,11.182,1.30375
7.24,1,11.1956,1.30456
7.25,1,11.2091,1.30539
7.26,1,11.2226,1.30621
7.27,1,11.2361,1.30705
7.28,1,11.2496,1.30789
7.29,1,11.2631,1.30874
7.3,1,11.2767,1.30959
7.31,1,11.2902,1.31045
7.32,1,11.3037,1.31131
7.33,1,11.3172,1.31218
7.34,1,11.3307,1.31306
7.35,1,11.3442,1.31395
7.36,1,11.3577,1.31484
7.37,1,11.3713,1.31573
7.38,1,11.3848,1.31664
7.39,1,11.3983,1.31755
7.4,1,11.4118,1.31846
7.41,1,11.4253,1.31939
7.42,1,11.4388,1.32032
7.43,1,11.4523,1.32125
7.44,1,11.4659,1.3222
7.45,1,11.4794,1.32315
7.46,1,11.4929,1.3241
7.47,1,11.5064,1.32507
7.48,1,11.5199,1.32604
7.49,1,11.5335,1.32702
7.5,1,11.547,1.32801
7.51,1,11.5605,1.329
7.52,1,11.574,1.33001
7.53,1,11.5875,1.33102
7.54,1,11.6011,1.33203
7.55,1,11.6146,1.33305
7.56,1,11.6281,1.33407
7.57,1,11.6417,1.33511
7.58,1,11.6552,1.33615
7.59,1,11.6687,1.3372
7.6,1,11.6822,1.33825
7.61,1,11.6958,1.33931
7.62,1,11.7093,1.34038
7.63,1,11.7229,1.34146
7.64,1,11.7364,1.34255
7.65,1,11.7499,1.34364
7.66,1,11.7635,1.34473
7.67,1,11.777,1.34584
7.68,1,11.7906,1.34695
7.69,1,11.8041,1.34807
7.7,1,11.8176,1.3492
7.71,1,11.8312,1.35034
7.72,1,11.8447,1.35149
7.73,1,11.8583,1.35264
7.74,1,11.8718,1.3538
7.75,1,11.8854,1.35497
7.76,1,11.8989,1.35614
7.77,1,11.9125,1.35732
7.78,1,11.926,1.35851
7.79,1,11.9395,1.35971
7.8,1,11.9531,1.36091
7.81,1,11.9666,1.36213
7.82,1,11.9802,1.36335
7.83,1,11.9937,1.36458
7.84,1,12.0073,1.36582
7.85,1,12.0208,1.36707
7.86,1,12.0344,1.36832
7.87,1,12.0479,1.36959
7.88,1,12.0615,1.37086
7.89,1,12.075,1.37214
7.9,1,12.0886,1.37342
7.91,1,12.1021,1.37472
7.92,1,12.1157,1.37602
7.93,1,12.1292,1.37733
7.94,1,12.1428,1.37866
7.95,1,12.1563,1.37999
7.96,1,12.1699,1.38133
7.97,1,12.1834,1.38267
7.98,1,12.197,1.38403
7.99,1,12.2105,1.3854
8,1,12.2241,1.38678
8.01,1,12.2376,1.38817
8.02,1,12.2512,1.38957
8.03,1,12.2648,1.39097
8.04,1,12.2783,1.39239
8.05,1,12.2919,1.39381
8.06,1,12.3054,1.39524
8.07,1,12.319,1.39668
8.08,1,12.3325,1.39813
8.09,1,12.3461,1.39959
8.1,1,12.3596,1.40106
8.11,1,12.3732,1.40253
8.12,1,12.3868,1.40402
8.13,1,12.4003,1.40551
8.14,1,12.4139,1.40702
8.15,1,12.4274,1.40853
8.16,1,12.441,1.41005
8.17,1,12.4545,1.41158
8.18,1,12.468,1.41312
8.19,1,12.4816,1.41467
8.2,1,12.4951,1.41623
8.21,1,12.5087,1.41779
8.22,1,12.5222,1.41937
8.23,1,12.5358,1.42096
8.24,1,12.5493,1.42256
8.25,1,12.5629,1.42416
8.26,1,12.5764,1.42578
8.27,1,12.59,1.42741
8.28,1,12.6035,1.42905
8.29,1,12.6171,1.4307
8.3,1,12.6306,1.43236
8.31,1,12.6442,1.43403
8.32,1,12.6577,1.43571
8.33,1,12.6712,1.43739
8.34,1,12.6848,1.4391
8.35,1,12.6983,1.44081
8.36,1,12.7119,1.44253
8.37,1,12.7255,1.44426
8.38,1,12.739,1.446
8.39,1,12.7526,1.44775
8.4,1,12.7661,1.44951
8.41,1,12.7797,1.45128
8.42,1,12.7932,1.45306
8.43,1,12.8068,1.45485
8.44,1,12.8204,1.45665
8.45,1,12.8339,1.45846
8.46,1,12.8475,1.46028
8.47,1,12.861,1.46211
8.48,1,12.8746,1.46395
8.49,1,12.8881,1.4658
8.5,1,12.9017,1.46766
8.51,1,12.9153,1.46953
8.52,1,12.9288,1.4714
8.53,1,12.9424,1.47329
8.54,1,12.956,1.47519
8.55,1,12.9695,1.4771
8.56,1,12.9831,1.47902
8.57,1,12.9967,1.48095
8.58,1,13.0103,1.48289
8.59,1,13.0238,1.48485
8.6,1,13.0374,1.48681
8.61,1,13.051,1.48878
8.62,1,13.0646,1.49076
8.63,1,13.0781,1.49275
8.64,1,13.0917,1.49475
8.65,1,13.1053,1.49676
8.66,1,13.1189,1.49878
8.67,1,13.1324,1.50081
8.68,1,13.146,1.50285
8.69,1,13.1596,1.50489
8.7,1,13.1731,1.50695
8.71,1,13.1867,1.50902
8.72,1,13.2003,1.5111
8.73,1,13.2139,1.51318
8.74,1,13.2275,1.51528
8.75,1,13.2411,1.51738
8.76,1,13.2546,1.51949
8.77,1,13.2682,1.52161
8.78,1,13.2818,1.52373
8.79,1,13.2954,1.52586
8.8,1,13.3089,1.528
8.81,1,13.3225,1.53015
8.82,1,13.3361,1.5323
8.83,1,13.3497,1.53445
8.84,1,13.3632,1.53661
8.85,1,13.3768,1.53878
8.86,1,13.3904,1.54095
8.87,1,13.4039,1.54313
8.88,1,13.4175,1.5453
8.89,1,13.4311,1.54748
8.9,1,13.4447,1.54967
8.91,1,13.4582,1.55186
8.92,1,13.4718,1.55405
8.93,1,13.4854,1.55624
8.94,1,13.4989,1.55843
8.95,1,13.5125,1.56062
8.96,1,13.5261,1.56281
8.97,1,13.5397,1.56499
8.98,1,13.5532,1.56718
8.99,1,13.5668,1.56936
9,1,13.5804,1.57153
9.01,1,13.5939,1.5737
9.02,1,13.6075,1.57586
9.03,1,13.6211,1.57801
9.04,1,13.6347,1.58015
9.05,1,13.6483,1.58227
9.06,1,13.6618,1.58439
9.07,1,13.6754,1.58648
9.08,1,13.689,1.58857
9.09,1,13.7026,1.59063
9.1,1,13.7161,1.59268
9.11,1,13.7297,1.5947
9.12,1,13.7433,1.5967
9.13,1,13.7569,1.59868
9.14,1,13.7705,1.60063
9.15,1,13.7841,1.60255
9.16,1,13.7977,1.60444
9.17,1,13.8113,1.6063
9.18,1,13.8249,1.60812
9.19,1,13.8385,1.60991
9.2,1,13.8521,1.61166
9.21,1,13.8657,1.61336
9.22,1,13.8793,1.61503
9.23,1,13.8929,1.61665
9.24,1,13.9065,1.61823
9.25,1,13.9202,1.61975
9.26,1,13.9338,1.62123
9.27,1,13.9475,1.62265
9.28,1,13.9611,1.62402
9.29,1,13.9748,1.62533
9.3,1,13.9884,1.62659
9.31,1,14.0021,1.62778
9.32,1,14.0157,1.62892
9.33,1,14.0294,1.63
9.34,1,14.0431,1.63102
9.35,1,14.0568,1.63197
9.36,1,14.0705,1.63286
9.37,1,14.0842,1.6337
9.38,1,14.0979,1.63447
9.39,1,14.1116,1.63518
9.4,1,14.1253,1.63583
9.41,1,14.139,1.63643
9.42,1,14.1527,1.63697
9.43,1,14.1664,1.63746
9.44,1,14.1802,1.63789
9.45,1,14.1939,1.63827
9.46,1,14.2076,1.63861
9.47,1,14.2214,1.63889
9.48,1,14.2351,1.63913
9.49,1,14.2488,1.63933
9.5,1,14.2626,1.63949
9.51,1,14.2763,1.63961
9.52,1,14.2901,1.6397
9.53,1,14.3038,1.63975
9.54,1,14.3175,1.63978
9.55,1,14.3312,1.63978
9.56,1,14.3449,1.63976
9.57,1,14.3586,1.63972
9.58,1,14.3722,1.63967
9.59,1,14.3859,1.63961
9.6,1,14.3995,1.63953
9.61,1,14.4131,1.63945
9.62,1,14.4267,1.63936
9.63,1,14.4402,1.63928
9.64,1,14.4537,1.6392
9.65,1,14.4672,1.63912
9.66,1,14.4806,1.63906
9.67,1,14.494,1.639
9.68,1,14.5073,1.63896
9.69,1,14.5206,1.63892
9.7,1,14.5338,1.6389
9.71,1,14.5469,1.63889
9.72,1,14.5599,1.6389
9.73,1,14.5728,1.63891
9.74,1,14.5857,1.63894
9.75,1,14.5984,1.63898
9.76,1,14.611,1.63902
9.77,1,14.6234,1.63907
9.78,1,14.6357,1.63911
9.79,1,14.6478,1.63915
9.8,1,14.6598,1.63918
9.81,1,14.6715,1.63918
9.82,1,14.6831,1.63916
9.83,1,14.6943,1.6391
9.84,1,14.7054,1.63899
9.85,1,14.7161,1.63883
9.86,1,14.7266,1.63861
9.87,1,14.7368,1.63832
9.88,1,14.7467,1.63795
9.89,1,14.7562,1.6375
9.9,1,14.7654,1.63696
9.91,1,14.7743,1.63631
9.92,1,14.7829,1.63556
9.93,1,14.7911,1.6347
9.94,1,14.7989,1.63373
9.95,1,14.8064,1.63265
9.96,1,14.8136,1.63146
9.97,1,14.8205,1.63018
9.98,1,14.8271,1.62882
9.99,1,14.8334,1.62741
10,1,14.8395,1.62594
10.01,1,14.8454,1.62444
10.02,1,14.8511,1.62293
10.03,1,14.8567,1.62142
10.04,1,14.8621,1.6199
10.05,1,14.8675,1.6184
10.06,1,14.8727,1.61693
10.07,1,14.8778,1.61549
10.08,1,14.8829,1.61409
10.09,1,14.8879,1.61275
10.1,1,14.8929,1.61148
10.11,1,14.8979,1.61029
10.12,1,14.9029,1.60917
10.13,1,14.9079,1.60813
10.14,1,14.913,1.60717
10.15,1,14.9182,1.60631
10.16,1,14.9234,1.60554
10.17,1,14.9287,1.60486
10.18,1,14.9341,1.60428
10.19,1,14.9397,1.60379
10.2,1,14.9455,1.6034
10.21,1,14.9514,1.60311
10.22,1,14.9575,1.6029
10.23,1,14.9637,1.60279
10.24,1,14.9701,1.60276
10.25,1,14.9767,1.60282
10.26,1,14.9835,1.60298
10.27,1,14.9904,1.60321
10.28,1,14.9975,1.60353
10.29,1,15.0048,1.60393
10.3,1,15.0122,1.60441
10.31,1,15.0198,1.60495
10.32,1,15.0276,1.60556
10.33,1,15.0355,1.60624
10.34,1,15.0435,1.60697
10.35,1,15.0516,1.60776
10.36,1,15.0598,1.6086
10.37,1,15.0681,1.60949
10.38,1,15.0764,1.61043
10.39,1,15.0848,1.6114
10.4,1,15.0932,1.61242
10.41,1,15.1015,1.61347
10.42,1,15.1099,1.61453
10.43,1,15.1182,1.61561
10.44,1,15.1265,1.61669
10.45,1,15.1347,1.61778
10.46,1,15.1428,1.61887
10.47,1,15.1509,1.61993
10.48,1,15.1589,1.62097
10.49,1,15.1667,1.62198
10.5,1,15.1744,1.62294
10.51,1,15.1821,1.62382
10.52,1,15.1895,1.62463
10.53,1,15.1969,1.62537
10.54,1,15.2041,1.62602
10.55,1,15.2112,1.62657
10.56,1,15.2181,1.62701
10.57,1,15.2249,1.62733
10.58,1,15.2315,1.62751
10.59,1,15.238,1.62755
10.6,1,15.2443,1.62745
10.61,1,15.2506,1.6272
10.62,1,15.2566,1.6268
10.63,1,15.2626,1.62624
10.64,1,15.2684,1.62552
10.65,1,15.2742,1.62464
10.66,1,15.2798,1.6236
10.67,1,15.2853,1.6224
10.68,1,15.2907,1.62105
10.69,1,15.296,1.61955
10.7,1,15.3013,1.61791
10.71,1,15.3064,1.61613
10.72,1,15.3116,1.61423
10.73,1,15.3167,1.61219
10.74,1,15.3218,1.61005
10.75,1,15.3269,1.6078
10.76,1,15.3319,1.60545
10.77,1,15.337,1.60301
10.78,1,15.3421,1.6005
10.79,1,15.3472,1.5979
10.8,1,15.3523,1.59524
10.81,1,15.3575,1.59252
10.82,1,15.3627,1.58975
10.83,1,15.368,1.58693
10.84,1,15.3735,1.58406
10.85,1,15.379,1.58116
10.86,1,15.3846,1.57823
10.87,1,15.3903,1.57526
10.88,1,15.3962,1.57227
10.89,1,15.4022,1.56925
10.9,1,15.4083,1.56621
10.91,1,15.4145,1.56316
10.92,1,15.4209,1.56008
10.93,1,15.4274,1.55698
10.94,1,15.434,1.55388
10.95,1,15.4406,1.55077
10.96,1,15.4473,1.54766
10.97,1,15.454,1.54455
10.98,1,15.4609,1.54143
10.99,1,15.4677,1.53831
11,1,15.4745,1.53521
11.01,1,15.4814,1.53211
11.02,1,15.4882,1.52902
11.03,1,15.495,1.52593
11.04,1,15.5018,1.52287
11.05,1,15.5085,1.51982
11.06,1,15.5152,1.51679
11.07,1,15.5218,1.51378
11.08,1,15.5283,1.51079
11.09,1,15.5348,1.50784
11.1,1,15.5411,1.50491
11.11,1,15.5473,1.50201
11.12,1,15.5534,1.49914
11.13,1,15.5594,1.4963
11.14,1,15.5653,1.49349
11.15,1,15.5711,1.49071
11.16,1,15.5768,1.48796
11.17,1,15.5823,1.48524
11.18,1,15.5878,1.48255
11.19,1,15.5931,1.47988
11.2,1,15.5984,1.47725
11.21,1,15.6035,1.47464
11.22,1,15.6085,1.47205
11.23,1,15.6135,1.46948
11.24,1,15.6184,1.46692
11.25,1,15.6232,1.46437
11.26,1,15.628,1.46183
11.27,1,15.6327,1.45931
11.28,1,15.6373,1.4568
11.29,1,15.6419,1.45431
11.3,1,15.6464,1.45184
11.31,1,15.6509,1.44937
11.32,1,15.6553,1.44692
11.33,1,15.6597,1.44448
11.34,1,15.6641,1.44203
11.35,1,15.6685,1.4396
11.36,1,15.6728,1.43718
11.37,1,15.6772,1.43476
11.38,1,15.6815,1.43234
11.39,1,15.6859,1.42993
11.4,1,15.6903,1.42751
11.41,1,15.6947,1.4251
11.42,1,15.6991,1.4227
11.43,1,15.7035,1.4203
11.44,1,15.7079,1.41792
11.45,1,15.7123,1.41555
11.46,1,15.7167,1.41318
11.47,1,15.7211,1.41084
11.48,1,15.7255,1.40852
11.49,1,15.7299,1.40622
11.5,1,15.7343,1.40394
11.51,1,15.7386,1.40168
11.52,1,15.7429,1.39945
11.53,1,15.7472,1.39724
11.54,1,15.7515,1.39506
11.55,1,15.7558,1.3929
11.56,1,15.76,1.39077
11.57,1,15.7642,1.38866
11.58,1,15.7684,1.38658
11.59,1,15.7725,1.38453
11.6,1,15.7766,1.38251
11.61,1,15.7807,1.38052
11.62,1,15.7847,1.37854
11.63,1,15.7887,1.3766
11.64,1,15.7927,1.37468
11.65,1,15.7967,1.37277
11.66,1,15.8006,1.37088
11.67,1,15.8045,1.36901
11.68,1,15.8085,1.36714
11.69,1,15.8124,1.36528
11.7,1,15.8163,1.36342
11.71,1,15.8203,1.36156
11.72,1,15.8242,1.3597
11.73,1,15.8282,1.35784
11.74,1,15.8322,1.35598
11.75,1,15.8362,1.3541
11.76,1,15.8403,1.35223
11.77,1,15.8443,1.35036
11.78,1,15.8483,1.34849
11.79,1,15.8524,1.3466
11.8,1,15.8565,1.34472
11.81,1,15.8606,1.34282
11.82,1,15.8647,1.34092
11.83,1,15.8689,1.339
11.84,1,15.8731,1.33707
11.85,1,15.8773,1.33513
11.86,1,15.8815,1.3332
11.87,1,15.8857,1.33126
11.88,1,15.89,1.32931
11.89,1,15.8942,1.32737
11.9,1,15.8984,1.32543
11.91,1,15.9027,1.32349
11.92,1,15.9069,1.32157
11.93,1,15.9111,1.31964
11.94,1,15.9152,1.31774
11.95,1,15.9194,1.31584
11.96,1,15.9235,1.31397
11.97,1,15.9276,1.31211
11.98,1,15.9316,1.31027
11.99,1,15.9356,1.30845
12,1,15.9395,1.30667
12.01,1,15.9433,1.30491
12.02,1,15.9471,1.30318
12.03,1,15.9509,1.30148
12.04,1,15.9545,1.29982
12.05,1,15.9581,1.29819
12.06,1,15.9616,1.2966
12.07,1,15.965,1.29505
12.08,1,15.9683,1.29353
12.09,1,15.9715,1.29206
12.1,1,15.9747,1.29062
12.11,1,15.9777,1.28922
12.12,1,15.9807,1.28786
12.13,1,15.9836,1.28654
12.14,1,15.9863,1.28525
12.15,1,15.989,1.28401
12.16,1,15.9916,1.2828
12.17,1,15.9941,1.28162
12.18,1,15.9965,1.28047
12.19,1,15.9988,1.27936
12.2,1,16.001,1.27827
12.21,1,16.0032,1.27721
12.22,1,16.0052,1.27617
12.23,1,16.0072,1.27515
12.24,1,16.0092,1.27415
12.25,1,16.0111,1.27316
12.26,1,16.0129,1.27218
12.27,1,16.0146,1.2712
12.28,1,16.0164,1.27024
12.29,1,16.018,1.26927
12.3,1,16.0197,1.26829
12.31,1,16.0213,1.26731
12.32,1,16.0229,1.26633
12.33,1,16.0244,1.26533
12.34,1,16.026,1.2643
12.35,1,16.0275,1.26326
12.36,1,16.0291,1.26219
12.37,1,16.0307,1.26109
12.38,1,16.0322,1.25996
12.39,1,16.0338,1.2588
12.4,1,16.0354,1.2576
12.41,1,16.037,1.25636
12.42,1,16.0387,1.25508
12.43,1,16.0403,1.25376
12.44,1,16.042,1.2524
12.45,1,16.0437,1.25099
12.46,1,16.0455,1.24954
12.47,1,16.0473,1.24804
12.48,1,16.0491,1.24651
12.49,1,16.0509,1.24493
12.5,1,16.0528,1.24331
12.51,1,16.0547,1.24164
12.52,1,16.0566,1.23993
12.53,1,16.0585,1.23819
12.54,1,16.0605,1.2364
12.55,1,16.0624,1.23459
12.56,1,16.0644,1.23274
12.57,1,16.0664,1.23087
12.58,1,16.0683,1.22897
12.59,1,16.0703,1.22705
12.6,1,16.0723,1.22512
12.61,1,16.0742,1.22316
12.62,1,16.0761,1.2212
12.63,1,16.078,1.21922
12.64,1,16.0799,1.21723
12.65,1,16.0818,1.21524
12.66,1,16.0836,1.21325
12.67,1,16.0854,1.21127
12.68,1,16.0871,1.20928
12.69,1,16.0888,1.20731
12.7,1,16.0904,1.20534
12.71,1,16.092,1.20339
12.72,1,16.0936,1.20146
12.73,1,16.095,1.19955
12.74,1,16.0964,1.19766
12.75,1,16.0977,1.19579
12.76,1,16.099,1.19395
12.77,1,16.1002,1.19213
12.78,1,16.1013,1.19035
12.79,1,16.1023,1.18861
12.8,1,16.1033,1.1869
12.81,1,16.1042,1.18522
12.82,1,16.1049,1.18358
12.83,1,16.1056,1.18198
12.84,1,16.1063,1.18043
12.85,1,16.1068,1.17891
12.86,1,16.1072,1.17743
12.87,1,16.1076,1.176
12.88,1,16.1079,1.1746
12.89,1,16.1081,1.17325
12.9,1,16.1082,1.17194
12.91,1,16.1082,1.17068
12.92,1,16.1081,1.16945
12.93,1,16.108,1.16826
12.94,1,16.1078,1.16711
12.95,1,16.1075,1.166
12.96,1,16.1071,1.16492
12.97,1,16.1067,1.16388
12.98,1,16.1062,1.16288
12.99,1,16.1056,1.16191
13,1,16.1049,1.16097
13.01,1,16.1042,1.16006
13.02,1,16.1035,1.15919
13.03,1,16.1026,1.15834
13.04,1,16.1017,1.15752
13.05,1,16.1008,1.15673
13.06,1,16.0998,1.15596
13.07,1,16.0987,1.15522
13.08,1,16.0977,1.15449
13.09,1,16.0965,1.15379
13.1,1,16.0953,1.15311
13.11,1,16.0941,1.15245
13.12,1,16.0928,1.15181
13.13,1,16.0915,1.15118
13.14,1,16.0901,1.15057
13.15,1,16.0888,1.14998
13.16,1,16.0873,1.14939
13.17,1,16.0859,1.14882
13.18,1,16.0844,1.14827
13.19,1,16.0829,1.14772
13.2,1,16.0814,1.14718
13.21,1,16.0798,1.14666
13.22,1,16.0782,1.14614
13.23,1,16.0766,1.14564
13.24,1,16.075,1.14514
13.25,1,16.0734,1.14465
13.26,1,16.0717,1.14417
13.27,1,16.07,1.1437
13.28,1,16.0683,1.14324
13.29,1,16.0666,1.14278
13.3,1,16.0648,1.14233
13.31,1,16.0631,1.1419
13.32,1,16.0613,1.14147
13.33,1,16.0595,1.14105
13.34,1,16.0577,1.14065
13.35,1,16.0559,1.14025
13.36,1,16.0541,1.13986
13.37,1,16.0522,1.13949
13.38,1,16.0503,1.13912
13.39,1,16.0485,1.13876
13.4,1,16.0466,1.13841
13.41,1,16.0447,1.13807
13.42,1,16.0427,1.13774
13.43,1,16.0408,1.13742
13.44,1,16.0389,1.1371
13.45,1,16.0369,1.13678
13.46,1,16.035,1.13647
13.47,1,16.033,1.13616
13.48,1,16.0311,1.13585
13.49,1,16.0291,1.13554
13.5,1,16.0272,1.13523
13.51,1,16.0252,1.13491
13.52,1,16.0233,1.13459
13.53,1,16.0213,1.13426
13.54,1,16.0194,1.13393
13.55,1,16.0175,1.13358
13.56,1,16.0156,1.13322
13.57,1,16.0137,1.13285
13.58,1,16.0118,1.13247
13.59,1,16.0099,1.13207
13.6,1,16.008,1.13166
13.61,1,16.0061,1.13122
13.62,1,16.0043,1.13077
13.63,1,16.0024,1.1303
13.64,1,16.0006,1.12981
13.65,1,15.9988,1.1293
13.66,1,15.997,1.12876
13.67,1,15.9952,1.12821
13.68,1,15.9935,1.12763
13.69,1,15.9917,1.12703
13.7,1,15.99,1.12641
13.71,1,15.9882,1.12577
13.72,1,15.9865,1.1251
13.73,1,15.9848,1.12442
13.74,1,15.9831,1.12372
13.75,1,15.9814,1.12299
13.76,1,15.9797,1.12225
13.77,1,15.978,1.12149
13.78,1,15.9763,1.12071
13.79,1,15.9747,1.11991
13.8,1,15.973,1.11909
13.81,1,15.9713,1.11825
13.82,1,15.9696,1.11739
13.83,1,15.968,1.11652
13.84,1,15.9663,1.11563
13.85,1,15.9646,1.11471
13.86,1,15.963,1.11378
13.87,1,15.9613,1.11283
13.88,1,15.9596,1.11186
13.89,1,15.9579,1.11087
13.9,1,15.9563,1.10987
13.91,1,15.9546,1.10884
13.92,1,15.9529,1.1078
13.93,1,15.9512,1.10673
13.94,1,15.9495,1.10565
13.95,1,15.9478,1.10455
13.96,1,15.9461,1.10344
13.97,1,15.9444,1.10231
13.98,1,15.9427,1.10116
13.99,1,15.9409,1.1
14,1,15.9392,1.09882
14.01,1,15.9374,1.09763
14.02,1,15.9357,1.09642
14.03,1,15.9339,1.09521
14.04,1,15.9321,1.09398
14.05,1,15.9303,1.09274
14.06,1,15.9285,1.09149
14.07,1,15.9267,1.09023
14.08,1,15.9248,1.08897
14.09,1,15.9229,1.0877
14.1,1,15.9211,1.08642
14.11,1,15.9192,1.08513
14.12,1,15.9172,1.08384
14.13,1,15.9153,1.08255
14.14,1,15.9134,1.08125
14.15,1,15.9114,1.07994
14.16,1,15.9094,1.07864
14.17,1,15.9074,1.07733
14.18,1,15.9053,1.07602
14.19,1,15.9033,1.0747
14.2,1,15.9012,1.07339
14.21,1,15.8991,1.07207
14.22,1,15.897,1.07075
14.23,1,15.8948,1.06944
14.24,1,15.8927,1.06812
14.25,1,15.8905,1.0668
14.26,1,15.8883,1.06549
14.27,1,15.8861,1.06417
14.28,1,15.8838,1.06286
14.29,1,15.8815,1.06155
14.3,1,15.8792,1.06024
14.31,1,15.8769,1.05894
14.32,1,15.8746,1.05764
14.33,1,15.8722,1.05635
14.34,1,15.8698,1.05506
14.35,1,15.8674,1.05378
14.36,1,15.8649,1.0525
14.37,1,15.8625,1.05123
14.38,1,15.86,1.04996
14.39,1,15.8575,1.0487
14.4,1,15.8549,1.04745
14.41,1,15.8524,1.04621
14.42,1,15.8498,1.04497
14.43,1,15.8472,1.04375
14.44,1,15.8445,1.04253
14.45,1,15.8419,1.04131
14.46,1,15.8392,1.04011
14.47,1,15.8365,1.03892
14.48,1,15.8337,1.03774
14.49,1,15.831,1.03657
14.5,1,15.8282,1.0354
14.51,1,15.8254,1.03425
14.52,1,15.8225,1.03312
14.53,1,15.8197,1.03199
14.54,1,15.8168,1.03088
14.55,1,15.8139,1.02978
14.56,1,15.8109,1.02869
14.57,1,15.808,1.02762
14.58,1,15.805,1.02657
14.59,1,15.802,1.02553
14.6,1,15.7989,1.02451
14.61,1,15.7959,1.02351
14.62,1,15.7928,1.02253
14.63,1,15.7897,1.02156
14.64,1,15.7865,1.02062
14.65,1,15.7834,1.0197
14.66,1,15.7802,1.01879
14.67,1,15.777,1.01791
14.68,1,15.7738,1.01706
14.69,1,15.7705,1.01622
14.7,1,15.7672,1.01541
14.71,1,15.764,1.01462
14.72,1,15.7607,1.01386
14.73,1,15.7573,1.01312
14.74,1,15.754,1.01241
14.75,1,15.7506,1.01172
14.76,1,15.7473,1.01105
14.77,1,15.7439,1.01041
14.78,1,15.7405,1.00979
14.79,1,15.7371,1.0092
14.8,1,15.7337,1.00864
14.81,1,15.7302,1.0081
14.82,1,15.7268,1.00759
14.83,1,15.7234,1.00709
14.84,1,15.72,1.00663
14.85,1,15.7165,1.00618
14.86,1,15.7131,1.00576
14.87,1,15.7097,1.00536
14.88,1,15.7063,1.00499
14.89,1,15.7029,1.00463
14.9,1,15.6995,1.00429
14.91,1,15.6961,1.00398
14.92,1,15.6927,1.00368
14.93,1,15.6894,1.0034
14.94,1,15.686,1.00314
14.95,1,15.6827,1.00289
14.96,1,15.6795,1.00266
14.97,1,15.6762,1.00244
14.98,1,15.673,1.00223
14.99,1,15.6698,1.00204
15,1,15.6667,1.00185
15.01,1,15.6636,1.00168
15.02,1,15.6605,1.00151
15.03,1,15.6575,1.00135
15.04,1,15.6545,1.00119
15.05,1,15.6516,1.00104
15.06,1,15.6487,1.00089
15.07,1,15.6459,1.00075
15.08,1,15.6432,1.0006
15.09,1,15.6405,1.00046
15.1,1,15.6378,1.00031
15.11,1,15.6352,1.00017
15.12,1,15.6327,1.00002
15.13,1,15.6303,0.999876
15.14,1,15.6279,0.999726
15.15,1,15.6256,0.999572
15.16,1,15.6233,0.999415
15.17,1,15.6211,0.999255
15.18,1,15.619,0.99909
15.19,1,15.617,0.998921
15.2,1,15.615,0.998749
15.21,1,15.6131,0.998572
15.22,1,15.6112,0.998392
15.23,1,15.6094,0.998208
15.24,1,15.6077,0.998021
15.25,1,15.6061,0.997832
15.26,1,15.6045,0.997642
15.27,1,15.603,0.997451
15.28,1,15.6015,0.997258
15.29,1,15.6001,0.997066
15.3,1,15.5988,0.996872
15.31,1,15.5975,0.996681
15.32,1,15.5962,0.996489
15.33,1,15.5951,0.996299
15.34,1,15.5939,0.996111
15.35,1,15.5929,0.995927
15.36,1,15.5918,0.995746
15.37,1,15.5909,0.995569
15.38,1,15.5899,0.995396
15.39,1,15.589,0.99523
15.4,1,15.5882,0.99507
15.41,1,15.5874,0.994916
15.42,1,15.5866,0.994769
15.43,1,15.5859,0.99463
15.44,1,15.5852,0.994499
15.45,1,15.5845,0.994375
15.46,1,15.5838,0.994258
15.47,1,15.5832,0.994151
15.48,1,15.5827,0.994051
15.49,1,15.5821,0.99396
15.5,1,15.5816,0.993878
15.51,1,15.5811,0.993804
15.52,1,15.5806,0.99374
15.53,1,15.5801,0.993683
15.54,1,15.5797,0.993635
15.55,1,15.5793,0.993594
15.56,1,15.5789,0.993562
15.57,1,15.5785,0.993537
15.58,1,15.5781,0.99352
15.59,1,15.5778,0.99351
15.6,1,15.5774,0.993508
15.61,1,15.5771,0.993511
15.62,1,15.5768,0.993522
15.63,1,15.5765,0.993539
15.64,1,15.5763,0.993562
15.65,1,15.576,0.993591
15.66,1,15.5757,0.993625
15.67,1,15.5755,0.993665
15.68,1,15.5753,0.99371
15.69,1,15.575,0.99376
15.7,1,15.5748,0.993814
15.71,1,15.5746,0.993873
15.72,1,15.5744,0.993936
15.73,1,15.5742,0.994004
15.74,1,15.574,0.994075
15.75,1,15.5738,0.99415
15.76,1,15.5736,0.994229
15.77,1,15.5735,0.994312
15.78,1,15.5733,0.994398
15.79,1,15.5731,0.994487
15.8,1,15.573,0.994581
15.81,1,15.5728,0.994679
15.82,1,15.5726,0.994779
15.83,1,15.5724,0.994883
15.84,1,15.5723,0.994991
15.85,1,15.5721,0.995101
15.86,1,15.5719,0.995215
15.87,1,15.5718,0.995333
15.88,1,15.5716,0.995453
15.89,1,15.5714,0.995578
15.9,1,15.5712,0.995705
15.91,1,15.5711,0.995837
15.92,1,15.5709,0.995972
15.93,1,15.5707,0.996111
15.94,1,15.5705,0.996254
15.95,1,15.5703,0.996401
15.96,1,15.5701,0.996552
15.97,1,15.5699,0.996706
15.98,1,15.5697,0.996865
15.99,1,15.5694,0.997027
16,1,15.5692,0.997193
16.01,1,15.569,0.997363
16.02,1,15.5687,0.997537
16.03,1,15.5685,0.997715
16.04,1,15.5682,0.997897
16.05,1,15.5679,0.998082
16.06,1,15.5677,0.99827
16.07,1,15.5674,0.998462
16.08,1,15.5671,0.998657
16.09,1,15.5668,0.998855
16.1,1,15.5665,0.999055
16.11,1,15.5662,0.999258
16.12,1,15.5658,0.999463
16.13,1,15.5655,0.999671
16.14,1,15.5652,0.99988
16.15,1,15.5648,1.00009
16.16,1,15.5645,1.0003
16.17,1,15.5641,1.00051
16.18,1,15.5638,1.00073
16.19,1,15.5634,1.00094
16.2,1,15.563,1.00115
16.21,1,15.5627,1.00136
16.22,1,15.5623,1.00157
16.23,1,15.5619,1.00178
16.24,1,15.5615,1.00199
16.25,1,15.5612,1.0022
16.26,1,15.5608,1.0024
16.27,1,15.5604,1.0026
16.28,1,15.56,1.0028
16.29,1,15.5596,1.00299
16.3,1,15.5592,1.00318
16.31,1,15.5589,1.00337
16.32,1,15.5585,1.00355
16.33,1,15.5581,1.00373
16.34,1,15.5577,1.0039
16.35,1,15.5574,1.00407
16.36,1,15.557,1.00424
16.37,1,15.5567,1.00439
16.38,1,15.5563,1.00455
16.39,1,15.556,1.00469
16.4,1,15.5557,1.00483
16.41,1,15.5553,1.00497
16.42,1,15.555,1.0051
16.43,1,15.5547,1.00522
16.44,1,15.5544,1.00533
16.45,1,15.5541,1.00544
16.46,1,15.5539,1.00555
16.47,1,15.5536,1.00564
16.48,1,15.5533,1.00574
16.49,1,15.5531,1.00582
16.5,1,15.5529,1.0059
16.51,1,15.5527,1.00598
16.52,1,15.5525,1.00605
16.53,1,15.5523,1.00611
16.54,1,15.5521,1.00617
16.55,1,15.5519,1.00622
16.56,1,15.5518,1.00627
16.57,1,15.5517,1.00632
16.58,1,15.5516,1.00636
16.59,1,15.5515,1.0064
16.6,1,15.5514,1.00643
16.61,1,15.5513,1.00646
16.62,1,15.5512,1.00649
16.63,1,15.5512,1.00651
16.64,1,15.5512,1.00654
16.65,1,15.5511,1.00656
16.66,1,15.5511,1.00658
16.67,1,15.5511,1.0066
16.68,1,15.5512,1.00661
16.69,1,15.5512,1.00663
16.7,1,15.5512,1.00665
16.71,1,15.5513,1.00666
16.72,1,15.5513,1.00668
16.73,1,15.5514,1.0067
16.74,1,15.5515,1.00672
16.75,1,15.5516,1.00674
16.76,1,15.5517,1.00676
16.77,1,15.5518,1.00678
16.78,1,15.552,1.00681
16.79,1,15.5521,1.00684
16.8,1,15.5522,1.00687
16.81,1,15.5524,1.0069
16.82,1,15.5525,1.00693
16.83,1,15.5527,1.00697
16.84,1,15.5529,1.00701
16.85,1,15.553,1.00706
16.86,1,15.5532,1.00711
16.87,1,15.5534,1.00716
16.88,1,15.5536,1.00721
16.89,1,15.5538,1.00727
16.9,1,15.554,1.00733
16.91,1,15.5542,1.0074
16.92,1,15.5544,1.00747
16.93,1,15.5546,1.00754
16.94,1,15.5548,1.00762
16.95,1,15.555,1.0077
16.96,1,15.5552,1.00778
16.97,1,15.5554,1.00787
16.98,1,15.5556,1.00796
16.99,1,15.5558,1.00806
17,1,15.556,1.00816
17.01,1,15.5562,1.00826
17.02,1,15.5564,1.00836
17.03,1,15.5567,1.00847
17.04,1,15.5569,1.00858
17.05,1,15.5571,1.0087
17.06,1,15.5573,1.00882
17.07,1,15.5575,1.00894
17.08,1,15.5577,1.00906
17.09,1,15.5579,1.00918
17.1,1,15.5581,1.00931
17.11,1,15.5583,1.00944
17.12,1,15.5585,1.00957
17.13,1,15.5587,1.00971
17.14,1,15.5589,1.00984
17.15,1,15.559,1.00998
17.16,1,15.5592,1.01012
17.17,1,15.5594,1.01026
17.18,1,15.5596,1.0104
17.19,1,15.5598,1.01054
17.2,1,15.5599,1.01069
17.21,1,15.5601,1.01083
17.22,1,15.5603,1.01098
17.23,1,15.5604,1.01112
17.24,1,15.5606,1.01127
17.25,1,15.5607,1.01142
17.26,1,15.5609,1.01156
17.27,1,15.561,1.01171
17.28,1,15.5612,1.01186
17.29,1,15.5613,1.01201
17.3,1,15.5614,1.01216
17.31,1,15.5615,1.0123
17.32,1,15.5617,1.01245
17.33,1,15.5618,1.0126
17.34,1,15.5619,1.01275
17.35,1,15.562,1.0129
17.36,1,15.5621,1.01305
17.37,1,15.5622,1.01319
17.38,1,15.5623,1.01334
17.39,1,15.5624,1.01349
17.4,1,15.5625,1.01363
17.41,1,15.5626,1.01378
17.42,1,15.5626,1.01393
17.43,1,15.5627,1.01407
17.44,1,15.5628,1.01421
17.45,1,15.5628,1.01436
17.46,1,15.5629,1.0145
17.47,1,15.563,1.01464
17.48,1,15.563,1.01479
17.49,1,15.563,1.01493
17.5,1,15.5631,1.01507
17.51,1,15.5631,1.01521
17.52,1,15.5632,1.01534
17.53,1,15.5632,1.01548
17.54,1,15.5632,1.01562
17.55,1,15.5632,1.01575
17.56,1,15.5632,1.01589
17.57,1,15.5632,1.01602
17.58,1,15.5632,1.01616
17.59,1,15.5632,1.01629
17.6,1,15.5632,1.01642
17.61,1,15.5632,1.01655
17.62,1,15.5632,1.01668
17.63,1,15.5632,1.01681
17.64,1,15.5632,1.01693
17.65,1,15.5631,1.01706
17.66,1,15.5631,1.01718
17.67,1,15.5631,1.01731
17.68,1,15.5631,1.01743
17.69,1,15.563,1.01755
17.7,1,15.563,1.01767
17.71,1,15.5629,1.01779
17.72,1,15.5629,1.01791
17.73,1,15.5628,1.01803
17.74,1,15.5628,1.01814
17.75,1,15.5627,1.01826
17.76,1,15.5627,1.01837
17.77,1,15.5626,1.01848
17.78,1,15.5626,1.01859
17.79,1,15.5625,1.0187
17.8,1,15.5624,1.01881
17.81,1,15.5624,1.01892
17.82,1,15.5623,1.01903
17.83,1,15.5623,1.01913
17.84,1,15.5622,1.01924
17.85,1,15.5621,1.01934
17.86,1,15.562,1.01944
17.87,1,15.562,1.01954
17.88,1,15.5619,1.01964
17.89,1,15.5618,1.01974
17.9,1,15.5618,1.01984
17.91,1,15.5617,1.01994
17.92,1,15.5616,1.02004
17.93,1,15.5615,1.02013
17.94,1,15.5615,1.02023
17.95,1,15.5614,1.02032
17.96,1,15.5613,1.02042
17.97,1,15.5613,1.02051
17.98,1,15.5612,1.0206
17.99,1,15.5611,1.02069
18,1,15.561,1.02078
18.01,1,15.561,1.02087
18.02,1,15.5609,1.02096
18.03,1,15.5608,1.02105
18.04,1,15.5608,1.02114
18.05,1,15.5607,1.02123
18.06,1,15.5606,1.02132
18.07,1,15.5606,1.02141
18.08,1,15.5605,1.02149
18.09,1,15.5604,1.02158
18.1,1,15.5604,1.02167
18.11,1,15.5603,1.02175
18.12,1,15.5602,1.02184
18.13,1,15.5602,1.02193
18.14,1,15.5601,1.02201
18.15,1,15.5601,1.0221
18.16,1,15.56,1.02218
18.17,1,15.5599,1.02227
18.18,1,15.5599,1.02236
18.19,1,15.5598,1.02244
18.2,1,15.5598,1.02253
18.21,1,15.5597,1.02261
18.22,1,15.5597,1.0227
18.23,1,15.5596,1.02279
18.24,1,15.5596,1.02287
18.25,1,15.5595,1.02296
18.26,1,15.5595,1.02304
18.27,1,15.5594,1.02313
18.28,1,15.5593,1.02321
18.29,1,15.5593,1.0233
18.3,1,15.5592,1.02338
18.31,1,15.5592,1.02347
18.32,1,15.5591,1.02356
18.33,1,15.5591,1.02364
18.34,1,15.559,1.02373
18.35,1,15.559,1.02381
18.36,1,15.5589,1.0239
18.37,1,15.5589,1.02398
18.38,1,15.5588,1.02407
18.39,1,15.5588,1.02415
18.4,1,15.5587,1.02424
18.41,1,15.5587,1.02433
18.42,1,15.5586,1.02441
18.43,1,15.5586,1.0245
18.44,1,15.5585,1.02458
18.45,1,15.5585,1.02467
18.46,1,15.5584,1.02475
18.47,1,15.5584,1.02484
18.48,1,15.5583,1.02492
18.49,1,15.5583,1.025
18.5,1,15.5582,1.02509
18.51,1,15.5582,1.02517
18.52,1,15.5581,1.02526
18.53,1,15.5581,1.02534
18.54,1,15.558,1.02542
18.55,1,15.5579,1.0255
18.56,1,15.5579,1.02559
18.57,1,15.5578,1.02567
18.58,1,15.5578,1.02575
18.59,1,15.5577,1.02583
18.6,1,15.5577,1.02591
18.61,1,15.5576,1.02599
18.62,1,15.5575,1.02607
18.63,1,15.5575,1.02615
18.64,1,15.5574,1.02623
18.65,1,15.5574,1.0263
18.66,1,15.5573,1.02638
18.67,1,15.5572,1.02646
18.68,1,15.5572,1.02654
18.69,1,15.5571,1.02661
18.7,1,15.5571,1.02669
18.71,1,15.557,1.02676
18.72,1,15.5569,1.02684
18.73,1,15.5569,1.02691
18.74,1,15.5568,1.02698
18.75,1,15.5567,1.02706
18.76,1,15.5567,1.02713
18.77,1,15.5566,1.0272
18.78,1,15.5565,1.02727
18.79,1,15.5565,1.02734
18.8,1,15.5564,1.02741
18.81,1,15.5563,1.02748
18.82,1,15.5563,1.02755
18.83,1,15.5562,1.02762
18.84,1,15.5561,1.02768
18.85,1,15.5561,1.02775
18.86,1,15.556,1.02781
18.87,1,15.5559,1.02788
18.88,1,15.5559,1.02794
18.89,1,15.5558,1.028
18.9,1,15.5557,1.02807
18.91,1,15.5556,1.02813
18.92,1,15.5556,1.02819
18.93,1,15.5555,1.02825
18.94,1,15.5554,1.02831
18.95,1,15.5554,1.02836
18.96,1,15.5553,1.02842
18.97,1,15.5552,1.02848
18.98,1,15.5551,1.02853
18.99,1,15.5551,1.02859
19,1,15.555,1.02864
19.01,1,15.5549,1.0287
19.02,1,15.5548,1.02875
19.03,1,15.5547,1.02881
19.04,1,15.5547,1.02886
19.05,1,15.5546,1.02891
19.06,1,15.5545,1.02896
19.07,1,15.5544,1.02901
19.08,1,15.5543,1.02906
19.09,1,15.5543,1.02911
19.1,1,15.5542,1.02916
19.11,1,15.5541,1.02921
19.12,1,15.554,1.02926
19.13,1,15.5539,1.0293
19.14,1,15.5539,1.02935
19.15,1,15.5538,1.0294
19.16,1,15.5537,1.02945
19.17,1,15.5536,1.02949
19.18,1,15.5535,1.02954
19.19,1,15.5534,1.02958
19.2,1,15.5534,1.02963
19.21,1,15.5533,1.02967
19.22,1,15.5532,1.02972
19.23,1,15.5531,1.02976
19.24,1,15.553,1.02981
19.25,1,15.553,1.02985
19.26,1,15.5529,1.02989
19.27,1,15.5528,1.02994
19.28,1,15.5527,1.02998
19.29,1,15.5526,1.03003
19.3,1,15.5525,1.03007
19.31,1,15.5525,1.03012
19.32,1,15.5524,1.03016
19.33,1,15.5523,1.03021
19.34,1,15.5522,1.03025
19.35,1,15.5521,1.0303
19.36,1,15.5521,1.03034
19.37,1,15.552,1.03039
19.38,1,15.5519,1.03043
19.39,1,15.5518,1.03048
19.4,1,15.5518,1.03052
19.41,1,15.5517,1.03057
19.42,1,15.5516,1.03062
19.43,1,15.5515,1.03066
19.44,1,15.5515,1.03071
19.45,1,15.5514,1.03076
19.46,1,15.5513,1.03081
19.47,1,15.5512,1.03086
19.48,1,15.5512,1.03091
19.49,1,15.5511,1.03095
19.5,1,15.551,1.031
19.51,1,15.551,1.03105
19.52,1,15.5509,1.0311
19.53,1,15.5508,1.03115
19.54,1,15.5508,1.03121
19.55,1,15.5507,1.03126
19.56,1,15.5506,1.03131
19.57,1,15.5506,1.03136
19.58,1,15.5505,1.03141
19.59,1,15.5505,1.03147
19.6,1,15.5504,1.03152
19.61,1,15.5503,1.03157
19.62,1,15.5503,1.03163
19.63,1,15.5502,1.03168
19.64,1,15.5502,1.03174
19.65,1,15.5501,1.03179
19.66,1,15.5501,1.03185
19.67,1,15.55,1.03191
19.68,1,15.55,1.03196
19.69,1,15.5499,1.03202
19.7,1,15.5499,1.03208
19.71,1,15.5498,1.03213
19.72,1,15.5497,1.03219
19.73,1,15.5497,1.03225
19.74,1,15.5496,1.03231
19.75,1,15.5496,1.03237
19.76,1,15.5496,1.03243
19.77,1,15.5495,1.03249
19.78,1,15.5495,1.03255
19.79,1,15.5494,1.03261
19.8,1,15.5494,1.03267
19.81,1,15.5493,1.03273
19.82,1,15.5493,1.03279
19.83,1,15.5492,1.03285
19.84,1,15.5492,1.03291
19.85,1,15.5491,1.03297
19.86,1,15.5491,1.03304
19.87,1,15.5491,1.0331
19.88,1,15.549,1.03316
19.89,1,15.549,1.03322
19.9,1,15.5489,1.03329
19.91,1,15.5489,1.03335
19.92,1,15.5488,1.03341
19.93,1,15.5488,1.03348
19.94,1,15.5488,1.03354
19.95,1,15.5487,1.0336
19.96,1,15.5487,1.03367
19.97,1,15.5486,1.03373
19.98,1,15.5486,1.0338
19.99,1,15.5486,1.03386
0,2,0.057939,1.48854
0.01,2,0.0580512,1.48859
0.02,2,0.0582218,1.48865
0.03,2,0.0584501,1.48874
0.04,2,0.0587419,1.48884
0.05,2,0.0590961,1.48895
0.06,2,0.0595202,1.48908
0.07,2,0.0600151,1.48922
0.08,2,0.0605866,1.48936
0.09,2,0.0612389,1.4895
0.1,2,0.0619714,1.48965
0.11,2,0.0627948,1.4898
0.12,2,0.0637131,1.48994
0.13,2,0.0647233,1.49007
0.14,2,0.0658334,1.4902
0.15,2,0.067047,1.4903
0.16,2,0.068363,1.4904
0.17,2,0.0697887,1.49048
0.18,2,0.0713268,1.49054
0.19,2,0.0729823,1.49057
0.2,2,0.0747571,1.49059
0.21,2,0.0766532,1.49059
0.22,2,0.0786728,1.49056
0.23,2,0.080812,1.49051
0.24,2,0.0830723,1.49043
0.25,2,0.0854575,1.49034
0.26,2,0.0879666,1.49022
0.27,2,0.0906059,1.49007
0.28,2,0.0933761,1.4899
0.29,2,0.0962732,1.48971
0.3,2,0.0993023,1.48949
0.31,2,0.102464,1.48924
0.32,2,0.105754,1.48898
0.33,2,0.109176,1.48869
0.34,2,0.11273,1.48838
0.35,2,0.116412,1.48804
0.36,2,0.120226,1.48769
0.37,2,0.124171,1.48732
0.38,2,0.128245,1.48692
0.39,2,0.132448,1.48651
0.4,2,0.136778,1.48607
0.41,2,0.141237,1.48562
0.42,2,0.145825,1.48515
0.43,2,0.150538,1.48467
0.44,2,0.155378,1.48417
0.45,2,0.160344,1.48366
0.46,2,0.165434,1.48314
0.47,2,0.170648,1.48261
0.48,2,0.175983,1.48206
0.49,2,0.18144,1.48151
0.5,2,0.187017,1.48095
0.51,2,0.192715,1.48039
0.52,2,0.198532,1.47982
0.53,2,0.204468,1.47924
0.54,2,0.210518,1.47867
0.55,2,0.216683,1.47808
0.56,2,0.222962,1.4775
0.57,2,0.229352,1.47692
0.58,2,0.235853,1.47633
0.59,2,0.242464,1.47574
0.6,2,0.249181,1.47516
0.61,2,0.256005,1.47457
0.62,2,0.262933,1.47398
0.63,2,0.269965,1.47339
0.64,2,0.277101,1.4728
0.65,2,0.284337,1.47222
0.66,2,0.291673,1.47164
0.67,2,0.299109,1.47106
0.68,2,0.306643,1.47049
0.69,2,0.314274,1.46992
0.7,2,0.321999,1.46936
0.71,2,0.329818,1.4688
0.72,2,0.337727,1.46824
0.73,2,0.345726,1.46769
0.74,2,0.353814,1.46714
0.75,2,0.36199,1.4666
0.76,2,0.370252,1.46607
0.77,2,0.378599,1.46555
0.78,2,0.38703,1.46503
0.79,2,0.395543,1.46451
0.8,2,0.404137,1.464
0.81,2,0.41281,1.4635
0.82,2,0.421563,1.46301
0.83,2,0.430392,1.46252
0.84,2,0.439297,1.46204
0.85,2,0.448278,1.46157
0.86,2,0.457332,1.46111
0.87,2,0.466458,1.46065
0.88,2,0.475656,1.46021
0.89,2,0.484923,1.45976
0.9,2,0.494259,1.45933
0.91,2,0.503663,1.4589
0.92,2,0.513132,1.45849
0.93,2,0.522667,1.45808
0.94,2,0.532265,1.45767
0.95,2,0.541927,1.45728
0.96,2,0.55165,1.45689
0.97,2,0.561434,1.4565
0.98,2,0.571278,1.45613
0.99,2,0.581182,1.45577
1,2,0.591143,1.45541
1.01,2,0.601159,1.45506
1.02,2,0.611231,1.45471
1.03,2,0.621358,1.45438
1.04,2,0.631539,1.45405
1.05,2,0.641772,1.45373
1.06,2,0.652057,1.45341
1.07,2,0.662393,1.45311
1.08,2,0.672778,1.45281
1.09,2,0.683212,1.45251
1.1,2,0.693695,1.45223
1.11,2,0.704225,1.45195
1.12,2,0.714801,1.45168
1.13,2,0.725422,1.45142
1.14,2,0.736089,1.45116
1.15,2,0.7468,1.45091
1.16,2,0.757553,1.45067
1.17,2,0.768349,1.45044
1.18,2,0.779188,1.45021
1.19,2,0.790067,1.44999
1.2,2,0.800987,1.44978
1.21,2,0.811946,1.44957
1.22,2,0.822943,1.44937
1.23,2,0.833977,1.44918
1.24,2,0.845049,1.44899
1.25,2,0.856158,1.44881
1.26,2,0.867303,1.44863
1.27,2,0.878483,1.44847
1.28,2,0.889698,1.44831
1.29,2,0.900948,1.44815
1.3,2,0.91223,1.448
1.31,2,0.923545,1.44786
1.32,2,0.934892,1.44773
1.33,2,0.946269,1.44759
1.34,2,0.957677,1.44747
1.35,2,0.969116,1.44735
1.36,2,0.980583,1.44723
1.37,2,0.99208,1.44712
1.38,2,1.00361,1.44702
1.39,2,1.01516,1.44692
1.4,2,1.02674,1.44683
1.41,2,1.03835,1.44675
1.42,2,1.04998,1.44667
1.43,2,1.06165,1.44659
1.44,2,1.07333,1.44652
1.45,2,1.08505,1.44646
1.46,2,1.09678,1.4464
1.47,2,1.10854,1.44634
1.48,2,1.12033,1.44629
1.49,2,1.13213,1.44625
1.5,2,1.14396,1.44621
1.51,2,1.15582,1.44618
1.52,2,1.16769,1.44615
1.53,2,1.17959,1.44612
1.54,2,1.19151,1.4461
1.55,2,1.20344,1.44609
1.56,2,1.2154,1.44608
1.57,2,1.22738,1.44607
1.58,2,1.23938,1.44607
1.59,2,1.2514,1.44608
1.6,2,1.26343,1.44609
1.61,2,1.27549,1.4461
1.62,2,1.28756,1.44612
1.63,2,1.29965,1.44614
1.64,2,1.31176,1.44616
1.65,2,1.32388,1.44619
1.66,2,1.33602,1.44623
1.67,2,1.34818,1.44626
1.68,2,1.36035,1.44631
1.69,2,1.37254,1.44635
1.7,2,1.38475,1.4464
1.71,2,1.39697,1.44646
1.72,2,1.4092,1.44651
1.73,2,1.42145,1.44657
1.74,2,1.43371,1.44664
1.75,2,1.44599,1.4467
1.76,2,1.45828,1.44677
1.77,2,1.47058,1.44685
1.78,2,1.48289,1.44693
1.79,2,1.49522,1.44701
1.8,2,1.50756,1.44709
1.81,2,1.51991,1.44718
1.82,2,1.53228,1.44727
1.83,2,1.54466,1.44736
1.84,2,1.55704,1.44746
1.85,2,1.56944,1.44756
1.86,2,1.58185,1.44767
1.87,2,1.59428,1.44777
1.88,2,1.60671,1.44788
1.89,2,1.61915,1.448
1.9,2,1.6316,1.44811
1.91,2,1.64407,1.44823
1.92,2,1.65654,1.44835
1.93,2,1.66902,1.44848
1.94,2,1.68151,1.4486
1.95,2,1.69401,1.44873
1.96,2,1.70652,1.44887
1.97,2,1.71904,1.449
1.98,2,1.73157,1.44914
1.99,2,1.7441,1.44928
2,2,1.75665,1.44942
2.01,2,1.7692,1.44957
2.02,2,1.78176,1.44971
2.03,2,1.79432,1.44986
2.04,2,1.8069,1.45001
2.05,2,1.81948,1.45017
2.06,2,1.83207,1.45032
2.07,2,1.84466,1.45048
2.08,2,1.85727,1.45064
2.09,2,1.86988,1.4508
2.1,2,1.88249,1.45097
2.11,2,1.89512,1.45113
2.12,2,1.90775,1.4513
2.13,2,1.92038,1.45147
2.14,2,1.93303,1.45165
2.15,2,1.94568,1.45182
2.16,2,1.95833,1.452
2.17,2,1.97099,1.45218
2.18,2,1.98366,1.45236
2.19,2,1.99633,1.45254
2.2,2,2.009,1.45272
2.21,2,2.02169,1.45291
2.22,2,2.03438,1.4531
2.23,2,2.04707,1.45329
2.24,2,2.05977,1.45348
2.25,2,2.07247,1.45368
2.26,2,2.08518,1.45387
2.27,2,2.09789,1.45407
2.28,2,2.11061,1.45427
2.29,2,2.12333,1.45447
2.3,2,2.13606,1.45467
2.31,2,2.14879,1.45488
2.32,2,2.16152,1.45508
2.33,2,2.17426,1.45529
2.34,2,2.187,1.4555
2.35,2,2.19975,1.45571
2.36,2,2.2125,1.45592
2.37,2,2.22525,1.45614
2.38,2,2.23801,1.45635
2.39,2,2.25077,1.45657
2.4,2,2.26354,1.45679
2.41,2,2.27631,1.45701
2.42,2,2.28908,1.45723
2.43,2,2.30186,1.45746
2.44,2,2.31463,1.45768
2.45,2,2.32742,1.45791
2.46,2,2.3402,1.45814
2.47,2,2.35299,1.45836
2.48,2,2.36578,1.45859
2.49,2,2.37857,1.45882
2.5,2,2.39137,1.45906
2.51,2,2.40417,1.45929
2.52,2,2.41697,1.45953
2.53,2,2.42977,1.45976
2.54,2,2.44258,1.46
2.55,2,2.45539,1.46024
2.56,2,2.4682,1.46048
2.57,2,2.48101,1.46072
2.58,2,2.49383,1.46096
2.59,2,2.50665,1.46121
2.6,2,2.51947,1.46145
2.61,2,2.53229,1.4617
2.62,2,2.54512,1.46195
2.63,2,2.55795,1.4622
2.64,2,2.57078,1.46245
2.65,2,2.58361,1.4627
2.66,2,2.59644,1.46295
2.67,2,2.60928,1.46321
2.68,2,2.62212,1.46346
2.69,2,2.63495,1.46372
2.7,2,2.6478,1.46397
2.71,2,2.66064,1.46423
2.72,2,2.67348,1.46449
2.73,2,2.68633,1.46475
2.74,2,2.69918,1.46502
2.75,2,2.71203,1.46528
2.76,2,2.72488,1.46554
2.77,2,2.73773,1.46581
2.78,2,2.75058,1.46607
2.79,2,2.76343,1.46634
2.8,2,2.77629,1.4666
2.81,2,2.78914,1.46687
2.82,2,2.802,1.46714
2.83,2,2.81486,1.46741
2.84,2,2.82772,1.46768
2.85,2,2.84058,1.46795
2.86,2,2.85344,1.46822
2.87,2,2.8663,1.46849
2.88,2,2.87917,1.46877
2.89,2,2.89203,1.46904
2.9,2,2.9049,1.46932
2.91,2,2.91777,1.46959
2.92,2,2.93063,1.46987
2.93,2,2.9435,1.47015
2.94,2,2.95638,1.47043
2.95,2,2.96925,1.47071
2.96,2,2.98212,1.47099
2.97,2,2.99499,1.47127
2.98,2,3.00786,1.47155
2.99,2,3.02074,1.47184
3,2,3.03361,1.47212
3.01,2,3.04649,1.4724
3.02,2,3.05936,1.47269
3.03,2,3.07224,1.47298
3.04,2,3.08512,1.47326
3.05,2,3.098,1.47355
3.06,2,3.11088,1.47384
3.07,2,3.12376,1.47413
3.08,2,3.13664,1.47442
3.09,2,3.14952,1.47471
3.1,2,3.1624,1.475
3.11,2,3.17528,1.47529
3.12,2,3.18816,1.47559
3.13,2,3.20104,1.47588
3.14,2,3.21392,1.47617
3.15,2,3.2268,1.47647
3.16,2,3.23969,1.47676
3.17,2,3.25257,1.47706
3.18,2,3.26545,1.47735
3.19,2,3.27833,1.47765
3.2,2,3.29122,1.47795
3.21,2,3.3041,1.47825
3.22,2,3.31698,1.47855
3.23,2,3.32986,1.47884
3.24,2,3.34274,1.47915
3.25,2,3.35563,1.47945
3.26,2,3.36851,1.47975
3.27,2,3.3814,1.48005
3.28,2,3.39428,1.48036
3.29,2,3.40717,1.48066
3.3,2,3.42005,1.48097
3.31,2,3.43294,1.48128
3.32,2,3.44583,1.48158
3.33,2,3.45871,1.48189
3.34,2,3.4716,1.4822
3.35,2,3.48449,1.48251
3.36,2,3.49737,1.48282
3.37,2,3.51026,1.48313
3.38,2,3.52315,1.48345
3.39,2,3.53603,1.48376
3.4,2,3.54892,1.48407
3.41,2,3.5618,1.48438
3.42,2,3.57469,1.4847
3.43,2,3.58758,1.48501
3.44,2,3.60046,1.48533
3.45,2,3.61335,1.48565
3.46,2,3.62623,1.48596
3.47,2,3.63912,1.48628
3.48,2,3.652,1.4866
3.49,2,3.66489,1.48691
3.5,2,3.67777,1.48723
3.51,2,3.69066,1.48755
3.52,2,3.70355,1.48787
3.53,2,3.71643,1.4882
3.54,2,3.72932,1.48852
3.55,2,3.7422,1.48884
3.56,2,3.75509,1.48916
3.57,2,3.76798,1.48949
3.58,2,3.78086,1.48981
3.59,2,3.79375,1.49014
3.6,2,3.80664,1.49047
3.61,2,3.81952,1.49079
3.62,2,3.83241,1.49112
3.63,2,3.8453,1.49145
3.64,2,3.85818,1.49178
3.65,2,3.87107,1.49211
3.66,2,3.88396,1.49244
3.67,2,3.89685,1.49278
3.68,2,3.90973,1.49311
3.69,2,3.92262,1.49344
3.7,2,3.93551,1.49378
3.71,2,3.94839,1.49411
3.72,2,3.96128,1.49444
3.73,2,3.97417,1.49478
3.74,2,3.98705,1.49512
3.75,2,3.99994,1.49545
3.76,2,4.01283,1.49579
3.77,2,4.02571,1.49613
3.78,2,4.0386,1.49647
3.79,2,4.05149,1.49681
3.8,2,4.06438,1.49715
3.81,2,4.07726,1.4975
3.82,2,4.09015,1.49784
3.83,2,4.10304,1.49818
3.84,2,4.11593,1.49853
3.85,2,4.12881,1.49888
3.86,2,4.1417,1.49922
3.87,2,4.15459,1.49957
3.88,2,4.16748,1.49992
3.89,2,4.18036,1.50026
3.9,2,4.19325,1.50061
3.91,2,4.20613,1.50096
3.92,2,4.21902,1.50132
3.93,2,4.23191,1.50167
3.94,2,4.2448,1.50202
3.95,2,4.25769,1.50238
3.96,2,4.27058,1.50273
3.97,2,4.28347,1.50309
3.98,2,4.29636,1.50345
3.99,2,4.30924,1.5038
4,2,4.32213,1.50416
4.01,2,4.33502,1.50452
4.02,2,4.34791,1.50488
4.03,2,4.3608,1.50524
4.04,2,4.37368,1.5056
4.05,2,4.38657,1.50596
4.06,2,4.39946,1.50632
4.07,2,4.41235,1.50668
4.08,2,4.42523,1.50704
4.09,2,4.43812,1.50741
4.1,2,4.45101,1.50777
4.11,2,4.4639,1.50814
4.12,2,4.47678,1.5085
4.13,2,4.48967,1.50887
4.14,2,4.50256,1.50924
4.15,2,4.51545,1.50961
4.16,2,4.52833,1.50998
4.17,2,4.54122,1.51035
4.18,2,4.55411,1.51072
4.19,2,4.567,1.51109
4.2,2,4.57989,1.51147
4.21,2,4.59277,1.51184
4.22,2,4.60566,1.51221
4.23,2,4.61855,1.51259
4.24,2,4.63143,1.51296
4.25,2,4.64432,1.51334
4.26,2,4.6572,1.51372
4.27,2,4.67009,1.51409
4.28,2,4.68298,1.51447
4.29,2,4.69587,1.51485
4.3,2,4.70875,1.51523
4.31,2,4.72164,1.51562
4.32,2,4.73453,1.516
4.33,2,4.74741,1.51638
4.34,2,4.7603,1.51676
4.35,2,4.77319,1.51715
4.36,2,4.78607,1.51754
4.37,2,4.79896,1.51792
4.38,2,4.81185,1.51831
4.39,2,4.82474,1.5187
4.4,2,4.83763,1.51909
4.41,2,4.85051,1.51948
4.42,2,4.8634,1.51987
4.43,2,4.87629,1.52026
4.44,2,4.88918,1.52066
4.45,2,4.90207,1.52105
4.46,2,4.91495,1.52144
4.47,2,4.92784,1.52184
4.48,2,4.94073,1.52224
4.49,2,4.95362,1.52263
4.5,2,4.96651,1.52303
4.51,2,4.9794,1.52343
4.52,2,4.99229,1.52383
4.53,2,5.00518,1.52423
4.54,2,5.01806,1.52464
4.55,2,5.03095,1.52504
4.56,2,5.04384,1.52544
4.57,2,5.05673,1.52584
4.58,2,5.06962,1.52625
4.59,2,5.0825,1.52665
4.6,2,5.09539,1.52706
4.61,2,5.10828,1.52747
4.62,2,5.12117,1.52788
4.63,2,5.13406,1.52829
4.64,2,5.14695,1.5287
4.65,2,5.15984,1.52911
4.66,2,5.17273,1.52952
4.67,2,5.18562,1.52993
4.68,2,5.19851,1.53035
4.69,2,5.2114,1.53076
4.7,2,5.2243,1.53118
4.71,2,5.23719,1.5316
4.72,2,5.25008,1.53201
4.73,2,5.26297,1.53243
4.74,2,5.27587,1.53285
4.75,2,5.28876,1.53327
4.76,2,5.30166,1.5337
4.77,2,5.31455,1.53412
4.78,2,5.32745,1.53455
4.79,2,5.34034,1.53497
4.8,2,5.35324,1.5354
4.81,2,5.36614,1.53582
4.82,2,5.37903,1.53625
4.83,2,5.39193,1.53668
4.84,2,5.40483,1.53711
4.85,2,5.41773,1.53755
4.86,2,5.43063,1.53798
4.87,2,5.44353,1.53842
4.88,2,5.45644,1.53885
4.89,2,5.46934,1.53929
4.9,2,5.48224,1.53973
4.91,2,5.49514,1.54017
4.92,2,5.50805,1.54061
4.93,2,5.52095,1.54105
4.94,2,5.53385,1.54149
4.95,2,5.54676,1.54193
4.96,2,5.55966,1.54238
4.97,2,5.57257,1.54282
4.98,2,5.58547,1.54327
4.99,2,5.59838,1.54371
5,2,5.61129,1.54416
5.01,2,5.6242,1.54461
5.02,2,5.63711,1.54506
5.03,2,5.65002,1.54552
5.04,2,5.66294,1.54597
5.05,2,5.67585,1.54642
5.06,2,5.68876,1.54688
5.07,2,5.70168,1.54733
5.08,2,5.71459,1.54779
5.09,2,5.72751,1.54825
5.1,2,5.74042,1.54871
5.11,2,5.75334,1.54917
5.12,2,5.76626,1.54963
5.13,2,5.77917,1.55009
5.14,2,5.79209,1.55056
5.15,2,5.805,1.55102
5.16,2,5.81792,1.55148
5.17,2,5.83084,1.55195
5.18,2,5.84376,1.55242
5.19,2,5.85668,1.55288
5.2,2,5.8696,1.55335
5.21,2,5.88252,1.55382
5.22,2,5.89544,1.55429
5.23,2,5.90836,1.55477
5.24,2,5.92129,1.55524
5.25,2,5.93421,1.55571
5.26,2,5.94713,1.55619
5.27,2,5.96006,1.55666
5.28,2,5.97298,1.55714
5.29,2,5.98591,1.55762
5.3,2,5.99884,1.55809
5.31,2,6.01176,1.55857
5.32,2,6.02469,1.55905
5.33,2,6.03762,1.55953
5.34,2,6.05055,1.56002
5.35,2,6.06348,1.5605
5.36,2,6.07641,1.56098
5.37,2,6.08934,1.56147
5.38,2,6.10227,1.56195
5.39,2,6.1152,1.56244
5.4,2,6.12814,1.56292
5.41,2,6.14107,1.56341
5.42,2,6.154,1.5639
5.43,2,6.16694,1.56439
5.44,2,6.17988,1.56488
5.45,2,6.19281,1.56537
5.46,2,6.20575,1.56586
5.47,2,6.21869,1.56635
5.48,2,6.23163,1.56685
5.49,2,6.24457,1.56734
5.5,2,6.25751,1.56784
5.51,2,6.27046,1.56833
5.52,2,6.2834,1.56883
5.53,2,6.29634,1.56933
5.54,2,6.30929,1.56983
5.55,2,6.32223,1.57033
5.56,2,6.33518,1.57083
5.57,2,6.34813,1.57133
5.58,2,6.36108,1.57183
5.59,2,6.37403,1.57233
5.6,2,6.38697,1.57284
5.61,2,6.39992,1.57334
5.62,2,6.41287,1.57385
5.63,2,6.42582,1.57436
5.64,2,6.43878,1.57486
5.65,2,6.45173,1.57537
5.66,2,6.46468,1.57588
5.67,2,6.47764,1.57639
5.68,2,6.49059,1.5769
5.69,2,6.50355,1.57741
5.7,2,6.51651,1.57792
5.71,2,6.52947,1.57844
5.72,2,6.54243,1.57895
5.73,2,6.55539,1.57947
5.74,2,6.56835,1.57998
5.75,2,6.58131,1.5805
5.76,2,6.59428,1.58102
5.77,2,6.60724,1.58154
5.78,2,6.62021,1.58206
5.79,2,6.63317,1.58258
5.8,2,6.64614,1.5831
5.81,2,6.65911,1.58362
5.82,2,6.67208,1.58415
5.83,2,6.68505,1.58467
5.84,2,6.69802,1.58519
5.85,2,6.711,1.58572
5.86,2,6.72397,1.58625
5.87,2,6.73694,1.58677
5.88,2,6.74992,1.5873
5.89,2,6.7629,1.58783
5.9,2,6.77587,1.58836
5.91,2,6.78885,1.58889
5.92,2,6.80183,1.58942
5.93,2,6.81481,1.58995
5.94,2,6.82779,1.59048
5.95,2,6.84077,1.59102
5.96,2,6.85375,1.59155
5.97,2,6.86674,1.59208
5.98,2,6.87972,1.59262
5.99,2,6.89271,1.59315
6,2,6.90569,1.59369
6.01,2,6.91868,1.59423
6.02,2,6.93167,1.59477
6.03,2,6.94466,1.59531
6.04,2,6.95765,1.59584
6.05,2,6.97064,1.59639
6.06,2,6.98363,1.59693
6.07,2,6.99662,1.59747
6.08,2,7.00961,1.59801
6.09,2,7.0226,1.59855
6.1,2,7.0356,1.5991
6.11,2,7.04859,1.59964
6.12,2,7.06159,1.60019
6.13,2,7.07459,1.60073
6.14,2,7.08759,1.60128
6.15,2,7.10059,1.60183
6.16,2,7.11359,1.60238
6.17,2,7.12659,1.60292
6.18,2,7.13959,1.60347
6.19,2,7.1526,1.60403
6.2,2,7.1656,1.60458
6.21,2,7.17861,1.60513
6.22,2,7.19162,1.60568
6.23,2,7.20463,1.60624
6.24,2,7.21764,1.60679
6.25,2,7.23065,1.60735
6.26,2,7.24366,1.6079
6.27,2,7.25667,1.60846
6.28,2,7.26968,1.60902
6.29,2,7.2827,1.60957
6.3,2,7.29571,1.61013
6.31,2,7.30873,1.61069
6.32,2,7.32175,1.61125
6.33,2,7.33476,1.61181
6.34,2,7.34778,1.61237
6.35,2,7.3608,1.61294
6.36,2,7.37383,1.6135
6.37,2,7.38685,1.61406
6.38,2,7.39987,1.61463
6.39,2,7.41289,1.61519
6.4,2,7.42592,1.61576
6.41,2,7.43895,1.61632
6.42,2,7.45197,1.61689
6.43,2,7.465,1.61746
6.44,2,7.47803,1.61803
6.45,2,7.49106,1.61859
6.46,2,7.50409,1.61916
6.47,2,7.51712,1.61973
6.48,2,7.53016,1.6203
6.49,2,7.54319,1.62087
6.5,2,7.55622,1.62145
6.51,2,7.56926,1.62202
6.52,2,7.5823,1.62259
6.53,2,7.59534,1.62317
6.54,2,7.60838,1.62374
6.55,2,7.62142,1.62431
6.56,2,7.63446,1.62489
6.57,2,7.6475,1.62547
6.58,2,7.66055,1.62604
6.59,2,7.67359,1.62662
6.6,2,7.68664,1.6272
6.61,2,7.69968,1.62778
6.62,2,7.71273,1.62836
6.63,2,7.72578,1.62894
6.64,2,7.73883,1.62952
6.65,2,7.75188,1.6301
6.66,2,7.76493,1.63068
6.67,2,7.77798,1.63127
6.68,2,7.79104,1.63185
6.69,2,7.80409,1.63243
6.7,2,7.81714,1.63302
6.71,2,7.8302,1.6336
6.72,2,7.84325,1.63419
6.73,2,7.85631,1.63477
6.74,2,7.86937,1.63536
6.75,2,7.88243,1.63594
6.76,2,7.89549,1.63653
6.77,2,7.90855,1.63712
6.78,2,7.92161,1.63771
6.79,2,7.93467,1.6383
6.8,2,7.94773,1.63889
6.81,2,7.96079,1.63948
6.82,2,7.97386,1.64007
6.83,2,7.98692,1.64066
6.84,2,7.99999,1.64125
6.85,2,8.01306,1.64184
6.86,2,8.02613,1.64243
6.87,2,8.0392,1.64303
6.88,2,8.05227,1.64362
6.89,2,8.06534,1.64421
6.9,2,8.07841,1.64481
6.91,2,8.09148,1.6454
6.92,2,8.10456,1.646
6.93,2,8.11763,1.6466
6.94,2,8.13071,1.64719
6.95,2,8.14378,1.64779
6.96,2,8.15686,1.64839
6.97,2,8.16993,1.64899
6.98,2,8.18301,1.64959
6.99,2,8.19609,1.65018
7,2,8.20917,1.65078
7.01,2,8.22225,1.65138
7.02,2,8.23533,1.65198
7.03,2,8.24841,1.65259
7.04,2,8.26149,1.65319
7.05,2,8.27457,1.65379
7.06,2,8.28766,1.65439
7.07,2,8.30074,1.65499
7.08,2,8.31383,1.6556
7.09,2,8.32691,1.6562
7.1,2,8.34,1.65681
7.11,2,8.35309,1.65741
7.12,2,8.36618,1.65802
7.13,2,8.37927,1.65862
7.14,2,8.39236,1.65923
7.15,2,8.40545,1.65984
7.16,2,8.41854,1.66044
7.17,2,8.43163,1.66105
7.18,2,8.44473,1.66166
7.19,2,8.45782,1.66227
7.2,2,8.47092,1.66288
7.21,2,8.48401,1.66349
7.22,2,8.49711,1.6641
7.23,2,8.5102,1.66471
7.24,2,8.5233,1.66532
7.25,2,8.5364,1.66593
7.26,2,8.5495,1.66654
7.27,2,8.5626,1.66716
7.28,2,8.5757,1.66777
7.29,2,8.5888,1.66838
7.3,2,8.60191,1.669
7.31,2,8.61501,1.66961
7.32,2,8.62812,1.67023
7.33,2,8.64122,1.67084
7.34,2,8.65433,1.67146
7.35,2,8.66743,1.67207
7.36,2,8.68054,1.67269
7.37,2,8.69365,1.67331
7.38,2,8.70676,1.67392
7.39,2,8.71987,1.67454
7.4,2,8.73298,1.67516
7.41,2,8.74609,1.67578
7.42,2,8.75921,1.6764
7.43,2,8.77232,1.67702
7.44,2,8.78544,1.67764
7.45,2,8.79855,1.67826
7.46,2,8.81167,1.67888
7.47,2,8.82478,1.6795
7.48,2,8.8379,1.68013
7.49,2,8.85102,1.68075
7.5,2,8.86414,1.68137
7.51,2,8.87726,1.682
7.52,2,8.89038,1.68262
7.53,2,8.9035,1.68324
7.54,2,8.91662,1.68387
7.55,2,8.92974,1.68449
7.56,2,8.94287,1.68512
7.57,2,8.95599,1.68574
7.58,2,8.96911,1.68637
7.59,2,8.98224,1.687
7.6,2,8.99536,1.68762
7.61,2,9.00849,1.68825
7.62,2,9.02161,1.68888
7.63,2,9.03474,1.6895
7.64,2,9.04787,1.69013
7.65,2,9.061,1.69076
7.66,2,9.07413,1.69139
7.67,2,9.08726,1.69202
7.68,2,9.10039,1.69265
7.69,2,9.11352,1.69327
7.7,2,9.12665,1.6939
7.71,2,9.13978,1.69454
7.72,2,9.15291,1.69517
7.73,2,9.16605,1.6958
7.74,2,9.17918,1.69643
7.75,2,9.19231,1.69706
7.76,2,9.20545,1.69769
7.77,2,9.21858,1.69832
7.78,2,9.23172,1.69896
7.79,2,9.24485,1.69959
7.8,2,9.25799,1.70022
7.81,2,9.27113,1.70085
7.82,2,9.28426,1.70149
7.83,2,9.2974,1.70212
7.84,2,9.31054,1.70276
7.85,2,9.32368,1.70339
7.86,2,9.33681,1.70402
7.87,2,9.34995,1.70466
7.88,2,9.36309,1.70529
7.89,2,9.37623,1.70593
7.9,2,9.38937,1.70657
7.91,2,9.40251,1.7072
7.92,2,9.41565,1.70784
7.93,2,9.4288,1.70847
7.94,2,9.44194,1.70911
7.95,2,9.45509,1.70975
7.96,2,9.46823,1.71039
7.97,2,9.48138,1.71102
7.98,2,9.49452,1.71166
7.99,2,9.50767,1.7123
8,2,9.52081,1.71294
8.01,2,9.53396,1.71358
8.02,2,9.54711,1.71422
8.03,2,9.56026,1.71486
8.04,2,9.57341,1.7155
8.05,2,9.58655,1.71614
8.06,2,9.5997,1.71678
8.07,2,9.61285,1.71742
8.08,2,9.626,1.71806
8.09,2,9.63915,1.7187
8.1,2,9.6523,1.71934
8.11,2,9.66545,1.71998
8.12,2,9.67861,1.72062
8.13,2,9.69176,1.72127
8.14,2,9.70491,1.72191
8.15,2,9.71807,1.72255
8.16,2,9.73122,1.72319
8.17,2,9.74438,1.72384
8.18,2,9.75753,1.72448
8.19,2,9.77069,1.72512
8.2,2,9.78384,1.72577
8.21,2,9.797,1.72641
8.22,2,9.81016,1.72705
8.23,2,9.82331,1.7277
8.24,2,9.83647,1.72834
8.25,2,9.84963,1.72899
8.26,2,9.86278,1.72963
8.27,2,9.87594,1.73028
8.28,2,9.8891,1.73092
8.29,2,9.90226,1.73157
8.3,2,9.91542,1.73221
8.31,2,9.92858,1.73286
8.32,2,9.94174,1.7335
8.33,2,9.9549,1.73415
8.34,2,9.96806,1.73479
8.35,2,9.98122,1.73544
8.36,2,9.99438,1.73609
8.37,2,10.0075,1.73673
8.38,2,10.0207,1.73738
8.39,2,10.0339,1.73803
8.4,2,10.047,1.73867
8.41,2,10.0602,1.73932
8.42,2,10.0734,1.73997
8.43,2,10.0865,1.74061
8.44,2,10.0997,1.74126
8.45,2,10.1129,1.74191
8.46,2,10.126,1.74255
8.47,2,10.1392,1.7432
8.48,2,10.1523,1.74385
8.49,2,10.1655,1.7445
8.5,2,10.1787,1.74514
8.51,2,10.1918,1.74579
8.52,2,10.205,1.74644
8.53,2,10.2182,1.74709
8.54,2,10.2314,1.74774
8.55,2,10.2445,1.74838
8.56,2,10.2577,1.74903
8.57,2,10.2709,1.74968
8.58,2,10.284,1.75033
8.59,2,10.2972,1.75098
8.6,2,10.3104,1.75162
8.61,2,10.3235,1.75227
8.62,2,10.3367,1.75292
8.63,2,10.3499,1.75357
8.64,2,10.363,1.75422
8.65,2,10.3762,1.75487
8.66,2,10.3894,1.75551
8.67,2,10.4026,1.75616
8.68,2,10.4157,1.75681
8.69,2,10.4289,1.75746
8.7,2,10.4421,1.75811
8.71,2,10.4552,1.75875
8.72,2,10.4684,1.7594
8.73,2,10.4816,1.76005
8.74,2,10.4948,1.7607
8.75,2,10.5079,1.76134
8.76,2,10.5211,1.76199
8.77,2,10.5343,1.76264
8.78,2,10.5475,1.76328
8.79,2,10.5606,1.76393
8.8,2,10.5738,1.76458
8.81,2,10.587,1.76522
8.82,2,10.6001,1.76587
8.83,2,10.6133,1.76651
8.84,2,10.6265,1.76716
8.85,2,10.6397,1.7678
8.86,2,10.6528,1.76845
8.87,2,10.666,1.76909
8.88,2,10.6792,1.76974
8.89,2,10.6924,1.77038
8.9,2,10.7055,1.77103
8.91,2,10.7187,1.77167
8.92,2,10.7319,1.77231
8.93,2,10.745,1.77296
8.94,2,10.7582,1.7736
8.95,2,10.7714,1.77424
8.96,2,10.7846,1.77488
8.97,2,10.7977,1.77553
8.98,2,10.8109,1.77617
8.99,2,10.8241,1.77681
9,2,10.8373,1.77745
9.01,2,10.8504,1.77809
9.02,2,10.8636,1.77873
9.03,2,10.8768,1.77937
9.04,2,10.89,1.78
9.05,2,10.9031,1.78064
9.06,2,10.9163,1.78128
9.07,2,10.9295,1.78192
9.08,2,10.9427,1.78255
9.09,2,10.9558,1.78319
9.1,2,10.969,1.78382
9.11,2,10.9822,1.78446
9.12,2,10.9953,1.78509
9.13,2,11.0085,1.78573
9.14,2,11.0217,1.78636
9.15,2,11.0349,1.78699
9.16,2,11.048,1.78762
9.17,2,11.0612,1.78825
9.18,2,11.0744,1.78888
9.19,2,11.0875,1.78951
9.2,2,11.1007,1.79014
9.21,2,11.1139,1.79077
9.22,2,11.127,1.79139
9.23,2,11.1402,1.79202
9.24,2,11.1534,1.79264
9.25,2,11.1666,1.79327
9.26,2,11.1797,1.79389
9.27,2,11.1929,1.79451
9.28,2,11.2061,1.79513
9.29,2,11.2192,1.79575
9.3,2,11.2324,1.79637
9.31,2,11.2456,1.79699
9.32,2,11.2587,1.7976
9.33,2,11.2719,1.79822
9.34,2,11.285,1.79883
9.35,2,11.2982,1.79944
9.36,2,11.3114,1.80006
9.37,2,11.3245,1.80066
9.38,2,11.3377,1.80127
9.39,2,11.3509,1.80188
9.4,2,11.364,1.80248
9.41,2,11.3772,1.80309
9.42,2,11.3903,1.80369
9.43,2,11.4035,1.80429
9.44,2,11.4166,1.80488
9.45,2,11.4298,1.80548
9.46,2,11.4429,1.80607
9.47,2,11.4561,1.80667
9.48,2,11.4693,1.80726
9.49,2,11.4824,1.80785
9.5,2,11.4956,1.80843
9.51,2,11.5087,1.80902
9.52,2,11.5218,1.8096
9.53,2,11.535,1.81018
9.54,2,11.5481,1.81076
9.55,2,11.5613,1.81134
9.56,2,11.5744,1.81191
9.57,2,11.5876,1.81248
9.58,2,11.6007,1.81305
9.59,2,11.6138,1.81362
9.6,2,11.627,1.81419
9.61,2,11.6401,1.81475
9.62,2,11.6532,1.81531
9.63,2,11.6664,1.81587
9.64,2,11.6795,1.81642
9.65,2,11.6926,1.81697
9.66,2,11.7058,1.81752
9.67,2,11.7189,1.81806
9.68,2,11.732,1.8186
9.69,2,11.7451,1.81914
9.7,2,11.7582,1.81967
9.71,2,11.7714,1.8202
9.72,2,11.7845,1.82073
9.73,2,11.7976,1.82125
9.74,2,11.8107,1.82177
9.75,2,11.8238,1.82229
9.76,2,11.8369,1.8228
9.77,2,11.85,1.82331
9.78,2,11.8631,1.82381
9.79,2,11.8762,1.82431
9.8,2,11.8893,1.8248
9.81,2,11.9024,1.82529
9.82,2,11.9155,1.82578
9.83,2,11.9286,1.82626
9.84,2,11.9417,1.82674
9.85,2,11.9547,1.82721
9.86,2,11.9678,1.82768
9.87,2,11.9809,1.82814
9.88,2,11.994,1.82859
9.89,2,12.007,1.82904
9.9,2,12.0201,1.82949
9.91,2,12.0331,1.82993
9.92,2,12.0462,1.83036
9.93,2,12.0593,1.83079
9.94,2,12.0723,1.83121
9.95,2,12.0854,1.83163
9.96,2,12.0984,1.83204
9.97,2,12.1114,1.83244
9.98,2,12.1245,1.83284
9.99,2,12.1375,1.83323
10,2,12.1505,1.83361
10.01,2,12.1635,1.83399
10.02,2,12.1766,1.83435
10.03,2,12.1896,1.83472
10.04,2,12.2026,1.83507
10.05,2,12.2156,1.83542
10.06,2,12.2286,1.83575
10.07,2,12.2416,1.83608
10.08,2,12.2546,1.83641
10.09,2,12.2675,1.83672
10.1,2,12.2805,1.83703
10.11,2,12.2935,1.83733
10.12,2,12.3065,1.83762
10.13,2,12.3194,1.8379
10.14,2,12.3324,1.83818
10.15,2,12.3453,1.83844
10.16,2,12.3583,1.8387
10.17,2,12.3712,1.83894
10.18,2,12.3841,1.83918
10.19,2,12.3971,1.83941
10.2,2,12.41,1.83963
10.21,2,12.4229,1.83984
10.22,2,12.4358,1.84003
10.23,2,12.4487,1.84022
10.24,2,12.4616,1.8404
10.25,2,12.4745,1.84056
10.26,2,12.4873,1.84071
10.27,2,12.5002,1.84086
10.28,2,12.5131,1.84099
10.29,2,12.5259,1.84111
10.3,2,12.5388,1.84122
10.31,2,12.5516,1.84132
10.32,2,12.5645,1.8414
10.33,2,12.5773,1.84147
10.34,2,12.5901,1.84152
10.35,2,12.6029,1.84157
10.36,2,12.6157,1.8416
10.37,2,12.6285,1.84162
10.38,2,12.6412,1.84163
10.39,2,12.654,1.84162
10.4,2,12.6668,1.8416
10.41,2,12.6795,1.84157
10.42,2,12.6923,1.84153
10.43,2,12.705,1.84147
10.44,2,12.7177,1.8414
10.45,2,12.7304,1.84132
10.46,2,12.7431,1.84122
10.47,2,12.7558,1.84111
10.48,2,12.7685,1.84098
10.49,2,12.7812,1.84084
10.5,2,12.7938,1.84069
10.51,2,12.8065,1.84052
10.52,2,12.8191,1.84034
10.53,2,12.8318,1.84015
10.54,2,12.8444,1.83994
10.55,2,12.857,1.83972
10.56,2,12.8696,1.83948
10.57,2,12.8822,1.83923
10.58,2,12.8948,1.83897
10.59,2,12.9073,1.83869
10.6,2,12.9199,1.83839
10.61,2,12.9324,1.83809
10.62,2,12.9449,1.83777
10.63,2,12.9575,1.83743
10.64,2,12.97,1.83708
10.65,2,12.9824,1.83672
10.66,2,12.9949,1.83633
10.67,2,13.0074,1.83594
10.68,2,13.0198,1.83554
10.69,2,13.0323,1.83512
10.7,2,13.0447,1.83469
10.71,2,13.0571,1.83424
10.72,2,13.0695,1.83378
10.73,2,13.0819,1.83331
10.74,2,13.0943,1.83282
10.75,2,13.1066,1.83232
10.76,2,13.119,1.83181
10.77,2,13.1313,1.83129
10.78,2,13.1436,1.83075
10.79,2,13.1559,1.8302
10.8,2,13.1682,1.82965
10.81,2,13.1805,1.82908
10.82,2,13.1927,1.8285
10.83,2,13.2049,1.82791
10.84,2,13.2172,1.82731
10.85,2,13.2294,1.8267
10.86,2,13.2416,1.82609
10.87,2,13.2537,1.82546
10.88,2,13.2659,1.82483
10.89,2,13.278,1.82419
10.9,2,13.2901,1.82354
10.91,2,13.3022,1.82288
10.92,2,13.3143,1.82222
10.93,2,13.3264,1.82155
10.94,2,13.3384,1.82089
10.95,2,13.3504,1.82022
10.96,2,13.3624,1.81954
10.97,2,13.3744,1.81886
10.98,2,13.3864,1.81818
10.99,2,13.3983,1.8175
11,2,13.4103,1.81683
11.01,2,13.4222,1.81615
11.02,2,13.434,1.81547
11.03,2,13.4459,1.8148
11.04,2,13.4577,1.81412
11.05,2,13.4695,1.81346
11.06,2,13.4813,1.81279
11.07,2,13.4931,1.81213
11.08,2,13.5048,1.81147
11.09,2,13.5166,1.81082
11.1,2,13.5282,1.81018
11.11,2,13.5399,1.80954
11.12,2,13.5515,1.80892
11.13,2,13.5631,1.8083
11.14,2,13.5747,1.8077
11.15,2,13.5863,1.80711
11.16,2,13.5978,1.80653
11.17,2,13.6093,1.80597
11.18,2,13.6207,1.80542
11.19,2,13.6321,1.80488
11.2,2,13.6435,1.80436
11.21,2,13.6548,1.80386
11.22,2,13.6661,1.80337
11.23,2,13.6773,1.8029
11.24,2,13.6885,1.80243
11.25,2,13.6997,1.80199
11.26,2,13.7108,1.80157
11.27,2,13.7218,1.80116
11.28,2,13.7328,1.80078
11.29,2,13.7437,1.80041
11.3,2,13.7546,1.80006
11.31,2,13.7654,1.79973
11.32,2,13.7761,1.79942
11.33,2,13.7868,1.79912
11.34,2,13.7974,1.79885
11.35,2,13.8079,1.79859
11.36,2,13.8183,1.79835
11.37,2,13.8287,1.79814
11.38,2,13.8389,1.79794
11.39,2,13.8491,1.79776
11.4,2,13.8592,1.7976
11.41,2,13.8692,1.79745
11.42,2,13.8791,1.79733
11.43,2,13.8888,1.79723
11.44,2,13.8985,1.79715
11.45,2,13.9081,1.79709
11.46,2,13.9176,1.79705
11.47,2,13.927,1.79704
11.48,2,13.9362,1.79705
11.49,2,13.9454,1.79708
11.5,2,13.9545,1.79714
11.51,2,13.9634,1.79723
11.52,2,13.9722,1.79735
11.53,2,13.981,1.79749
11.54,2,13.9896,1.79767
11.55,2,13.9981,1.79787
11.56,2,14.0064,1.79811
11.57,2,14.0147,1.79838
11.58,2,14.0229,1.79869
11.59,2,14.0309,1.79904
11.6,2,14.0389,1.79944
11.61,2,14.0467,1.79987
11.62,2,14.0545,1.80034
11.63,2,14.0621,1.80085
11.64,2,14.0696,1.80141
11.65,2,14.077,1.802
11.66,2,14.0843,1.80263
11.67,2,14.0915,1.80332
11.68,2,14.0986,1.80404
11.69,2,14.1056,1.80481
11.7,2,14.1125,1.80563
11.71,2,14.1193,1.80648
11.72,2,14.1259,1.80738
11.73,2,14.1325,1.80832
11.74,2,14.139,1.80931
11.75,2,14.1454,1.81034
11.76,2,14.1517,1.81141
11.77,2,14.158,1.81251
11.78,2,14.1641,1.81365
11.79,2,14.1701,1.81482
11.8,2,14.176,1.81603
11.81,2,14.1819,1.81725
11.82,2,14.1876,1.8185
11.83,2,14.1933,1.81977
11.84,2,14.1988,1.82105
11.85,2,14.2042,1.82234
11.86,2,14.2096,1.82363
11.87,2,14.2148,1.82493
11.88,2,14.2199,1.82621
11.89,2,14.2249,1.82749
11.9,2,14.2298,1.82875
11.91,2,14.2345,1.82999
11.92,2,14.2391,1.8312
11.93,2,14.2436,1.83237
11.94,2,14.248,1.8335
11.95,2,14.2522,1.83459
11.96,2,14.2563,1.83563
11.97,2,14.2602,1.83661
11.98,2,14.264,1.83752
11.99,2,14.2676,1.83837
12,2,14.2711,1.83913
12.01,2,14.2744,1.83982
12.02,2,14.2776,1.84043
12.03,2,14.2806,1.84096
12.04,2,14.2834,1.8414
12.05,2,14.2861,1.84174
12.06,2,14.2887,1.84199
12.07,2,14.2911,1.84215
12.08,2,14.2933,1.8422
12.09,2,14.2954,1.84217
12.1,2,14.2974,1.84204
12.11,2,14.2992,1.84183
12.12,2,14.3009,1.84153
12.13,2,14.3025,1.84114
12.14,2,14.304,1.84067
12.15,2,14.3054,1.84011
12.16,2,14.3067,1.83948
12.17,2,14.3078,1.83877
12.18,2,14.3089,1.83799
12.19,2,14.31,1.83715
12.2,2,14.3109,1.83624
12.21,2,14.3118,1.83527
12.22,2,14.3126,1.83425
12.23,2,14.3134,1.83319
12.24,2,14.3141,1.83208
12.25,2,14.3148,1.83093
12.26,2,14.3155,1.82975
12.27,2,14.3161,1.82854
12.28,2,14.3166,1.82731
12.29,2,14.3172,1.82605
12.3,2,14.3177,1.82478
12.31,2,14.3182,1.8235
12.32,2,14.3187,1.82221
12.33,2,14.3191,1.82092
12.34,2,14.3196,1.81963
12.35,2,14.32,1.81835
12.36,2,14.3204,1.81707
12.37,2,14.3208,1.81581
12.38,2,14.3212,1.81456
12.39,2,14.3215,1.81333
12.4,2,14.3218,1.81212
12.41,2,14.3222,1.81094
12.42,2,14.3225,1.80978
12.43,2,14.3227,1.80865
12.44,2,14.323,1.80755
12.45,2,14.3232,1.80648
12.46,2,14.3234,1.80544
12.47,2,14.3236,1.80444
12.48,2,14.3238,1.80347
12.49,2,14.3239,1.80254
12.5,2,14.324,1.80165
12.51,2,14.3241,1.80079
12.52,2,14.3242,1.79996
12.53,2,14.3242,1.79918
12.54,2,14.3242,1.79843
12.55,2,14.3241,1.79771
12.56,2,14.324,1.79703
12.57,2,14.3239,1.79638
12.58,2,14.3238,1.79577
12.59,2,14.3236,1.79518
12.6,2,14.3234,1.79463
12.61,2,14.3231,1.7941
12.62,2,14.3229,1.7936
12.63,2,14.3226,1.79311
12.64,2,14.3222,1.79265
12.65,2,14.3219,1.79221
12.66,2,14.3215,1.79178
12.67,2,14.3211,1.79137
12.68,2,14.3207,1.79097
12.69,2,14.3203,1.79059
12.7,2,14.3199,1.79021
12.71,2,14.3195,1.78985
12.72,2,14.3191,1.78949
12.73,2,14.3187,1.78913
12.74,2,14.3182,1.78878
12.75,2,14.3178,1.78843
12.76,2,14.3174,1.78808
12.77,2,14.317,1.78772
12.78,2,14.3166,1.78736
12.79,2,14.3162,1.78699
12.8,2,14.3158,1.78662
12.81,2,14.3155,1.78623
12.82,2,14.3151,1.78583
12.83,2,14.3148,1.78543
12.84,2,14.3144,1.78501
12.85,2,14.3141,1.78457
12.86,2,14.3137,1.78412
12.87,2,14.3134,1.78365
12.88,2,14.3131,1.78316
12.89,2,14.3127,1.78266
12.9,2,14.3124,1.78213
12.91,2,14.3121,1.78158
12.92,2,14.3117,1.78102
12.93,2,14.3114,1.78043
12.94,2,14.3111,1.77981
12.95,2,14.3107,1.77918
12.96,2,14.3104,1.77853
12.97,2,14.3101,1.77785
12.98,2,14.3097,1.77716
12.99,2,14.3094,1.77645
13,2,14.3091,1.77572
13.01,2,14.3088,1.77498
13.02,2,14.3085,1.77422
13.03,2,14.3082,1.77345
13.04,2,14.308,1.77267
13.05,2,14.3078,1.77188
13.06,2,14.3076,1.77108
13.07,2,14.3074,1.77029
13.08,2,14.3073,1.76949
13.09,2,14.3072,1.76869
13.1,2,14.3071,1.76789
13.11,2,14.3071,1.76709
13.12,2,14.307,1.76629
13.13,2,14.307,1.7655
13.14,2,14.3071,1.76471
13.15,2,14.3071,1.76393
13.16,2,14.3072,1.76315
13.17,2,14.3073,1.76238
13.18,2,14.3074,1.76162
13.19,2,14.3075,1.76087
13.2,2,14.3077,1.76013
13.21,2,14.3078,1.75939
13.22,2,14.308,1.75867
13.23,2,14.3082,1.75796
13.24,2,14.3084,1.75727
13.25,2,14.3086,1.75659
13.26,2,14.3088,1.75593
13.27,2,14.309,1.75528
13.28,2,14.3093,1.75466
13.29,2,14.3096,1.75405
13.3,2,14.3099,1.75347
13.31,2,14.3102,1.7529
13.32,2,14.3105,1.75236
13.33,2,14.3109,1.75185
13.34,2,14.3112,1.75136
13.35,2,14.3116,1.7509
13.36,2,14.3121,1.75046
13.37,2,14.3125,1.75005
13.38,2,14.313,1.74967
13.39,2,14.3135,1.74932
13.4,2,14.314,1.74899
13.41,2,14.3145,1.74869
13.42,2,14.315,1.74842
13.43,2,14.3155,1.74817
13.44,2,14.3161,1.74794
13.45,2,14.3166,1.74774
13.46,2,14.3172,1.74757
13.47,2,14.3178,1.74741
13.48,2,14.3183,1.74728
13.49,2,14.3189,1.74717
13.5,2,14.3195,1.74708
13.51,2,14.32,1.747
13.52,2,14.3206,1.74695
13.53,2,14.3212,1.74691
13.54,2,14.3218,1.74688
13.55,2,14.3223,1.74688
13.56,2,14.3229,1.74688
13.57,2,14.3235,1.7469
13.58,2,14.3241,1.74693
13.59,2,14.3246,1.74696
13.6,2,14.3252,1.74701
13.61,2,14.3257,1.74707
13.62,2,14.3263,1.74713
13.63,2,14.3268,1.74719
13.64,2,14.3273,1.74725
13.65,2,14.3278,1.74731
13.66,2,14.3283,1.74738
13.67,2,14.3288,1.74744
13.68,2,14.3293,1.74749
13.69,2,14.3297,1.74754
13.7,2,14.3301,1.74758
13.71,2,14.3305,1.74761
13.72,2,14.3309,1.74763
13.73,2,14.3313,1.74765
13.74,2,14.3316,1.74765
13.75,2,14.332,1.74763
13.76,2,14.3323,1.7476
13.77,2,14.3326,1.74756
13.78,2,14.3329,1.7475
13.79,2,14.3331,1.74742
13.8,2,14.3334,1.74732
13.81,2,14.3336,1.7472
13.82,2,14.3338,1.74706
13.83,2,14.334,1.7469
13.84,2,14.3342,1.74671
13.85,2,14.3344,1.7465
13.86,2,14.3346,1.74626
13.87,2,14.3347,1.74599
13.88,2,14.3348,1.74569
13.89,2,14.3349,1.74537
13.9,2,14.335,1.74502
13.91,2,14.3351,1.74463
13.92,2,14.3352,1.74422
13.93,2,14.3352,1.74378
13.94,2,14.3353,1.74331
13.95,2,14.3353,1.74282
13.96,2,14.3353,1.74229
13.97,2,14.3353,1.74173
13.98,2,14.3353,1.74115
13.99,2,14.3353,1.74053
14,2,14.3353,1.73989
14.01,2,14.3353,1.73923
14.02,2,14.3353,1.73853
14.03,2,14.3352,1.73782
14.04,2,14.3352,1.73707
14.05,2,14.3352,1.7363
14.06,2,14.3351,1.73551
14.07,2,14.3351,1.7347
14.08,2,14.335,1.73387
14.09,2,14.335,1.73302
14.1,2,14.3349,1.73215
14.11,2,14.3349,1.73126
14.12,2,14.3349,1.73036
14.13,2,14.3348,1.72944
14.14,2,14.3348,1.72852
14.15,2,14.3348,1.72758
14.16,2,14.3347,1.72663
14.17,2,14.3347,1.72566
14.18,2,14.3347,1.72469
14.19,2,14.3347,1.72371
14.2,2,14.3347,1.72273
14.21,2,14.3347,1.72173
14.22,2,14.3347,1.72073
14.23,2,14.3347,1.71973
14.24,2,14.3348,1.71872
14.25,2,14.3348,1.71771
14.26,2,14.3349,1.7167
14.27,2,14.3349,1.71569
14.28,2,14.335,1.71467
14.29,2,14.3351,1.71366
14.3,2,14.3352,1.71265
14.31,2,14.3353,1.71164
14.32,2,14.3354,1.71064
14.33,2,14.3355,1.70964
14.34,2,14.3357,1.70865
14.35,2,14.3358,1.70766
14.36,2,14.336,1.70669
14.37,2,14.3362,1.70572
14.38,2,14.3364,1.70475
14.39,2,14.3367,1.7038
14.4,2,14.3369,1.70285
14.41,2,14.3372,1.70191
14.42,2,14.3374,1.70098
14.43,2,14.3377,1.70005
14.44,2,14.338,1.69914
14.45,2,14.3383,1.69823
14.46,2,14.3386,1.69734
14.47,2,14.339,1.69645
14.48,2,14.3393,1.69557
14.49,2,14.3397,1.69471
14.5,2,14.3401,1.69385
14.51,2,14.3405,1.693
14.52,2,14.3408,1.69216
14.53,2,14.3413,1.69133
14.54,2,14.3417,1.69051
14.55,2,14.3421,1.6897
14.56,2,14.3425,1.6889
14.57,2,14.343,1.68811
14.58,2,14.3434,1.68733
14.59,2,14.3439,1.68656
14.6,2,14.3444,1.6858
14.61,2,14.3449,1.68505
14.62,2,14.3454,1.68431
14.63,2,14.3459,1.68357
14.64,2,14.3464,1.68284
14.65,2,14.3469,1.68212
14.66,2,14.3474,1.68141
14.67,2,14.3479,1.6807
14.68,2,14.3485,1.68
14.69,2,14.349,1.6793
14.7,2,14.3495,1.67862
14.71,2,14.3501,1.67794
14.72,2,14.3506,1.67726
14.73,2,14.3511,1.67659
14.74,2,14.3517,1.67592
14.75,2,14.3522,1.67525
14.76,2,14.3528,1.67459
14.77,2,14.3533,1.67394
14.78,2,14.3539,1.67328
14.79,2,14.3544,1.67263
14.8,2,14.355,1.67198
14.81,2,14.3555,1.67133
14.82,2,14.356,1.67069
14.83,2,14.3566,1.67005
14.84,2,14.3571,1.66942
14.85,2,14.3576,1.66878
14.86,2,14.3581,1.66815
14.87,2,14.3586,1.66753
14.88,2,14.3591,1.6669
14.89,2,14.3596,1.66629
14.9,2,14.3601,1.66567
14.91,2,14.3606,1.66505
14.92,2,14.361,1.66444
14.93,2,14.3615,1.66384
14.94,2,14.3619,1.66324
14.95,2,14.3624,1.66264
14.96,2,14.3628,1.66204
14.97,2,14.3632,1.66146
14.98,2,14.3636,1.66087
14.99,2,14.364,1.66029
15,2,14.3643,1.65972
15.01,2,14.3647,1.65915
15.02,2,14.365,1.65859
15.03,2,14.3653,1.65804
15.04,2,14.3656,1.65749
15.05,2,14.3658,1.65696
15.06,2,14.3661,1.65643
15.07,2,14.3663,1.65591
15.08,2,14.3665,1.6554
15.09,2,14.3667,1.6549
15.1,2,14.3668,1.65441
15.11,2,14.367,1.65394
15.12,2,14.3671,1.65348
15.13,2,14.3671,1.65303
15.14,2,14.3672,1.65259
15.15,2,14.3672,1.65217
15.16,2,14.3672,1.65177
15.17,2,14.3671,1.65138
15.18,2,14.367,1.65101
15.19,2,14.3669,1.65065
15.2,2,14.3667,1.65031
15.21,2,14.3665,1.65
15.22,2,14.3663,1.6497
15.23,2,14.366,1.64942
15.24,2,14.3657,1.64916
15.25,2,14.3654,1.64892
15.26,2,14.365,1.64871
15.27,2,14.3646,1.64852
15.28,2,14.3641,1.64835
15.29,2,14.3636,1.64821
15.3,2,14.363,1.64809
15.31,2,14.3624,1.64799
15.32,2,14.3618,1.64792
15.33,2,14.3611,1.64787
15.34,2,14.3604,1.64784
15.35,2,14.3596,1.64784
15.36,2,14.3588,1.64786
15.37,2,14.3579,1.64791
15.38,2,14.357,1.64797
15.39,2,14.3561,1.64806
15.4,2,14.3551,1.64818
15.41,2,14.3541,1.64831
15.42,2,14.353,1.64846
15.43,2,14.3519,1.64864
15.44,2,14.3508,1.64883
15.45,2,14.3497,1.64904
15.46,2,14.3485,1.64927
15.47,2,14.3473,1.64951
15.48,2,14.346,1.64977
15.49,2,14.3448,1.65004
15.5,2,14.3435,1.65032
15.51,2,14.3422,1.65061
15.52,2,14.3409,1.6509
15.53,2,14.3396,1.65121
15.54,2,14.3383,1.65152
15.55,2,14.3369,1.65183
15.56,2,14.3356,1.65215
15.57,2,14.3342,1.65247
15.58,2,14.3329,1.65279
15.59,2,14.3315,1.65311
15.6,2,14.3302,1.65343
15.61,2,14.3289,1.65374
15.62,2,14.3276,1.65405
15.63,2,14.3262,1.65436
15.64,2,14.325,1.65465
15.65,2,14.3237,1.65494
15.66,2,14.3224,1.65523
15.67,2,14.3212,1.6555
15.68,2,14.32,1.65577
15.69,2,14.3188,1.65602
15.7,2,14.3176,1.65627
15.71,2,14.3165,1.6565
15.72,2,14.3153,1.65672
15.73,2,14.3142,1.65694
15.74,2,14.3132,1.65714
15.75,2,14.3122,1.65733
15.76,2,14.3112,1.65751
15.77,2,14.3102,1.65767
15.78,2,14.3093,1.65783
15.79,2,14.3084,1.65797
15.8,2,14.3075,1.65811
15.81,2,14.3066,1.65823
15.82,2,14.3058,1.65834
15.83,2,14.3051,1.65845
15.84,2,14.3044,1.65854
15.85,2,14.3037,1.65863
15.86,2,14.303,1.65871
15.87,2,14.3024,1.65878
15.88,2,14.3018,1.65884
15.89,2,14.3012,1.6589
15.9,2,14.3007,1.65895
15.91,2,14.3002,1.659
15.92,2,14.2998,1.65904
15.93,2,14.2993,1.65908
15.94,2,14.2989,1.65912
15.95,2,14.2986,1.65915
15.96,2,14.2982,1.65918
15.97,2,14.2979,1.65922
15.98,2,14.2977,1.65925
15.99,2,14.2974,1.65928
16,2,14.2972,1.65931
16.01,2,14.297,1.65935
16.02,2,14.2968,1.65939
16.03,2,14.2967,1.65943
16.04,2,14.2966,1.65947
16.05,2,14.2965,1.65952
16.06,2,14.2964,1.65957
16.07,2,14.2963,1.65963
16.08,2,14.2963,1.65969
16.09,2,14.2963,1.65975
16.1,2,14.2963,1.65982
16.11,2,14.2963,1.6599
16.12,2,14.2963,1.65998
16.13,2,14.2964,1.66006
16.14,2,14.2964,1.66016
16.15,2,14.2965,1.66025
16.16,2,14.2966,1.66036
16.17,2,14.2967,1.66047
16.18,2,14.2968,1.66058
16.19,2,14.2969,1.6607
16.2,2,14.297,1.66083
16.21,2,14.2972,1.66096
16.22,2,14.2973,1.6611
16.23,2,14.2975,1.66124
16.24,2,14.2976,1.66139
16.25,2,14.2978,1.66154
16.26,2,14.298,1.66169
16.27,2,14.2981,1.66185
16.28,2,14.2983,1.66202
16.29,2,14.2985,1.66218
16.3,2,14.2987,1.66236
16.31,2,14.2989,1.66253
16.32,2,14.299,1.6627
16.33,2,14.2992,1.66288
16.34,2,14.2994,1.66306
16.35,2,14.2996,1.66324
16.36,2,14.2998,1.66343
16.37,2,14.3,1.66361
16.38,2,14.3002,1.6638
16.39,2,14.3004,1.66398
16.4,2,14.3006,1.66417
16.41,2,14.3008,1.66436
16.42,2,14.301,1.66454
16.43,2,14.3012,1.66473
16.44,2,14.3013,1.66492
16.45,2,14.3015,1.6651
16.46,2,14.3017,1.66529
16.47,2,14.3019,1.66547
16.48,2,14.3021,1.66565
16.49,2,14.3023,1.66583
16.5,2,14.3024,1.66602
16.51,2,14.3026,1.6662
16.52,2,14.3028,1.66638
16.53,2,14.303,1.66655
16.54,2,14.3031,1.66673
16.55,2,14.3033,1.66691
16.56,2,14.3035,1.66708
16.57,2,14.3036,1.66726
16.58,2,14.3038,1.66743
16.59,2,14.3039,1.66761
16.6,2,14.3041,1.66778
16.61,2,14.3042,1.66796
16.62,2,14.3044,1.66813
16.63,2,14.3045,1.66831
16.64,2,14.3046,1.66848
16.65,2,14.3048,1.66866
16.66,2,14.3049,1.66883
16.67,2,14.305,1.66901
16.68,2,14.3051,1.66919
16.69,2,14.3052,1.66937
16.7,2,14.3053,1.66955
16.71,2,14.3054,1.66973
16.72,2,14.3055,1.66991
16.73,2,14.3056,1.6701
16.74,2,14.3057,1.67029
16.75,2,14.3057,1.67048
16.76,2,14.3058,1.67067
16.77,2,14.3059,1.67087
16.78,2,14.3059,1.67107
16.79,2,14.306,1.67127
16.8,2,14.306,1.67148
16.81,2,14.3061,1.67169
16.82,2,14.3061,1.6719
16.83,2,14.3061,1.67211
16.84,2,14.3062,1.67233
16.85,2,14.3062,1.67255
16.86,2,14.3062,1.67277
16.87,2,14.3062,1.67299
16.88,2,14.3062,1.67322
16.89,2,14.3062,1.67345
16.9,2,14.3062,1.67368
16.91,2,14.3062,1.67392
16.92,2,14.3062,1.67416
16.93,2,14.3062,1.6744
16.94,2,14.3062,1.67464
16.95,2,14.3061,1.67488
16.96,2,14.3061,1.67513
16.97,2,14.3061,1.67538
16.98,2,14.3061,1.67563
16.99,2,14.306,1.67588
17,2,14.306,1.67613
17.01,2,14.306,1.67638
17.02,2,14.3059,1.67663
17.03,2,14.3059,1.67688
17.04,2,14.3059,1.67714
17.05,2,14.3058,1.67739
17.06,2,14.3058,1.67764
17.07,2,14.3058,1.67789
17.08,2,14.3057,1.67814
17.09,2,14.3057,1.67839
17.1,2,14.3057,1.67864
17.11,2,14.3056,1.67889
17.12,2,14.3056,1.67913
17.13,2,14.3056,1.67937
17.14,2,14.3055,1.67961
17.15,2,14.3055,1.67985
17.16,2,14.3055,1.68009
17.17,2,14.3055,1.68032
17.18,2,14.3055,1.68055
17.19,2,14.3055,1.68078
17.2,2,14.3055,1.681
17.21,2,14.3055,1.68122
17.22,2,14.3055,1.68144
17.23,2,14.3055,1.68166
17.24,2,14.3055,1.68187
17.25,2,14.3055,1.68208
17.26,2,14.3055,1.68229
17.27,2,14.3055,1.68249
17.28,2,14.3055,1.68269
17.29,2,14.3056,1.68289
17.3,2,14.3056,1.68308
17.31,2,14.3056,1.68327
17.32,2,14.3057,1.68346
17.33,2,14.3057,1.68365
17.34,2,14.3057,1.68383
17.35,2,14.3058,1.68401
17.36,2,14.3058,1.68418
17.37,2,14.3059,1.68436
17.38,2,14.306,1.68453
17.39,2,14.306,1.6847
17.4,2,14.3061,1.68487
17.41,2,14.3061,1.68503
17.42,2,14.3062,1.6852
17.43,2,14.3063,1.68536
17.44,2,14.3064,1.68552
17.45,2,14.3064,1.68568
17.46,2,14.3065,1.68583
17.47,2,14.3066,1.68599
17.48,2,14.3067,1.68614
17.49,2,14.3068,1.6863
17.5,2,14.3068,1.68645
17.51,2,14.3069,1.6866
17.52,2,14.307,1.68675
17.53,2,14.3071,1.6869
17.54,2,14.3072,1.68705
17.55,2,14.3073,1.6872
17.56,2,14.3074,1.68735
17.57,2,14.3075,1.68749
17.58,2,14.3076,1.68764
17.59,2,14.3076,1.68779
17.6,2,14.3077,1.68794
17.61,2,14.3078,1.68808
17.62,2,14.3079,1.68823
17.63,2,14.308,1.68837
17.64,2,14.3081,1.68852
17.65,2,14.3082,1.68867
17.66,2,14.3083,1.68881
17.67,2,14.3083,1.68896
17.68,2,14.3084,1.6891
17.69,2,14.3085,1.68925
17.7,2,14.3086,1.68939
17.71,2,14.3087,1.68954
17.72,2,14.3087,1.68968
17.73,2,14.3088,1.68983
17.74,2,14.3089,1.68997
17.75,2,14.3089,1.69011
17.76,2,14.309,1.69026
17.77,2,14.3091,1.6904
17.78,2,14.3091,1.69054
17.79,2,14.3092,1.69068
17.8,2,14.3092,1.69082
17.81,2,14.3093,1.69096
17.82,2,14.3093,1.6911
17.83,2,14.3094,1.69124
17.84,2,14.3094,1.69137
17.85,2,14.3095,1.69151
17.86,2,14.3095,1.69164
17.87,2,14.3095,1.69177
17.88,2,14.3096,1.6919
17.89,2,14.3096,1.69203
17.9,2,14.3096,1.69216
17.91,2,14.3097,1.69228
17.92,2,14.3097,1.69241
17.93,2,14.3097,1.69253
17.94,2,14.3097,1.69265
17.95,2,14.3097,1.69276
17.96,2,14.3097,1.69288
17.97,2,14.3097,1.69299
17.98,2,14.3097,1.6931
17.99,2,14.3097,1.69321
18,2,14.3097,1.69332
18.01,2,14.3097,1.69343
18.02,2,14.3097,1.69353
18.03,2,14.3097,1.69363
18.04,2,14.3097,1.69373
18.05,2,14.3097,1.69383
18.06,2,14.3096,1.69392
18.07,2,14.3096,1.69402
18.08,2,14.3096,1.69411
18.09,2,14.3096,1.6942
18.1,2,14.3095,1.69429
18.11,2,14.3095,1.69437
18.12,2,14.3095,1.69446
18.13,2,14.3094,1.69454
18.14,2,14.3094,1.69463
18.15,2,14.3093,1.69471
18.16,2,14.3093,1.69479
18.17,2,14.3092,1.69486
18.18,2,14.3092,1.69494
18.19,2,14.3091,1.69502
18.2,2,14.3091,1.69509
18.21,2,14.309,1.69517
18.22,2,14.309,1.69524
18.23,2,14.3089,1.69531
18.24,2,14.3089,1.69538
18.25,2,14.3088,1.69545
18.26,2,14.3087,1.69552
18.27,2,14.3087,1.69559
18.28,2,14.3086,1.69566
18.29,2,14.3085,1.69573
18.3,2,14.3085,1.6958
18.31,2,14.3084,1.69586
18.32,2,14.3083,1.69593
18.33,2,14.3082,1.696
18.34,2,14.3082,1.69606
18.35,2,14.3081,1.69613
18.36,2,14.308,1.6962
18.37,2,14.3079,1.69626
18.38,2,14.3078,1.69633
18.39,2,14.3078,1.69639
18.4,2,14.3077,1.69646
18.41,2,14.3076,1.69652
18.42,2,14.3075,1.69659
18.43,2,14.3074,1.69666
18.44,2,14.3073,1.69672
18.45,2,14.3073,1.69679
18.46,2,14.3072,1.69685
18.47,2,14.3071,1.69692
18.48,2,14.307,1.69698
18.49,2,14.3069,1.69705
18.5,2,14.3068,1.69712
18.51,2,14.3067,1.69719
18.52,2,14.3066,1.69725
18.53,2,14.3066,1.69732
18.54,2,14.3065,1.69739
18.55,2,14.3064,1.69746
18.56,2,14.3063,1.69752
18.57,2,14.3062,1.69759
18.58,2,14.3061,1.69766
18.59,2,14.306,1.69772
18.6,2,14.306,1.69779
18.61,2,14.3059,1.69786
18.62,2,14.3058,1.69793
18.63,2,14.3057,1.69799
18.64,2,14.3056,1.69806
18.65,2,14.3056,1.69813
18.66,2,14.3055,1.69819
18.67,2,14.3054,1.69826
18.68,2,14.3053,1.69832
18.69,2,14.3053,1.69839
18.7,2,14.3052,1.69846
18.71,2,14.3051,1.69852
18.72,2,14.305,1.69859
18.73,2,14.305,1.69865
18.74,2,14.3049,1.69871
18.75,2,14.3048,1.69878
18.76,2,14.3048,1.69884
18.77,2,14.3047,1.6989
18.78,2,14.3046,1.69897
18.79,2,14.3046,1.69903
18.8,2,14.3045,1.69909
18.81,2,14.3044,1.69915
18.82,2,14.3044,1.69921
18.83,2,14.3043,1.69927
18.84,2,14.3043,1.69933
18.85,2,14.3042,1.69939
18.86,2,14.3042,1.69945
18.87,2,14.3041,1.69951
18.88,2,14.3041,1.69956
18.89,2,14.304,1.69962
18.9,2,14.304,1.69968
18.91,2,14.3039,1.69973
18.92,2,14.3039,1.69979
18.93,2,14.3038,1.69984
18.94,2,14.3038,1.6999
18.95,2,14.3037,1.69995
18.96,2,14.3037,1.7
18.97,2,14.3037,1.70006
18.98,2,14.3036,1.70011
18.99,2,14.3036,1.70016
19,2,14.3035,1.70022
19.01,2,14.3035,1.70027
19.02,2,14.3035,1.70032
19.03,2,14.3034,1.70037
19.04,2,14.3034,1.70043
19.05,2,14.3034,1.70048
19.06,2,14.3033,1.70053
19.07,2,14.3033,1.70058
19.08,2,14.3032,1.70063
19.09,2,14.3032,1.70069
19.1,2,14.3032,1.70074
19.11,2,14.3031,1.70079
19.12,2,14.3031,1.70084
19.13,2,14.3031,1.7009
19.14,2,14.303,1.70095
19.15,2,14.303,1.701
19.16,2,14.303,1.70106
19.17,2,14.3029,1.70111
19.18,2,14.3029,1.70116
19.19,2,14.3029,1.70122
19.2,2,14.3028,1.70127
19.21,2,14.3028,1.70133
19.22,2,14.3028,1.70138
19.23,2,14.3027,1.70144
19.24,2,14.3027,1.7015
19.25,2,14.3027,1.70155
19.26,2,14.3026,1.70161
19.27,2,14.3026,1.70167
19.28,2,14.3026,1.70173
19.29,2,14.3025,1.70179
19.3,2,14.3025,1.70185
19.31,2,14.3025,1.70191
19.32,2,14.3024,1.70197
19.33,2,14.3024,1.70203
19.34,2,14.3024,1.70209
19.35,2,14.3023,1.70216
19.36,2,14.3023,1.70222
19.37,2,14.3023,1.70228
19.38,2,14.3022,1.70235
19.39,2,14.3022,1.70241
19.4,2,14.3022,1.70248
19.41,2,14.3021,1.70254
19.42,2,14.3021,1.70261
19.43,2,14.3021,1.70267
19.44,2,14.302,1.70274
19.45,2,14.302,1.7028
19.46,2,14.302,1.70287
19.47,2,14.302,1.70294
19.48,2,14.3019,1.703
19.49,2,14.3019,1.70307
19.5,2,14.3019,1.70314
19.51,2,14.3018,1.70321
19.52,2,14.3018,1.70327
19.53,2,14.3018,1.70334
19.54,2,14.3017,1.70341
19.55,2,14.3017,1.70348
19.56,2,14.3017,1.70355
19.57,2,14.3017,1.70362
19.58,2,14.3016,1.70368
19.59,2,14.3016,1.70375
19.6,2,14.3016,1.70382
19.61,2,14.3015,1.70389
19.62,2,14.3015,1.70396
19.63,2,14.3015,1.70403
19.64,2,14.3014,1.7041
19.65,2,14.3014,1.70417
19.66,2,14.3014,1.70424
19.67,2,14.3014,1.70431
19.68,2,14.3013,1.70438
19.69,2,14.3013,1.70445
19.7,2,14.3013,1.70452
19.71,2,14.3012,1.70459
19.72,2,14.3012,1.70466
19.73,2,14.3012,1.70473
19.74,2,14.3011,1.7048
19.75,2,14.3011,1.70487
19.76,2,14.3011,1.70494
19.77,2,14.3011,1.70501
19.78,2,14.301,1.70508
19.79,2,14.301,1.70515
19.8,2,14.301,1.70522
19.81,2,14.3009,1.7053
19.82,2,14.3009,1.70537
19.83,2,14.3009,1.70544
19.84,2,14.3009,1.70551
19.85,2,14.3008,1.70558
19.86,2,14.3008,1.70565
19.87,2,14.3008,1.70572
19.88,2,14.3007,1.7058
19.89,2,14.3007,1.70587
19.9,2,14.3007,1.70594
19.91,2,14.3006,1.70601
19.92,2,14.3006,1.70608
19.93,2,14.3006,1.70616
19.94,2,14.3006,1.70623
19.95,2,14.3005,1.7063
19.96,2,14.3005,1.70637
19.97,2,14.3005,1.70644
19.98,2,14.3004,1.70651
19.99,2,14.3004,1.70658
0,3,0.953732,1.51239
0.01,3,0.955806,1.51301
0.02,3,0.958857,1.51392
0.03,3,0.962847,1.51507
0.04,3,0.967725,1.51646
0.05,3,0.973438,1.51804
0.06,3,0.979914,1.51978
0.07,3,0.98711,1.52164
0.08,3,0.994958,1.52359
0.09,3,1.0034,1.52562
0.1,3,1.01238,1.52768
0.11,3,1.02187,1.52977
0.12,3,1.0318,1.53188
0.13,3,1.04213,1.53398
0.14,3,1.05282,1.53607
0.15,3,1.06383,1.53813
0.16,3,1.07513,1.54017
0.17,3,1.08667,1.54217
0.18,3,1.09843,1.54414
0.19,3,1.11039,1.54607
0.2,3,1.12252,1.54797
0.21,3,1.1348,1.54982
0.22,3,1.1472,1.55165
0.23,3,1.15971,1.55343
0.24,3,1.17231,1.55519
0.25,3,1.18499,1.55691
0.26,3,1.19773,1.5586
0.27,3,1.21053,1.56027
0.28,3,1.22336,1.5619
0.29,3,1.23622,1.56351
0.3,3,1.2491,1.5651
0.31,3,1.26198,1.56667
0.32,3,1.27486,1.56821
0.33,3,1.28774,1.56974
0.34,3,1.3006,1.57125
0.35,3,1.31343,1.57275
0.36,3,1.32623,1.57423
0.37,3,1.339,1.5757
0.38,3,1.35172,1.57717
0.39,3,1.3644,1.57862
0.4,3,1.37703,1.58007
0.41,3,1.38961,1.58151
0.42,3,1.40213,1.58294
0.43,3,1.41458,1.58436
0.44,3,1.42697,1.58578
0.45,3,1.43929,1.5872
0.46,3,1.45153,1.5886
0.47,3,1.46371,1.59001
0.48,3,1.4758,1.59141
0.49,3,1.48782,1.59281
0.5,3,1.49976,1.5942
0.51,3,1.51162,1.59559
0.52,3,1.52339,1.59698
0.53,3,1.53509,1.59836
0.54,3,1.5467,1.59973
0.55,3,1.55823,1.6011
0.56,3,1.56969,1.60245
0.57,3,1.58106,1.6038
0.58,3,1.59236,1.60514
0.59,3,1.60358,1.60646
0.6,3,1.61472,1.60777
0.61,3,1.62578,1.60909
0.62,3,1.63676,1.6104
0.63,3,1.64766,1.61169
0.64,3,1.65849,1.61297
0.65,3,1.66925,1.61424
0.66,3,1.67994,1.6155
0.67,3,1.69057,1.61674
0.68,3,1.70112,1.61797
0.69,3,1.71162,1.61917
0.7,3,1.72207,1.62036
0.71,3,1.73247,1.62153
0.72,3,1.74284,1.62268
0.73,3,1.75316,1.62382
0.74,3,1.76344,1.62494
0.75,3,1.77367,1.62604
0.76,3,1.78388,1.62712
0.77,3,1.79404,1.62818
0.78,3,1.80419,1.62922
0.79,3,1.81432,1.63024
0.8,3,1.82443,1.63125
0.81,3,1.83453,1.63224
0.82,3,1.84462,1.63321
0.83,3,1.8547,1.63416
0.84,3,1.86477,1.63509
0.85,3,1.87484,1.63601
0.86,3,1.88491,1.6369
0.87,3,1.89498,1.63778
0.88,3,1.90506,1.63864
0.89,3,1.91514,1.63949
0.9,3,1.92523,1.64031
0.91,3,1.93533,1.64112
0.92,3,1.94544,1.64191
0.93,3,1.95557,1.64268
0.94,3,1.96571,1.64343
0.95,3,1.97586,1.64417
0.96,3,1.98603,1.6449
0.97,3,1.99623,1.64561
0.98,3,2.00645,1.64631
0.99,3,2.01669,1.64699
1,3,2.02696,1.64765
1.01,3,2.03726,1.6483
1.02,3,2.04759,1.64894
1.03,3,2.05794,1.64956
1.04,3,2.06833,1.65017
1.05,3,2.07876,1.65077
1.06,3,2.08921,1.65135
1.07,3,2.09971,1.65192
1.08,3,2.11023,1.65248
1.09,3,2.12079,1.65302
1.1,3,2.13138,1.65355
1.11,3,2.142,1.65407
1.12,3,2.15266,1.65457
1.13,3,2.16336,1.65506
1.14,3,2.1741,1.65554
1.15,3,2.18487,1.65601
1.16,3,2.19568,1.65646
1.17,3,2.20652,1.6569
1.18,3,2.21741,1.65733
1.19,3,2.22833,1.65774
1.2,3,2.23929,1.65815
1.21,3,2.25029,1.65854
1.22,3,2.26133,1.65892
1.23,3,2.2724,1.65929
1.24,3,2.28351,1.65965
1.25,3,2.29466,1.66
1.26,3,2.30585,1.66034
1.27,3,2.31707,1.66066
1.28,3,2.32833,1.66098
1.29,3,2.33963,1.66128
1.3,3,2.35097,1.66158
1.31,3,2.36235,1.66186
1.32,3,2.37376,1.66213
1.33,3,2.3852,1.6624
1.34,3,2.39668,1.66265
1.35,3,2.4082,1.66289
1.36,3,2.41975,1.66312
1.37,3,2.43134,1.66335
1.38,3,2.44297,1.66356
1.39,3,2.45463,1.66376
1.4,3,2.46632,1.66395
1.41,3,2.47805,1.66413
1.42,3,2.48982,1.6643
1.43,3,2.50162,1.66446
1.44,3,2.51346,1.66461
1.45,3,2.52532,1.66476
1.46,3,2.53722,1.66489
1.47,3,2.54916,1.66501
1.48,3,2.56112,1.66512
1.49,3,2.57312,1.66523
1.5,3,2.58515,1.66532
1.51,3,2.59721,1.66541
1.52,3,2.60931,1.66549
1.53,3,2.62143,1.66556
1.54,3,2.63358,1.66561
1.55,3,2.64577,1.66566
1.56,3,2.65799,1.6657
1.57,3,2.67023,1.66574
1.58,3,2.68251,1.66576
1.59,3,2.69482,1.66577
1.6,3,2.70716,1.66578
1.61,3,2.71952,1.66578
1.62,3,2.73192,1.66577
1.63,3,2.74434,1.66575
1.64,3,2.7568,1.66572
1.65,3,2.76928,1.66568
1.66,3,2.78179,1.66563
1.67,3,2.79432,1.66558
1.68,3,2.80689,1.66552
1.69,3,2.81948,1.66545
1.7,3,2.8321,1.66537
1.71,3,2.84474,1.66529
1.72,3,2.8574,1.6652
1.73,3,2.87009,1.6651
1.74,3,2.88281,1.66499
1.75,3,2.89554,1.66488
1.76,3,2.9083,1.66476
1.77,3,2.92109,1.66464
1.78,3,2.9339,1.6645
1.79,3,2.94673,1.66437
1.8,3,2.95958,1.66422
1.81,3,2.97245,1.66407
1.82,3,2.98534,1.66391
1.83,3,2.99826,1.66375
1.84,3,3.01119,1.66358
1.85,3,3.02415,1.6634
1.86,3,3.03713,1.66322
1.87,3,3.05013,1.66303
1.88,3,3.06314,1.66284
1.89,3,3.07617,1.66265
1.9,3,3.08922,1.66244
1.91,3,3.10229,1.66224
1.92,3,3.11537,1.66203
1.93,3,3.12848,1.66181
1.94,3,3.1416,1.66159
1.95,3,3.15474,1.66137
1.96,3,3.1679,1.66114
1.97,3,3.18108,1.6609
1.98,3,3.19426,1.66067
1.99,3,3.20747,1.66043
2,3,3.22069,1.66018
2.01,3,3.23392,1.65994
2.02,3,3.24716,1.65969
2.03,3,3.26042,1.65944
2.04,3,3.2737,1.65918
2.05,3,3.28698,1.65892
2.06,3,3.30028,1.65866
2.07,3,3.3136,1.6584
2.08,3,3.32692,1.65813
2.09,3,3.34026,1.65787
2.1,3,3.35362,1.65759
2.11,3,3.36698,1.65732
2.12,3,3.38036,1.65705
2.13,3,3.39375,1.65677
2.14,3,3.40716,1.65649
2.15,3,3.42057,1.6562
2.16,3,3.434,1.65592
2.17,3,3.44744,1.65563
2.18,3,3.46089,1.65534
2.19,3,3.47434,1.65505
2.2,3,3.48781,1.65476
2.21,3,3.50129,1.65447
2.22,3,3.51478,1.65418
2.23,3,3.52828,1.65388
2.24,3,3.54178,1.65359
2.25,3,3.5553,1.65329
2.26,3,3.56882,1.65299
2.27,3,3.58236,1.6527
2.28,3,3.5959,1.6524
2.29,3,3.60945,1.6521
2.3,3,3.62301,1.6518
2.31,3,3.63658,1.6515
2.32,3,3.65016,1.6512
2.33,3,3.66374,1.6509
2.34,3,3.67733,1.6506
2.35,3,3.69093,1.6503
2.36,3,3.70454,1.65
2.37,3,3.71815,1.6497
2.38,3,3.73177,1.6494
2.39,3,3.7454,1.6491
2.4,3,3.75903,1.64881
2.41,3,3.77267,1.64851
2.42,3,3.78631,1.64822
2.43,3,3.79996,1.64792
2.44,3,3.81361,1.64763
2.45,3,3.82727,1.64734
2.46,3,3.84093,1.64706
2.47,3,3.85459,1.64677
2.48,3,3.86826,1.64649
2.49,3,3.88194,1.64621
2.5,3,3.89562,1.64592
2.51,3,3.9093,1.64565
2.52,3,3.92299,1.64537
2.53,3,3.93669,1.64509
2.54,3,3.95039,1.64482
2.55,3,3.96409,1.64454
2.56,3,3.97779,1.64427
2.57,3,3.9915,1.64401
2.58,3,4.00521,1.64374
2.59,3,4.01892,1.64348
2.6,3,4.03264,1.64322
2.61,3,4.04636,1.64296
2.62,3,4.06008,1.6427
2.63,3,4.0738,1.64245
2.64,3,4.08753,1.6422
2.65,3,4.10126,1.64195
2.66,3,4.11499,1.64171
2.67,3,4.12872,1.64147
2.68,3,4.14246,1.64123
2.69,3,4.1562,1.641
2.7,3,4.16994,1.64076
2.71,3,4.18368,1.64053
2.72,3,4.19742,1.64031
2.73,3,4.21117,1.64008
2.74,3,4.22492,1.63986
2.75,3,4.23867,1.63964
2.76,3,4.25242,1.63943
2.77,3,4.26617,1.63922
2.78,3,4.27993,1.63901
2.79,3,4.29368,1.6388
2.8,3,4.30744,1.6386
2.81,3,4.32119,1.63841
2.82,3,4.33496,1.63821
2.83,3,4.34872,1.63802
2.84,3,4.36248,1.63784
2.85,3,4.37624,1.63765
2.86,3,4.39,1.63747
2.87,3,4.40376,1.6373
2.88,3,4.41752,1.63713
2.89,3,4.43129,1.63696
2.9,3,4.44505,1.6368
2.91,3,4.45881,1.63664
2.92,3,4.47258,1.63648
2.93,3,4.48634,1.63633
2.94,3,4.50011,1.63618
2.95,3,4.51388,1.63603
2.96,3,4.52765,1.63589
2.97,3,4.54141,1.63575
2.98,3,4.55518,1.63562
2.99,3,4.56894,1.63549
3,3,4.58271,1.63536
3.01,3,4.59648,1.63524
3.02,3,4.61025,1.63512
3.03,3,4.62401,1.635
3.04,3,4.63778,1.63489
3.05,3,4.65155,1.63478
3.06,3,4.66532,1.63468
3.07,3,4.67909,1.63458
3.08,3,4.69286,1.63448
3.09,3,4.70663,1.63439
3.1,3,4.7204,1.6343
3.11,3,4.73417,1.63421
3.12,3,4.74794,1.63413
3.13,3,4.76171,1.63405
3.14,3,4.77548,1.63398
3.15,3,4.78925,1.63391
3.16,3,4.80302,1.63384
3.17,3,4.81678,1.63377
3.18,3,4.83055,1.63371
3.19,3,4.84431,1.63365
3.2,3,4.85808,1.6336
3.21,3,4.87184,1.63355
3.22,3,4.8856,1.6335
3.23,3,4.89936,1.63345
3.24,3,4.91312,1.63341
3.25,3,4.92688,1.63337
3.26,3,4.94064,1.63334
3.27,3,4.9544,1.6333
3.28,3,4.96816,1.63327
3.29,3,4.98191,1.63325
3.3,3,4.99568,1.63322
3.31,3,5.00944,1.6332
3.32,3,5.0232,1.63319
3.33,3,5.03696,1.63317
3.34,3,5.05072,1.63316
3.35,3,5.06448,1.63315
3.36,3,5.07825,1.63314
3.37,3,5.092,1.63314
3.38,3,5.10576,1.63314
3.39,3,5.11952,1.63315
3.4,3,5.13328,1.63315
3.41,3,5.14703,1.63316
3.42,3,5.16079,1.63318
3.43,3,5.17454,1.6332
3.44,3,5.18829,1.63321
3.45,3,5.20204,1.63324
3.46,3,5.21579,1.63326
3.47,3,5.22954,1.63329
3.48,3,5.24329,1.63332
3.49,3,5.25703,1.63336
3.5,3,5.27078,1.6334
3.51,3,5.28453,1.63343
3.52,3,5.29827,1.63348
3.53,3,5.31202,1.63352
3.54,3,5.32576,1.63357
3.55,3,5.33951,1.63362
3.56,3,5.35325,1.63367
3.57,3,5.367,1.63373
3.58,3,5.38075,1.63378
3.59,3,5.39449,1.63384
3.6,3,5.40824,1.6339
3.61,3,5.42199,1.63397
3.62,3,5.43575,1.63403
3.63,3,5.4495,1.6341
3.64,3,5.46325,1.63417
3.65,3,5.47699,1.63424
3.66,3,5.49074,1.63431
3.67,3,5.50448,1.63439
3.68,3,5.51823,1.63446
3.69,3,5.53197,1.63454
3.7,3,5.54572,1.63462
3.71,3,5.55946,1.6347
3.72,3,5.57321,1.63478
3.73,3,5.58695,1.63487
3.74,3,5.6007,1.63495
3.75,3,5.61444,1.63504
3.76,3,5.62819,1.63512
3.77,3,5.64193,1.63521
3.78,3,5.65568,1.6353
3.79,3,5.66943,1.63539
3.8,3,5.68317,1.63549
3.81,3,5.69691,1.63558
3.82,3,5.71065,1.63568
3.83,3,5.72439,1.63578
3.84,3,5.73813,1.63587
3.85,3,5.75187,1.63597
3.86,3,5.76561,1.63608
3.87,3,5.77934,1.63618
3.88,3,5.79308,1.63629
3.89,3,5.80682,1.63639
3.9,3,5.82055,1.6365
3.91,3,5.83429,1.63661
3.92,3,5.84803,1.63672
3.93,3,5.86177,1.63683
3.94,3,5.87551,1.63694
3.95,3,5.88925,1.63705
3.96,3,5.90299,1.63717
3.97,3,5.91673,1.63728
3.98,3,5.93047,1.63739
3.99,3,5.94422,1.63751
4,3,5.95796,1.63762
4.01,3,5.97171,1.63773
4.02,3,5.98545,1.63785
4.03,3,5.99919,1.63796
4.04,3,6.01294,1.63808
4.05,3,6.02668,1.6382
4.06,3,6.04043,1.63831
4.07,3,6.05417,1.63843
4.08,3,6.06792,1.63855
4.09,3,6.08166,1.63867
4.1,3,6.09541,1.63879
4.11,3,6.10915,1.63891
4.12,3,6.1229,1.63903
4.13,3,6.13664,1.63915
4.14,3,6.15038,1.63927
4.15,3,6.16412,1.63939
4.16,3,6.17786,1.63951
4.17,3,6.1916,1.63963
4.18,3,6.20534,1.63975
4.19,3,6.21909,1.63987
4.2,3,6.23283,1.63999
4.21,3,6.24657,1.64011
4.22,3,6.26032,1.64023
4.23,3,6.27406,1.64035
4.24,3,6.28781,1.64047
4.25,3,6.30155,1.64059
4.26,3,6.3153,1.64071
4.27,3,6.32905,1.64083
4.28,3,6.34279,1.64095
4.29,3,6.35653,1.64107
4.3,3,6.37028,1.64119
4.31,3,6.38402,1.64131
4.32,3,6.39777,1.64143
4.33,3,6.41152,1.64155
4.34,3,6.42527,1.64167
4.35,3,6.43902,1.64178
4.36,3,6.45277,1.6419
4.37,3,6.46651,1.64202
4.38,3,6.48026,1.64214
4.39,3,6.49401,1.64225
4.4,3,6.50776,1.64237
4.41,3,6.52151,1.64248
4.42,3,6.53526,1.6426
4.43,3,6.549,1.64271
4.44,3,6.56276,1.64283
4.45,3,6.57651,1.64294
4.46,3,6.59026,1.64305
4.47,3,6.604,1.64316
4.48,3,6.61775,1.64327
4.49,3,6.6315,1.64338
4.5,3,6.64525,1.64349
4.51,3,6.65899,1.6436
4.52,3,6.67274,1.64371
4.53,3,6.68649,1.64382
4.54,3,6.70024,1.64392
4.55,3,6.71399,1.64403
4.56,3,6.72774,1.64414
4.57,3,6.7415,1.64424
4.58,3,6.75525,1.64434
4.59,3,6.76901,1.64445
4.6,3,6.78276,1.64455
4.61,3,6.79652,1.64465
4.62,3,6.81027,1.64476
4.63,3,6.82403,1.64486
4.64,3,6.83778,1.64496
4.65,3,6.85154,1.64506
4.66,3,6.86529,1.64516
4.67,3,6.87905,1.64526
4.68,3,6.89281,1.64536
4.69,3,6.90656,1.64546
4.7,3,6.92032,1.64555
4.71,3,6.93409,1.64565
4.72,3,6.94785,1.64574
4.73,3,6.96161,1.64583
4.74,3,6.97537,1.64592
4.75,3,6.98913,1.64601
4.76,3,7.00289,1.6461
4.77,3,7.01666,1.64619
4.78,3,7.03042,1.64627
4.79,3,7.04419,1.64635
4.8,3,7.05795,1.64644
4.81,3,7.07172,1.64652
4.82,3,7.08549,1.6466
4.83,3,7.09925,1.64668
4.84,3,7.11302,1.64676
4.85,3,7.12679,1.64684
4.86,3,7.14055,1.64692
4.87,3,7.15432,1.64699
4.88,3,7.16808,1.64707
4.89,3,7.18184,1.64714
4.9,3,7.19561,1.64722
4.91,3,7.20938,1.64729
4.92,3,7.22314,1.64736
4.93,3,7.2369,1.64744
4.94,3,7.25067,1.64751
4.95,3,7.26443,1.64758
4.96,3,7.27819,1.64765
4.97,3,7.29196,1.64772
4.98,3,7.30572,1.64779
4.99,3,7.31949,1.64785
5,3,7.33325,1.64792
5.01,3,7.34701,1.64799
5.02,3,7.36078,1.64805
5.03,3,7.37454,1.64812
5.04,3,7.3883,1.64818
5.05,3,7.40207,1.64825
5.06,3,7.41583,1.64831
5.07,3,7.42959,1.64838
5.08,3,7.44334,1.64844
5.09,3,7.4571,1.6485
5.1,3,7.47086,1.64856
5.11,3,7.48462,1.64862
5.12,3,7.49838,1.64868
5.13,3,7.51213,1.64873
5.14,3,7.52589,1.64879
5.15,3,7.53964,1.64884
5.16,3,7.5534,1.6489
5.17,3,7.56716,1.64895
5.18,3,7.58092,1.649
5.19,3,7.59468,1.64906
5.2,3,7.60843,1.64911
5.21,3,7.62219,1.64916
5.22,3,7.63595,1.64921
5.23,3,7.6497,1.64926
5.24,3,7.66346,1.64931
5.25,3,7.67721,1.64936
5.26,3,7.69096,1.64941
5.27,3,7.70471,1.64946
5.28,3,7.71846,1.64951
5.29,3,7.7322,1.64956
5.3,3,7.74594,1.64961
5.31,3,7.75968,1.64966
5.32,3,7.77342,1.64971
5.33,3,7.78716,1.64976
5.34,3,7.8009,1.64981
5.35,3,7.81463,1.64985
5.36,3,7.82837,1.6499
5.37,3,7.84211,1.64995
5.38,3,7.85584,1.65
5.39,3,7.86957,1.65004
5.4,3,7.8833,1.65009
5.41,3,7.89702,1.65014
5.42,3,7.91075,1.65019
5.43,3,7.92447,1.65024
5.44,3,7.93818,1.65029
5.45,3,7.9519,1.65034
5.46,3,7.96561,1.6504
5.47,3,7.97933,1.65045
5.48,3,7.99304,1.6505
5.49,3,8.00675,1.65056
5.5,3,8.02046,1.65061
5.51,3,8.03417,1.65066
5.52,3,8.04787,1.65071
5.53,3,8.06158,1.65076
5.54,3,8.07528,1.65082
5.55,3,8.08898,1.65087
5.56,3,8.10269,1.65092
5.57,3,8.11638,1.65097
5.58,3,8.13008,1.65103
5.59,3,8.14377,1.65108
5.6,3,8.15746,1.65113
5.61,3,8.17115,1.65119
5.62,3,8.18483,1.65124
5.63,3,8.19851,1.6513
5.64,3,8.21219,1.65135
5.65,3,8.22587,1.6514
5.66,3,8.23954,1.65146
5.67,3,8.25321,1.65151
5.68,3,8.26687,1.65157
5.69,3,8.28053,1.65163
5.7,3,8.2942,1.65168
5.71,3,8.30785,1.65174
5.72,3,8.32151,1.65179
5.73,3,8.33517,1.65184
5.74,3,8.34883,1.65189
5.75,3,8.36249,1.65195
5.76,3,8.37614,1.652
5.77,3,8.3898,1.65205
5.78,3,8.40345,1.6521
5.79,3,8.4171,1.65215
5.8,3,8.43075,1.6522
5.81,3,8.44439,1.65225
5.82,3,8.45803,1.65231
5.83,3,8.47166,1.65236
5.84,3,8.4853,1.65241
5.85,3,8.49893,1.65246
5.86,3,8.51256,1.65252
5.87,3,8.52618,1.65257
5.88,3,8.53981,1.65262
5.89,3,8.55343,1.65268
5.9,3,8.56705,1.65273
5.91,3,8.58068,1.65279
5.92,3,8.5943,1.65284
5.93,3,8.60792,1.65289
5.94,3,8.62153,1.65295
5.95,3,8.63514,1.65301
5.96,3,8.64875,1.65307
5.97,3,8.66236,1.65312
5.98,3,8.67596,1.65318
5.99,3,8.68956,1.65324
6,3,8.70316,1.6533
6.01,3,8.71675,1.65335
6.02,3,8.73035,1.65341
6.03,3,8.74394,1.65347
6.04,3,8.75753,1.65352
6.05,3,8.77112,1.65358
6.06,3,8.78471,1.65363
6.07,3,8.79829,1.65368
6.08,3,8.81187,1.65374
6.09,3,8.82545,1.65379
6.1,3,8.83902,1.65385
6.11,3,8.85259,1.6539
6.12,3,8.86616,1.65396
6.13,3,8.87973,1.65401
6.14,3,8.8933,1.65406
6.15,3,8.90686,1.65412
6.16,3,8.92043,1.65417
6.17,3,8.93399,1.65422
6.18,3,8.94756,1.65428
6.19,3,8.96112,1.65433
6.2,3,8.97468,1.65438
6.21,3,8.98823,1.65444
6.22,3,9.00178,1.65449
6.23,3,9.01533,1.65454
6.24,3,9.02888,1.6546
6.25,3,9.04243,1.65465
6.26,3,9.05597,1.6547
6.27,3,9.06951,1.65475
6.28,3,9.08305,1.65481
6.29,3,9.09659,1.65486
6.3,3,9.11012,1.65491
6.31,3,9.12365,1.65496
6.32,3,9.13718,1.65501
6.33,3,9.15072,1.65506
6.34,3,9.16425,1.65511
6.35,3,9.17778,1.65516
6.36,3,9.1913,1.65521
6.37,3,9.20482,1.65526
6.38,3,9.21834,1.65531
6.39,3,9.23186,1.65536
6.4,3,9.24537,1.65542
6.41,3,9.25888,1.65547
6.42,3,9.27239,1.65552
6.43,3,9.28591,1.65557
6.44,3,9.29942,1.65563
6.45,3,9.31293,1.65568
6.46,3,9.32644,1.65573
6.47,3,9.33994,1.65578
6.48,3,9.35345,1.65582
6.49,3,9.36695,1.65587
6.5,3,9.38044,1.65592
6.51,3,9.39394,1.65597
6.52,3,9.40743,1.65602
6.53,3,9.42093,1.65607
6.54,3,9.43442,1.65612
6.55,3,9.44791,1.65617
6.56,3,9.46139,1.65621
6.57,3,9.47488,1.65626
6.58,3,9.48836,1.65631
6.59,3,9.50185,1.65636
6.6,3,9.51533,1.6564
6.61,3,9.52881,1.65645
6.62,3,9.54229,1.65649
6.63,3,9.55576,1.65654
6.64,3,9.56923,1.65659
6.65,3,9.5827,1.65663
6.66,3,9.59617,1.65668
6.67,3,9.60964,1.65673
6.68,3,9.6231,1.65677
6.69,3,9.63655,1.65682
6.7,3,9.65,1.65687
6.71,3,9.66346,1.65692
6.72,3,9.67691,1.65696
6.73,3,9.69036,1.65701
6.74,3,9.70381,1.65705
6.75,3,9.71726,1.6571
6.76,3,9.73071,1.65714
6.77,3,9.74415,1.65718
6.78,3,9.75759,1.65723
6.79,3,9.77102,1.65727
6.8,3,9.78446,1.65732
6.81,3,9.7979,1.65736
6.82,3,9.81133,1.6574
6.83,3,9.82477,1.65745
6.84,3,9.8382,1.65749
6.85,3,9.85163,1.65753
6.86,3,9.86506,1.65757
6.87,3,9.87849,1.65761
6.88,3,9.89191,1.65765
6.89,3,9.90534,1.6577
6.9,3,9.91876,1.65774
6.91,3,9.93218,1.65778
6.92,3,9.9456,1.65782
6.93,3,9.95902,1.65786
6.94,3,9.97243,1.6579
6.95,3,9.98584,1.65794
6.96,3,9.99925,1.65798
6.97,3,10.0127,1.65801
6.98,3,10.0261,1.65805
6.99,3,10.0395,1.65808
7,3,10.0529,1.65811
7.01,3,10.0663,1.65814
7.02,3,10.0797,1.65817
7.03,3,10.0931,1.6582
7.04,3,10.1065,1.65823
7.05,3,10.1199,1.65826
7.06,3,10.1334,1.65829
7.07,3,10.1468,1.65831
7.08,3,10.1602,1.65834
7.09,3,10.1736,1.65837
7.1,3,10.187,1.65839
7.11,3,10.2004,1.65841
7.12,3,10.2138,1.65844
7.13,3,10.2272,1.65846
7.14,3,10.2406,1.65848
7.15,3,10.254,1.65851
7.16,3,10.2674,1.65853
7.17,3,10.2808,1.65855
7.18,3,10.2942,1.65857
7.19,3,10.3076,1.65859
7.2,3,10.321,1.65861
7.21,3,10.3344,1.65863
7.22,3,10.3478,1.65864
7.23,3,10.3612,1.65866
7.24,3,10.3746,1.65868
7.25,3,10.388,1.65869
7.26,3,10.4013,1.65871
7.27,3,10.4147,1.65872
7.28,3,10.4281,1.65873
7.29,3,10.4415,1.65875
7.3,3,10.4549,1.65876
7.31,3,10.4683,1.65877
7.32,3,10.4817,1.65878
7.33,3,10.495,1.65879
7.34,3,10.5084,1.6588
7.35,3,10.5218,1.65881
7.36,3,10.5352,1.65882
7.37,3,10.5486,1.65884
7.38,3,10.5619,1.65885
7.39,3,10.5753,1.65886
7.4,3,10.5887,1.65886
7.41,3,10.602,1.65887
7.42,3,10.6154,1.65888
7.43,3,10.6288,1.6589
7.44,3,10.6421,1.65891
7.45,3,10.6555,1.65891
7.46,3,10.6688,1.65892
7.47,3,10.6822,1.65893
7.48,3,10.6955,1.65894
7.49,3,10.7089,1.65896
7.5,3,10.7222,1.65897
7.51,3,10.7356,1.65898
7.52,3,10.7489,1.65899
7.53,3,10.7623,1.65901
7.54,3,10.7756,1.65902
7.55,3,10.7889,1.65904
7.56,3,10.8023,1.65906
7.57,3,10.8156,1.65907
7.58,3,10.8289,1.65909
7.59,3,10.8422,1.65911
7.6,3,10.8555,1.65913
7.61,3,10.8689,1.65915
7.62,3,10.8822,1.65917
7.63,3,10.8955,1.65919
7.64,3,10.9088,1.65921
7.65,3,10.9221,1.65923
7.66,3,10.9354,1.65925
7.67,3,10.9487,1.65928
7.68,3,10.962,1.6593
7.69,3,10.9753,1.65932
7.7,3,10.9886,1.65934
7.71,3,11.0019,1.65936
7.72,3,11.0152,1.65939
7.73,3,11.0285,1.65941
7.74,3,11.0418,1.65943
7.75,3,11.055,1.65946
7.76,3,11.0683,1.65948
7.77,3,11.0816,1.65951
7.78,3,11.0949,1.65953
7.79,3,11.1081,1.65955
7.8,3,11.1214,1.65957
7.81,3,11.1347,1.6596
7.82,3,11.1479,1.65962
7.83,3,11.1612,1.65964
7.84,3,11.1745,1.65966
7.85,3,11.1877,1.65968
7.86,3,11.201,1.65971
7.87,3,11.2142,1.65973
7.88,3,11.2275,1.65976
7.89,3,11.2407,1.65978
7.9,3,11.254,1.65981
7.91,3,11.2672,1.65983
7.92,3,11.2805,1.65985
7.93,3,11.2937,1.65987
7.94,3,11.307,1.65989
7.95,3,11.3202,1.65991
7.96,3,11.3335,1.65992
7.97,3,11.3468,1.65994
7.98,3,11.36,1.65996
7.99,3,11.3733,1.65997
8,3,11.3865,1.65999
8.01,3,11.3997,1.66001
8.02,3,11.413,1.66002
8.03,3,11.4262,1.66004
8.04,3,11.4395,1.66006
8.05,3,11.4527,1.66008
8.06,3,11.4659,1.66009
8.07,3,11.4792,1.6601
8.08,3,11.4924,1.66012
8.09,3,11.5056,1.66013
8.1,3,11.5189,1.66014
8.11,3,11.5321,1.66015
8.12,3,11.5453,1.66017
8.13,3,11.5586,1.66018
8.14,3,11.5718,1.66019
8.15,3,11.585,1.6602
8.16,3,11.5983,1.66021
8.17,3,11.6115,1.66021
8.18,3,11.6247,1.66022
8.19,3,11.638,1.66023
8.2,3,11.6512,1.66024
8.21,3,11.6644,1.66024
8.22,3,11.6777,1.66025
8.23,3,11.6909,1.66025
8.24,3,11.7041,1.66025
8.25,3,11.7174,1.66026
8.26,3,11.7306,1.66026
8.27,3,11.7438,1.66026
8.28,3,11.757,1.66026
8.29,3,11.7703,1.66026
8.3,3,11.7835,1.66027
8.31,3,11.7967,1.66027
8.32,3,11.8099,1.66027
8.33,3,11.8232,1.66026
8.34,3,11.8364,1.66026
8.35,3,11.8496,1.66026
8.36,3,11.8629,1.66026
8.37,3,11.8761,1.66025
8.38,3,11.8893,1.66025
8.39,3,11.9025,1.66025
8.4,3,11.9157,1.66025
8.41,3,11.9289,1.66024
8.42,3,11.9421,1.66024
8.43,3,11.9553,1.66023
8.44,3,11.9685,1.66023
8.45,3,11.9817,1.66022
8.46,3,11.9949,1.66021
8.47,3,12.0081,1.6602
8.48,3,12.0213,1.66019
8.49,3,12.0345,1.66018
8.5,3,12.0477,1.66017
8.51,3,12.0609,1.66016
8.52,3,12.0741,1.66015
8.53,3,12.0873,1.66014
8.54,3,12.1005,1.66014
8.55,3,12.1137,1.66013
8.56,3,12.1269,1.66012
8.57,3,12.14,1.66012
8.58,3,12.1532,1.66011
8.59,3,12.1664,1.6601
8.6,3,12.1796,1.66009
8.61,3,12.1927,1.66008
8.62,3,12.2059,1.66007
8.63,3,12.2191,1.66006
8.64,3,12.2323,1.66005
8.65,3,12.2454,1.66003
8.66,3,12.2586,1.66002
8.67,3,12.2718,1.66001
8.68,3,12.2849,1.66
8.69,3,12.2981,1.65998
8.7,3,12.3113,1.65997
8.71,3,12.3244,1.65995
8.72,3,12.3376,1.65994
8.73,3,12.3508,1.65993
8.74,3,12.3639,1.65991
8.75,3,12.3771,1.65989
8.76,3,12.3902,1.65988
8.77,3,12.4034,1.65986
8.78,3,12.4166,1.65984
8.79,3,12.4297,1.65983
8.8,3,12.4429,1.65981
8.81,3,12.456,1.65978
8.82,3,12.4692,1.65976
8.83,3,12.4824,1.65974
8.84,3,12.4955,1.65972
8.85,3,12.5087,1.6597
8.86,3,12.5218,1.65967
8.87,3,12.535,1.65965
8.88,3,12.5482,1.65963
8.89,3,12.5613,1.65961
8.9,3,12.5745,1.65959
8.91,3,12.5877,1.65956
8.92,3,12.6008,1.65954
8.93,3,12.614,1.65952
8.94,3,12.6271,1.6595
8.95,3,12.6403,1.65948
8.96,3,12.6535,1.65946
8.97,3,12.6666,1.65943
8.98,3,12.6798,1.65941
8.99,3,12.6929,1.65938
9,3,12.7061,1.65935
9.01,3,12.7193,1.65932
9.02,3,12.7325,1.65929
9.03,3,12.7456,1.65926
9.04,3,12.7588,1.65923
9.05,3,12.772,1.6592
9.06,3,12.7851,1.65917
9.07,3,12.7983,1.65914
9.08,3,12.8115,1.65911
9.09,3,12.8246,1.65908
9.1,3,12.8378,1.65905
9.11,3,12.851,1.65902
9.12,3,12.8641,1.659
9.13,3,12.8773,1.65897
9.14,3,12.8905,1.65894
9.15,3,12.9036,1.65891
9.16,3,12.9168,1.65888
9.17,3,12.93,1.65885
9.18,3,12.9431,1.65882
9.19,3,12.9563,1.65879
9.2,3,12.9695,1.65876
9.21,3,12.9826,1.65873
9.22,3,12.9958,1.6587
9.23,3,13.009,1.65867
9.24,3,13.0222,1.65865
9.25,3,13.0353,1.65862
9.26,3,13.0485,1.65859
9.27,3,13.0617,1.65856
9.28,3,13.0749,1.65854
9.29,3,13.088,1.65851
9.3,3,13.1012,1.65849
9.31,3,13.1144,1.65846
9.32,3,13.1276,1.65844
9.33,3,13.1408,1.65841
9.34,3,13.154,1.65839
9.35,3,13.1672,1.65837
9.36,3,13.1804,1.65835
9.37,3,13.1936,1.65832
9.38,3,13.2069,1.6583
9.39,3,13.2201,1.65829
9.4,3,13.2333,1.65827
9.41,3,13.2465,1.65826
9.42,3,13.2598,1.65825
9.43,3,13.273,1.65824
9.44,3,13.2862,1.65823
9.45,3,13.2995,1.65823
9.46,3,13.3127,1.65822
9.47,3,13.326,1.65822
9.48,3,13.3392,1.65822
9.49,3,13.3525,1.65822
9.5,3,13.3657,1.65822
9.51,3,13.379,1.65822
9.52,3,13.3923,1.65822
9.53,3,13.4056,1.65823
9.54,3,13.4188,1.65824
9.55,3,13.4321,1.65825
9.56,3,13.4454,1.65827
9.57,3,13.4587,1.65829
9.58,3,13.472,1.6583
9.59,3,13.4853,1.65833
9.6,3,13.4986,1.65835
9.61,3,13.5119,1.65838
9.62,3,13.5252,1.65841
9.63,3,13.5385,1.65845
9.64,3,13.5518,1.65848
9.65,3,13.5652,1.65853
9.66,3,13.5785,1.65858
9.67,3,13.5918,1.65863
9.68,3,13.6051,1.65868
9.69,3,13.6184,1.65875
9.7,3,13.6317,1.65882
9.71,3,13.645,1.6589
9.72,3,13.6583,1.65898
9.73,3,13.6716,1.65906
9.74,3,13.6849,1.65915
9.75,3,13.6982,1.65925
9.76,3,13.7115,1.65935
9.77,3,13.7248,1.65946
9.78,3,13.7381,1.65957
9.79,3,13.7514,1.65968
9.8,3,13.7647,1.6598
9.81,3,13.778,1.65992
9.82,3,13.7913,1.66005
9.83,3,13.8046,1.66018
9.84,3,13.8179,1.66032
9.85,3,13.8312,1.66046
9.86,3,13.8444,1.66061
9.87,3,13.8577,1.66077
9.88,3,13.8709,1.66093
9.89,3,13.8842,1.6611
9.9,3,13.8974,1.66127
9.91,3,13.9107,1.66145
9.92,3,13.9239,1.66163
9.93,3,13.9371,1.66182
9.94,3,13.9503,1.66201
9.95,3,13.9634,1.66222
9.96,3,13.9766,1.66242
9.97,3,13.9897,1.66264
9.98,3,14.0027,1.66286
9.99,3,14.0158,1.66309
10,3,14.0288,1.66333
10.01,3,14.0417,1.66358
10.02,3,14.0546,1.66384
10.03,3,14.0674,1.6641
10.04,3,14.0802,1.66437
10.05,3,14.0929,1.66466
10.06,3,14.1055,1.66495
10.07,3,14.118,1.66526
10.08,3,14.1304,1.66558
10.09,3,14.1427,1.66591
10.1,3,14.1549,1.66625
10.11,3,14.1669,1.66661
10.12,3,14.1788,1.66698
10.13,3,14.1905,1.66737
10.14,3,14.2021,1.66777
10.15,3,14.2135,1.66819
10.16,3,14.2247,1.66863
10.17,3,14.2356,1.66909
10.18,3,14.2463,1.66957
10.19,3,14.2567,1.67008
10.2,3,14.2669,1.67061
10.21,3,14.2768,1.67116
10.22,3,14.2864,1.67174
10.23,3,14.2956,1.67234
10.24,3,14.3046,1.67297
10.25,3,14.3133,1.67362
10.26,3,14.3217,1.67429
10.27,3,14.3297,1.67498
10.28,3,14.3375,1.67569
10.29,3,14.3449,1.6764
10.3,3,14.3521,1.67714
10.31,3,14.359,1.67788
10.32,3,14.3655,1.67864
10.33,3,14.3718,1.6794
10.34,3,14.3778,1.68016
10.35,3,14.3836,1.68091
10.36,3,14.3891,1.68165
10.37,3,14.3945,1.68238
10.38,3,14.3996,1.68308
10.39,3,14.4047,1.68375
10.4,3,14.4096,1.68439
10.41,3,14.4145,1.68498
10.42,3,14.4193,1.68554
10.43,3,14.424,1.68605
10.44,3,14.4287,1.68651
10.45,3,14.4334,1.68692
10.46,3,14.4382,1.68726
10.47,3,14.443,1.68753
10.48,3,14.4478,1.68773
10.49,3,14.4528,1.68786
10.5,3,14.4579,1.68791
10.51,3,14.4631,1.68787
10.52,3,14.4685,1.68775
10.53,3,14.474,1.68755
10.54,3,14.4797,1.68725
10.55,3,14.4857,1.68688
10.56,3,14.4918,1.68642
10.57,3,14.4981,1.6859
10.58,3,14.5047,1.6853
10.59,3,14.5114,1.68461
10.6,3,14.5184,1.68386
10.61,3,14.5256,1.68305
10.62,3,14.5329,1.68218
10.63,3,14.5405,1.68128
10.64,3,14.5483,1.68034
10.65,3,14.5563,1.67939
10.66,3,14.5644,1.67842
10.67,3,14.5728,1.67745
10.68,3,14.5813,1.67649
10.69,3,14.59,1.67554
10.7,3,14.5989,1.67461
10.71,3,14.6078,1.67372
10.72,3,14.6169,1.67287
10.73,3,14.6259,1.67208
10.74,3,14.6351,1.67136
10.75,3,14.6442,1.67072
10.76,3,14.6534,1.67017
10.77,3,14.6626,1.66971
10.78,3,14.6717,1.66936
10.79,3,14.6808,1.66912
10.8,3,14.6898,1.66901
10.81,3,14.6987,1.66902
10.82,3,14.7076,1.66916
10.83,3,14.7163,1.66944
10.84,3,14.7248,1.66986
10.85,3,14.7331,1.67043
10.86,3,14.7413,1.67116
10.87,3,14.7492,1.67204
10.88,3,14.7569,1.67307
10.89,3,14.7643,1.67427
10.9,3,14.7716,1.67561
10.91,3,14.7785,1.67711
10.92,3,14.7852,1.67876
10.93,3,14.7917,1.68056
10.94,3,14.7979,1.68249
10.95,3,14.8041,1.68454
10.96,3,14.8102,1.6867
10.97,3,14.816,1.68898
10.98,3,14.8217,1.69137
10.99,3,14.8274,1.69383
11,3,14.833,1.69636
11.01,3,14.8386,1.69895
11.02,3,14.8441,1.70157
11.03,3,14.8496,1.70422
11.04,3,14.8551,1.70686
11.05,3,14.8608,1.70947
11.06,3,14.8664,1.71204
11.07,3,14.8722,1.71454
11.08,3,14.8781,1.71693
11.09,3,14.8841,1.7192
11.1,3,14.8902,1.72133
11.11,3,14.8965,1.72329
11.12,3,14.903,1.72504
11.13,3,14.9096,1.72659
11.14,3,14.9164,1.7279
11.15,3,14.9233,1.72894
11.16,3,14.9303,1.72974
11.17,3,14.9374,1.73027
11.18,3,14.9446,1.73053
11.19,3,14.9518,1.73046
11.2,3,14.959,1.73006
11.21,3,14.9663,1.72934
11.22,3,14.9735,1.72829
11.23,3,14.9807,1.72695
11.24,3,14.9877,1.72531
11.25,3,14.9946,1.72339
11.26,3,15.0013,1.72119
11.27,3,15.0079,1.71873
11.28,3,15.0144,1.71604
11.29,3,15.0207,1.71313
11.3,3,15.0269,1.71004
11.31,3,15.0329,1.70679
11.32,3,15.0386,1.7034
11.33,3,15.0442,1.69988
11.34,3,15.0495,1.69629
11.35,3,15.0547,1.69262
11.36,3,15.0596,1.68893
11.37,3,15.0644,1.68523
11.38,3,15.069,1.68156
11.39,3,15.0734,1.67794
11.4,3,15.0776,1.67439
11.41,3,15.0816,1.67095
11.42,3,15.0855,1.66763
11.43,3,15.0892,1.66442
11.44,3,15.0929,1.66134
11.45,3,15.0965,1.6584
11.46,3,15.1,1.6556
11.47,3,15.1034,1.65295
11.48,3,15.1069,1.65045
11.49,3,15.1103,1.6481
11.5,3,15.1137,1.64588
11.51,3,15.1172,1.64381
11.52,3,15.1207,1.64188
11.53,3,15.1243,1.64009
11.54,3,15.128,1.63841
11.55,3,15.1318,1.63686
11.56,3,15.1356,1.63542
11.57,3,15.1396,1.63406
11.58,3,15.1438,1.6328
11.59,3,15.148,1.63159
11.6,3,15.1525,1.63043
11.61,3,15.1571,1.6293
11.62,3,15.1618,1.62824
11.63,3,15.1667,1.62719
11.64,3,15.1717,1.62617
11.65,3,15.1768,1.62519
11.66,3,15.182,1.6242
11.67,3,15.1872,1.62322
11.68,3,15.1925,1.62224
11.69,3,15.1978,1.62127
11.7,3,15.2031,1.6203
11.71,3,15.2084,1.61932
11.72,3,15.2137,1.61833
11.73,3,15.219,1.61733
11.74,3,15.2242,1.61629
11.75,3,15.2293,1.61521
11.76,3,15.2344,1.61411
11.77,3,15.2394,1.61299
11.78,3,15.2443,1.61184
11.79,3,15.2491,1.61068
11.8,3,15.2538,1.60949
11.81,3,15.2584,1.6083
11.82,3,15.2628,1.60712
11.83,3,15.2671,1.60595
11.84,3,15.2711,1.60479
11.85,3,15.2751,1.60364
11.86,3,15.2789,1.6025
11.87,3,15.2826,1.60137
11.88,3,15.2861,1.60027
11.89,3,15.2894,1.5992
11.9,3,15.2927,1.59816
11.91,3,15.2957,1.59715
11.92,3,15.2987,1.59619
11.93,3,15.3015,1.59528
11.94,3,15.3043,1.5944
11.95,3,15.3069,1.59356
11.96,3,15.3094,1.59275
11.97,3,15.3119,1.592
11.98,3,15.3142,1.5913
11.99,3,15.3165,1.59064
12,3,15.3188,1.59002
12.01,3,15.321,1.58945
12.02,3,15.3232,1.58893
12.03,3,15.3254,1.58844
12.04,3,15.3276,1.58799
12.05,3,15.3298,1.58758
12.06,3,15.332,1.5872
12.07,3,15.3343,1.58683
12.08,3,15.3366,1.58648
12.09,3,15.339,1.58615
12.1,3,15.3414,1.58582
12.11,3,15.3439,1.58549
12.12,3,15.3465,1.58515
12.13,3,15.3491,1.58479
12.14,3,15.3519,1.58443
12.15,3,15.3547,1.58405
12.16,3,15.3577,1.58366
12.17,3,15.3607,1.58322
12.18,3,15.3638,1.58277
12.19,3,15.367,1.58228
12.2,3,15.3704,1.58174
12.21,3,15.3738,1.58117
12.22,3,15.3772,1.58055
12.23,3,15.3808,1.5799
12.24,3,15.3844,1.57922
12.25,3,15.3881,1.57849
12.26,3,15.3918,1.57772
12.27,3,15.3956,1.57692
12.28,3,15.3994,1.57607
12.29,3,15.4032,1.57522
12.3,3,15.4071,1.57435
12.31,3,15.4109,1.57345
12.32,3,15.4147,1.57256
12.33,3,15.4184,1.57167
12.34,3,15.4222,1.57078
12.35,3,15.4258,1.56989
12.36,3,15.4294,1.56902
12.37,3,15.433,1.56816
12.38,3,15.4364,1.56734
12.39,3,15.4398,1.56656
12.4,3,15.443,1.5658
12.41,3,15.4461,1.5651
12.42,3,15.4492,1.56444
12.43,3,15.4521,1.56382
12.44,3,15.4549,1.56325
12.45,3,15.4576,1.56272
12.46,3,15.4602,1.56224
12.47,3,15.4627,1.5618
12.48,3,15.4651,1.56141
12.49,3,15.4674,1.56106
12.5,3,15.4696,1.56077
12.51,3,15.4716,1.56054
12.52,3,15.4736,1.56036
12.53,3,15.4755,1.56023
12.54,3,15.4774,1.56014
12.55,3,15.4792,1.56008
12.56,3,15.4809,1.56006
12.57,3,15.4826,1.56007
12.58,3,15.4842,1.56012
12.59,3,15.4859,1.56021
12.6,3,15.4874,1.56034
12.61,3,15.489,1.56051
12.62,3,15.4905,1.56072
12.63,3,15.4919,1.56099
12.64,3,15.4933,1.56132
12.65,3,15.4946,1.5617
12.66,3,15.4959,1.56214
12.67,3,15.4971,1.56264
12.68,3,15.4983,1.5632
12.69,3,15.4994,1.56382
12.7,3,15.5004,1.56449
12.71,3,15.5014,1.56522
12.72,3,15.5023,1.566
12.73,3,15.5032,1.56682
12.74,3,15.5041,1.56769
12.75,3,15.505,1.56859
12.76,3,15.5058,1.56952
12.77,3,15.5066,1.57049
12.78,3,15.5074,1.57146
12.79,3,15.5082,1.57245
12.8,3,15.509,1.57345
12.81,3,15.5098,1.57444
12.82,3,15.5106,1.57542
12.83,3,15.5115,1.57639
12.84,3,15.5124,1.57734
12.85,3,15.5134,1.57826
12.86,3,15.5144,1.57916
12.87,3,15.5154,1.58002
12.88,3,15.5165,1.58086
12.89,3,15.5177,1.58165
12.9,3,15.5189,1.58242
12.91,3,15.5201,1.58315
12.92,3,15.5213,1.58385
12.93,3,15.5226,1.58453
12.94,3,15.5238,1.58517
12.95,3,15.5251,1.58578
12.96,3,15.5264,1.58637
12.97,3,15.5276,1.58694
12.98,3,15.5289,1.58749
12.99,3,15.5301,1.58801
13,3,15.5312,1.58852
13.01,3,15.5323,1.58901
13.02,3,15.5334,1.58948
13.03,3,15.5344,1.58993
13.04,3,15.5353,1.59035
13.05,3,15.5362,1.59075
13.06,3,15.537,1.59112
13.07,3,15.5377,1.59147
13.08,3,15.5384,1.5918
13.09,3,15.539,1.59209
13.1,3,15.5395,1.59236
13.11,3,15.5399,1.59261
13.12,3,15.5403,1.59284
13.13,3,15.5406,1.59304
13.14,3,15.5408,1.59323
13.15,3,15.541,1.59341
13.16,3,15.541,1.59359
13.17,3,15.541,1.59377
13.18,3,15.5409,1.59396
13.19,3,15.5407,1.59415
13.2,3,15.5404,1.59436
13.21,3,15.5401,1.59458
13.22,3,15.5396,1.59482
13.23,3,15.5391,1.59507
13.24,3,15.5385,1.59535
13.25,3,15.5379,1.59565
13.26,3,15.5372,1.59597
13.27,3,15.5364,1.59632
13.28,3,15.5356,1.59669
13.29,3,15.5347,1.59709
13.3,3,15.5338,1.5975
13.31,3,15.5329,1.59793
13.32,3,15.532,1.59838
13.33,3,15.5311,1.59884
13.34,3,15.5301,1.5993
13.35,3,15.5292,1.59978
13.36,3,15.5283,1.60025
13.37,3,15.5275,1.60073
13.38,3,15.5267,1.6012
13.39,3,15.5259,1.60167
13.4,3,15.5252,1.60214
13.41,3,15.5245,1.60261
13.42,3,15.524,1.60307
13.43,3,15.5235,1.60353
13.44,3,15.523,1.60398
13.45,3,15.5227,1.60444
13.46,3,15.5224,1.60491
13.47,3,15.5221,1.60539
13.48,3,15.522,1.60588
13.49,3,15.5219,1.6064
13.5,3,15.5218,1.60693
13.51,3,15.5218,1.6075
13.52,3,15.5218,1.60809
13.53,3,15.5218,1.60871
13.54,3,15.5219,1.60937
13.55,3,15.522,1.61005
13.56,3,15.5221,1.61077
13.57,3,15.5223,1.61153
13.58,3,15.5225,1.61233
13.59,3,15.5226,1.61316
13.6,3,15.5228,1.61404
13.61,3,15.523,1.61496
13.62,3,15.5233,1.61592
13.63,3,15.5235,1.61692
13.64,3,15.5237,1.61797
13.65,3,15.5239,1.61906
13.66,3,15.5241,1.62019
13.67,3,15.5243,1.62135
13.68,3,15.5246,1.62255
13.69,3,15.5248,1.62377
13.7,3,15.5251,1.62502
13.71,3,15.5254,1.62629
13.72,3,15.5257,1.62757
13.73,3,15.526,1.62886
13.74,3,15.5264,1.63015
13.75,3,15.5268,1.63145
13.76,3,15.5272,1.63273
13.77,3,15.5277,1.63401
13.78,3,15.5282,1.63527
13.79,3,15.5287,1.6365
13.8,3,15.5293,1.63771
13.81,3,15.53,1.63889
13.82,3,15.5307,1.64005
13.83,3,15.5314,1.64117
13.84,3,15.5322,1.64227
13.85,3,15.533,1.64336
13.86,3,15.5339,1.64442
13.87,3,15.5347,1.64546
13.88,3,15.5356,1.64649
13.89,3,15.5364,1.6475
13.9,3,15.5373,1.6485
13.91,3,15.5382,1.64948
13.92,3,15.539,1.65045
13.93,3,15.5399,1.6514
13.94,3,15.5407,1.65235
13.95,3,15.5415,1.65328
13.96,3,15.5423,1.65419
13.97,3,15.5431,1.65509
13.98,3,15.5438,1.65598
13.99,3,15.5445,1.65684
14,3,15.5453,1.65769
14.01,3,15.5459,1.65852
14.02,3,15.5466,1.65934
14.03,3,15.5473,1.66013
14.04,3,15.5479,1.6609
14.05,3,15.5485,1.66165
14.06,3,15.5491,1.66237
14.07,3,15.5497,1.66307
14.08,3,15.5504,1.66375
14.09,3,15.551,1.66439
14.1,3,15.5516,1.665
14.11,3,15.5522,1.66559
14.12,3,15.5528,1.66615
14.13,3,15.5534,1.66667
14.14,3,15.554,1.66717
14.15,3,15.5547,1.66765
14.16,3,15.5553,1.66811
14.17,3,15.5559,1.66856
14.18,3,15.5565,1.66899
14.19,3,15.5571,1.66941
14.2,3,15.5577,1.66982
14.21,3,15.5583,1.67022
14.22,3,15.5588,1.67063
14.23,3,15.5594,1.67103
14.24,3,15.5599,1.67144
14.25,3,15.5604,1.67184
14.26,3,15.561,1.67226
14.27,3,15.5615,1.67267
14.28,3,15.562,1.67309
14.29,3,15.5626,1.67352
14.3,3,15.5631,1.67395
14.31,3,15.5637,1.67438
14.32,3,15.5643,1.67482
14.33,3,15.5648,1.67527
14.34,3,15.5655,1.67572
14.35,3,15.5661,1.67617
14.36,3,15.5668,1.67663
14.37,3,15.5675,1.6771
14.38,3,15.5682,1.67758
14.39,3,15.569,1.67807
14.4,3,15.5697,1.67857
14.41,3,15.5706,1.67908
14.42,3,15.5714,1.67961
14.43,3,15.5723,1.68015
14.44,3,15.5732,1.6807
14.45,3,15.5741,1.68128
14.46,3,15.575,1.68187
14.47,3,15.5759,1.68249
14.48,3,15.5769,1.68312
14.49,3,15.5779,1.68378
14.5,3,15.5788,1.68446
14.51,3,15.5798,1.68516
14.52,3,15.5808,1.68588
14.53,3,15.5818,1.68662
14.54,3,15.5829,1.68737
14.55,3,15.5839,1.68814
14.56,3,15.5849,1.68892
14.57,3,15.586,1.68972
14.58,3,15.587,1.69052
14.59,3,15.5881,1.69133
14.6,3,15.5892,1.69214
14.61,3,15.5903,1.69296
14.62,3,15.5913,1.69379
14.63,3,15.5924,1.69462
14.64,3,15.5935,1.69545
14.65,3,15.5945,1.69629
14.66,3,15.5956,1.69712
14.67,3,15.5966,1.69796
14.68,3,15.5977,1.69879
14.69,3,15.5987,1.69961
14.7,3,15.5997,1.70043
14.71,3,15.6007,1.70124
14.72,3,15.6017,1.70204
14.73,3,15.6027,1.70282
14.74,3,15.6037,1.7036
14.75,3,15.6046,1.70436
14.76,3,15.6055,1.70511
14.77,3,15.6065,1.70584
14.78,3,15.6074,1.70655
14.79,3,15.6082,1.70726
14.8,3,15.6091,1.70794
14.81,3,15.6099,1.70861
14.82,3,15.6108,1.70926
14.83,3,15.6116,1.70989
14.84,3,15.6124,1.7105
14.85,3,15.6131,1.7111
14.86,3,15.6139,1.71167
14.87,3,15.6146,1.71223
14.88,3,15.6154,1.71277
14.89,3,15.6161,1.7133
14.9,3,15.6168,1.71381
14.91,3,15.6174,1.7143
14.92,3,15.6181,1.71477
14.93,3,15.6187,1.71523
14.94,3,15.6194,1.71568
14.95,3,15.62,1.71611
14.96,3,15.6206,1.71652
14.97,3,15.6212,1.71692
14.98,3,15.6218,1.71731
14.99,3,15.6224,1.71769
15,3,15.6229,1.71806
15.01,3,15.6235,1.71842
15.02,3,15.624,1.71876
15.03,3,15.6246,1.7191
15.04,3,15.6251,1.71943
15.05,3,15.6257,1.71974
15.06,3,15.6262,1.72005
15.07,3,15.6267,1.72034
15.08,3,15.6272,1.72063
15.09,3,15.6277,1.72091
15.1,3,15.6283,1.72118
15.11,3,15.6288,1.72144
15.12,3,15.6293,1.72169
15.13,3,15.6297,1.72193
15.14,3,15.6302,1.72216
15.15,3,15.6307,1.72238
15.16,3,15.6312,1.7226
15.17,3,15.6317,1.7228
15.18,3,15.6321,1.72299
15.19,3,15.6326,1.72317
15.2,3,15.6331,1.72333
15.21,3,15.6335,1.72349
15.22,3,15.634,1.72363
15.23,3,15.6344,1.72375
15.24,3,15.6348,1.72387
15.25,3,15.6352,1.72397
15.26,3,15.6356,1.72406
15.27,3,15.636,1.72413
15.28,3,15.6364,1.72419
15.29,3,15.6368,1.72423
15.3,3,15.6371,1.72426
15.31,3,15.6374,1.72427
15.32,3,15.6378,1.72427
15.33,3,15.6381,1.72425
15.34,3,15.6383,1.72421
15.35,3,15.6386,1.72417
15.36,3,15.6389,1.7241
15.37,3,15.6391,1.72402
15.38,3,15.6393,1.72393
15.39,3,15.6395,1.72382
15.4,3,15.6397,1.72369
15.41,3,15.6399,1.72356
15.42,3,15.64,1.72341
15.43,3,15.6402,1.72324
15.44,3,15.6403,1.72307
15.45,3,15.6404,1.72289
15.46,3,15.6405,1.72269
15.47,3,15.6405,1.72249
15.48,3,15.6406,1.72227
15.49,3,15.6406,1.72205
15.5,3,15.6406,1.72183
15.51,3,15.6406,1.72159
15.52,3,15.6406,1.72136
15.53,3,15.6406,1.72111
15.54,3,15.6406,1.72087
15.55,3,15.6405,1.72063
15.56,3,15.6404,1.72038
15.57,3,15.6403,1.72014
15.58,3,15.6403,1.71989
15.59,3,15.6402,1.71965
15.6,3,15.6401,1.7194
15.61,3,15.6399,1.71917
15.62,3,15.6398,1.71893
15.63,3,15.6397,1.7187
15.64,3,15.6396,1.71848
15.65,3,15.6394,1.71826
15.66,3,15.6393,1.71805
15.67,3,15.6391,1.71785
15.68,3,15.6389,1.71766
15.69,3,15.6388,1.71748
15.7,3,15.6386,1.7173
15.71,3,15.6384,1.71714
15.72,3,15.6383,1.71699
15.73,3,15.6381,1.71684
15.74,3,15.6379,1.7167
15.75,3,15.6377,1.71658
15.76,3,15.6376,1.71646
15.77,3,15.6374,1.71636
15.78,3,15.6372,1.71626
15.79,3,15.6371,1.71618
15.8,3,15.6369,1.71611
15.81,3,15.6367,1.71605
15.82,3,15.6365,1.716
15.83,3,15.6364,1.71596
15.84,3,15.6362,1.71592
15.85,3,15.6361,1.71589
15.86,3,15.6359,1.71588
15.87,3,15.6358,1.71587
15.88,3,15.6356,1.71586
15.89,3,15.6355,1.71587
15.9,3,15.6353,1.71588
15.91,3,15.6352,1.7159
15.92,3,15.6351,1.71593
15.93,3,15.6349,1.71597
15.94,3,15.6348,1.716
15.95,3,15.6347,1.71605
15.96,3,15.6345,1.71609
15.97,3,15.6344,1.71614
15.98,3,15.6343,1.71619
15.99,3,15.6342,1.71624
16,3,15.6341,1.71629
16.01,3,15.634,1.71635
16.02,3,15.6339,1.71641
16.03,3,15.6339,1.71647
16.04,3,15.6338,1.71653
16.05,3,15.6337,1.71659
16.06,3,15.6336,1.71665
16.07,3,15.6336,1.71671
16.08,3,15.6335,1.71677
16.09,3,15.6334,1.71684
16.1,3,15.6334,1.7169
16.11,3,15.6333,1.71697
16.12,3,15.6333,1.71703
16.13,3,15.6332,1.7171
16.14,3,15.6332,1.71716
16.15,3,15.6332,1.71723
16.16,3,15.6332,1.7173
16.17,3,15.6331,1.71737
16.18,3,15.6331,1.71744
16.19,3,15.6331,1.71751
16.2,3,15.6331,1.71759
16.21,3,15.6331,1.71768
16.22,3,15.633,1.71777
16.23,3,15.633,1.71786
16.24,3,15.633,1.71795
16.25,3,15.633,1.71804
16.26,3,15.633,1.71814
16.27,3,15.6331,1.71823
16.28,3,15.6331,1.71833
16.29,3,15.6331,1.71844
16.3,3,15.6331,1.71855
16.31,3,15.6332,1.71867
16.32,3,15.6332,1.71879
16.33,3,15.6332,1.71892
16.34,3,15.6333,1.71905
16.35,3,15.6333,1.71919
16.36,3,15.6334,1.71933
16.37,3,15.6334,1.71947
16.38,3,15.6335,1.71962
16.39,3,15.6335,1.71977
16.4,3,15.6336,1.71992
16.41,3,15.6337,1.72008
16.42,3,15.6338,1.72024
16.43,3,15.6338,1.72041
16.44,3,15.6339,1.72058
16.45,3,15.634,1.72076
16.46,3,15.6341,1.72094
16.47,3,15.6342,1.72112
16.48,3,15.6343,1.72131
16.49,3,15.6344,1.7215
16.5,3,15.6345,1.72168
16.51,3,15.6346,1.72187
16.52,3,15.6347,1.72206
16.53,3,15.6348,1.72225
16.54,3,15.6349,1.72244
16.55,3,15.635,1.72262
16.56,3,15.6351,1.72281
16.57,3,15.6353,1.723
16.58,3,15.6354,1.72318
16.59,3,15.6355,1.72337
16.6,3,15.6356,1.72355
16.61,3,15.6357,1.72373
16.62,3,15.6359,1.7239
16.63,3,15.636,1.72408
16.64,3,15.6361,1.72425
16.65,3,15.6362,1.72441
16.66,3,15.6364,1.72457
16.67,3,15.6365,1.72473
16.68,3,15.6366,1.72488
16.69,3,15.6368,1.72503
16.7,3,15.6369,1.72517
16.71,3,15.637,1.72531
16.72,3,15.6371,1.72545
16.73,3,15.6372,1.72558
16.74,3,15.6373,1.72571
16.75,3,15.6374,1.72584
16.76,3,15.6375,1.72596
16.77,3,15.6376,1.72607
16.78,3,15.6377,1.72617
16.79,3,15.6378,1.72627
16.8,3,15.638,1.72637
16.81,3,15.6381,1.72646
16.82,3,15.6382,1.72655
16.83,3,15.6382,1.72663
16.84,3,15.6383,1.72672
16.85,3,15.6384,1.7268
16.86,3,15.6385,1.72688
16.87,3,15.6385,1.72695
16.88,3,15.6386,1.72702
16.89,3,15.6387,1.72709
16.9,3,15.6388,1.72715
16.91,3,15.6388,1.7272
16.92,3,15.6389,1.72726
16.93,3,15.639,1.72731
16.94,3,15.639,1.72736
16.95,3,15.6391,1.72742
16.96,3,15.6392,1.72746
16.97,3,15.6392,1.72751
16.98,3,15.6393,1.72756
16.99,3,15.6393,1.7276
17,3,15.6394,1.72765
17.01,3,15.6394,1.72769
17.02,3,15.6395,1.72773
17.03,3,15.6395,1.72778
17.04,3,15.6395,1.72782
17.05,3,15.6396,1.72786
17.06,3,15.6396,1.72791
17.07,3,15.6397,1.72795
17.08,3,15.6397,1.728
17.09,3,15.6398,1.72804
17.1,3,15.6398,1.72809
17.11,3,15.6398,1.72813
17.12,3,15.6399,1.72818
17.13,3,15.6399,1.72823
17.14,3,15.64,1.72828
17.15,3,15.64,1.72833
17.16,3,15.6401,1.72839
17.17,3,15.6401,1.72844
17.18,3,15.6401,1.7285
17.19,3,15.6402,1.72856
17.2,3,15.6402,1.72862
17.21,3,15.6402,1.72869
17.22,3,15.6403,1.72875
17.23,3,15.6403,1.72882
17.24,3,15.6404,1.72889
17.25,3,15.6404,1.72896
17.26,3,15.6404,1.72903
17.27,3,15.6405,1.72911
17.28,3,15.6405,1.72919
17.29,3,15.6405,1.72926
17.3,3,15.6406,1.72934
17.31,3,15.6406,1.72942
17.32,3,15.6406,1.7295
17.33,3,15.6407,1.72959
17.34,3,15.6407,1.72967
17.35,3,15.6407,1.72976
17.36,3,15.6408,1.72984
17.37,3,15.6408,1.72993
17.38,3,15.6408,1.73002
17.39,3,15.6409,1.73011
17.4,3,15.6409,1.7302
17.41,3,15.641,1.73029
17.42,3,15.641,1.73038
17.43,3,15.641,1.73047
17.44,3,15.6411,1.73057
17.45,3,15.6411,1.73066
17.46,3,15.6411,1.73075
17.47,3,15.6412,1.73084
17.48,3,15.6412,1.73094
17.49,3,15.6413,1.73103
17.5,3,15.6413,1.73113
17.51,3,15.6413,1.73122
17.52,3,15.6414,1.73132
17.53,3,15.6414,1.73141
17.54,3,15.6415,1.73151
17.55,3,15.6415,1.7316
17.56,3,15.6416,1.7317
17.57,3,15.6416,1.73179
17.58,3,15.6417,1.73189
17.59,3,15.6417,1.73199
17.6,3,15.6418,1.73208
17.61,3,15.6418,1.73218
17.62,3,15.6418,1.73228
17.63,3,15.6419,1.73238
17.64,3,15.6419,1.73247
17.65,3,15.642,1.73257
17.66,3,15.642,1.73267
17.67,3,15.6421,1.73277
17.68,3,15.6421,1.73287
17.69,3,15.6422,1.73297
17.7,3,15.6422,1.73307
17.71,3,15.6423,1.73316
17.72,3,15.6424,1.73326
17.73,3,15.6424,1.73336
17.74,3,15.6425,1.73346
17.75,3,15.6425,1.73357
17.76,3,15.6426,1.73367
17.77,3,15.6426,1.73377
17.78,3,15.6427,1.73387
17.79,3,15.6427,1.73397
17.8,3,15.6428,1.73408
17.81,3,15.6429,1.73418
17.82,3,15.6429,1.73428
17.83,3,15.643,1.73439
17.84,3,15.643,1.73449
17.85,3,15.6431,1.7346
17.86,3,15.6431,1.7347
17.87,3,15.6432,1.73481
17.88,3,15.6432,1.73491
17.89,3,15.6433,1.73502
17.9,3,15.6434,1.73512
17.91,3,15.6434,1.73523
17.92,3,15.6434,1.73533
17.93,3,15.6435,1.73544
17.94,3,15.6435,1.73554
17.95,3,15.6436,1.73564
17.96,3,15.6437,1.73575
17.97,3,15.6437,1.73585
17.98,3,15.6438,1.73595
17.99,3,15.6438,1.73605
18,3,15.6438,1.73615
18.01,3,15.6439,1.73625
18.02,3,15.6439,1.73635
18.03,3,15.644,1.73645
18.04,3,15.644,1.73655
18.05,3,15.644,1.73664
18.06,3,15.6441,1.73674
18.07,3,15.6441,1.73683
18.08,3,15.6442,1.73692
18.09,3,15.6442,1.73701
18.1,3,15.6443,1.7371
18.11,3,15.6443,1.73719
18.12,3,15.6443,1.73727
18.13,3,15.6444,1.73736
18.14,3,15.6444,1.73744
18.15,3,15.6445,1.73752
18.16,3,15.6445,1.7376
18.17,3,15.6446,1.73768
18.18,3,15.6446,1.73776
18.19,3,15.6446,1.73783
18.2,3,15.6447,1.73791
18.21,3,15.6447,1.73798
18.22,3,15.6448,1.73805
18.23,3,15.6448,1.73812
18.24,3,15.6448,1.73819
18.25,3,15.6449,1.73826
18.26,3,15.6449,1.73833
18.27,3,15.645,1.73839
18.28,3,15.645,1.73846
18.29,3,15.645,1.73852
18.3,3,15.6451,1.73858
18.31,3,15.6451,1.73864
18.32,3,15.6451,1.7387
18.33,3,15.6452,1.73877
18.34,3,15.6452,1.73883
18.35,3,15.6452,1.73889
18.36,3,15.6453,1.73895
18.37,3,15.6453,1.73901
18.38,3,15.6453,1.73907
18.39,3,15.6453,1.73913
18.4,3,15.6454,1.73919
18.41,3,15.6454,1.73924
18.42,3,15.6454,1.7393
18.43,3,15.6455,1.73935
18.44,3,15.6455,1.73941
18.45,3,15.6455,1.73947
18.46,3,15.6455,1.73953
18.47,3,15.6455,1.73959
18.48,3,15.6456,1.73964
18.49,3,15.6456,1.7397
18.5,3,15.6456,1.73975
18.51,3,15.6456,1.7398
18.52,3,15.6457,1.73986
18.53,3,15.6457,1.73991
18.54,3,15.6457,1.73996
18.55,3,15.6457,1.74002
18.56,3,15.6457,1.74007
18.57,3,15.6457,1.74012
18.58,3,15.6458,1.74018
18.59,3,15.6458,1.74023
18.6,3,15.6458,1.74028
18.61,3,15.6458,1.74033
18.62,3,15.6458,1.74038
18.63,3,15.6459,1.74043
18.64,3,15.6459,1.74048
18.65,3,15.6459,1.74052
18.66,3,15.6459,1.74057
18.67,3,15.6459,1.74062
18.68,3,15.6459,1.74067
18.69,3,15.6459,1.74071
18.7,3,15.6459,1.74076
18.71,3,15.6459,1.7408
18.72,3,15.646,1.74085
18.73,3,15.646,1.74089
18.74,3,15.646,1.74093
18.75,3,15.646,1.74098
18.76,3,15.646,1.74102
18.77,3,15.646,1.74106
18.78,3,15.646,1.7411
18.79,3,15.6461,1.74113
18.8,3,15.6461,1.74117
18.81,3,15.6461,1.74121
18.82,3,15.6461,1.74125
18.83,3,15.6461,1.74128
18.84,3,15.6461,1.74132
18.85,3,15.6462,1.74135
18.86,3,15.6462,1.74139
18.87,3,15.6462,1.74142
18.88,3,15.6462,1.74145
18.89,3,15.6462,1.74149
18.9,3,15.6462,1.74152
18.91,3,15.6463,1.74155
18.92,3,15.6463,1.74159
18.93,3,15.6463,1.74162
18.94,3,15.6463,1.74165
18.95,3,15.6463,1.74169
18.96,3,15.6463,1.74172
18.97,3,15.6463,1.74176
18.98,3,15.6464,1.74179
18.99,3,15.6464,1.74183
19,3,15.6464,1.74186
19.01,3,15.6464,1.74189
19.02,3,15.6464,1.74193
19.03,3,15.6465,1.74197
19.04,3,15.6465,1.742
19.05,3,15.6465,1.74204
19.06,3,15.6465,1.74208
19.07,3,15.6465,1.74212
19.08,3,15.6465,1.74216
19.09,3,15.6466,1.7422
19.1,3,15.6466,1.74223
19.11,3,15.6466,1.74227
19.12,3,15.6466,1.74231
19.13,3,15.6466,1.74236
19.14,3,15.6467,1.7424
19.15,3,15.6467,1.74244
19.16,3,15.6467,1.74248
19.17,3,15.6468,1.74252
19.18,3,15.6468,1.74257
19.19,3,15.6468,1.74261
19.2,3,15.6468,1.74266
19.21,3,15.6469,1.7427
19.22,3,15.6469,1.74275
19.23,3,15.6469,1.74279
19.24,3,15.6469,1.74284
19.25,3,15.647,1.74288
19.26,3,15.647,1.74293
19.27,3,15.647,1.74298
19.28,3,15.6471,1.74302
19.29,3,15.6471,1.74307
19.3,3,15.6471,1.74312
19.31,3,15.6471,1.74316
19.32,3,15.6472,1.74321
19.33,3,15.6472,1.74326
19.34,3,15.6472,1.7433
19.35,3,15.6473,1.74335
19.36,3,15.6473,1.74339
19.37,3,15.6473,1.74344
19.38,3,15.6474,1.74348
19.39,3,15.6474,1.74353
19.4,3,15.6475,1.74357
19.41,3,15.6475,1.74362
19.42,3,15.6475,1.74366
19.43,3,15.6476,1.7437
19.44,3,15.6476,1.74375
19.45,3,15.6476,1.74379
19.46,3,15.6477,1.74384
19.47,3,15.6477,1.74388
19.48,3,15.6477,1.74392
19.49,3,15.6478,1.74397
19.5,3,15.6478,1.74401
19.51,3,15.6478,1.74406
19.52,3,15.6479,1.7441
19.53,3,15.6479,1.74415
19.54,3,15.6479,1.74419
19.55,3,15.648,1.74423
19.56,3,15.648,1.74427
19.57,3,15.648,1.74432
19.58,3,15.6481,1.74436
19.59,3,15.6481,1.74441
19.6,3,15.6481,1.74445
19.61,3,15.6482,1.74449
19.62,3,15.6482,1.74453
19.63,3,15.6482,1.74457
19.64,3,15.6482,1.74462
19.65,3,15.6483,1.74466
19.66,3,15.6483,1.7447
19.67,3,15.6483,1.74474
19.68,3,15.6484,1.74479
19.69,3,15.6484,1.74483
19.7,3,15.6484,1.74487
19.71,3,15.6485,1.74491
19.72,3,15.6485,1.74495
19.73,3,15.6485,1.74499
19.74,3,15.6486,1.74503
19.75,3,15.6486,1.74507
19.76,3,15.6486,1.74511
19.77,3,15.6487,1.74515
19.78,3,15.6487,1.74519
19.79,3,15.6487,1.74523
19.8,3,15.6488,1.74527
19.81,3,15.6488,1.74532
19.82,3,15.6488,1.74536
19.83,3,15.6489,1.7454
19.84,3,15.6489,1.74544
19.85,3,15.6489,1.74548
19.86,3,15.6489,1.74552
19.87,3,15.649,1.74557
19.88,3,15.649,1.74561
19.89,3,15.649,1.74565
19.9,3,15.6491,1.7457
19.91,3,15.6491,1.74574
19.92,3,15.6491,1.74579
19.93,3,15.6491,1.74583
19.94,3,15.6492,1.74588
19.95,3,15.6492,1.74593
19.96,3,15.6492,1.74597
19.97,3,15.6492,1.74602
19.98,3,15.6493,1.74607
19.99,3,15.6493,1.74612
0,4,0.543417,2.03583
0.01,4,0.543347,2.03617
0.02,4,0.543251,2.03667
0.03,4,0.543136,2.03732
0.04,4,0.543013,2.03812
0.05,4,0.54289,2.03906
0.06,4,0.542768,2.04013
0.07,4,0.54267,2.04131
0.08,4,0.54261,2.04261
0.09,4,0.542595,2.04401
0.1,4,0.542637,2.04552
0.11,4,0.542749,2.0471
0.12,4,0.542943,2.04874
0.13,4,0.543242,2.05045
0.14,4,0.543652,2.05222
0.15,4,0.544184,2.05406
0.16,4,0.544841,2.05593
0.17,4,0.545643,2.05786
0.18,4,0.546605,2.05982
0.19,4,0.547721,2.0618
0.2,4,0.548998,2.06381
0.21,4,0.550444,2.06583
0.22,4,0.552065,2.06787
0.23,4,0.55388,2.06992
0.24,4,0.555891,2.07198
0.25,4,0.558091,2.07404
0.26,4,0.560494,2.07611
0.27,4,0.563089,2.07817
0.28,4,0.565889,2.08023
0.29,4,0.568895,2.08229
0.3,4,0.572096,2.08435
0.31,4,0.575501,2.08639
0.32,4,0.579109,2.08842
0.33,4,0.582912,2.09044
0.34,4,0.586907,2.09245
0.35,4,0.591097,2.09443
0.36,4,0.595479,2.0964
0.37,4,0.600054,2.09835
0.38,4,0.604817,2.10027
0.39,4,0.609768,2.10218
0.4,4,0.614905,2.10406
0.41,4,0.620224,2.10592
0.42,4,0.62572,2.10775
0.43,4,0.631393,2.10955
0.44,4,0.637238,2.11133
0.45,4,0.643249,2.11307
0.46,4,0.649424,2.11478
0.47,4,0.655762,2.11646
0.48,4,0.662259,2.11811
0.49,4,0.668912,2.11972
0.5,4,0.675716,2.12129
0.51,4,0.682666,2.12282
0.52,4,0.68976,2.12432
0.53,4,0.696995,2.12577
0.54,4,0.704371,2.12719
0.55,4,0.711882,2.12856
0.56,4,0.719526,2.12989
0.57,4,0.727302,2.13118
0.58,4,0.735205,2.13243
0.59,4,0.743233,2.13364
0.6,4,0.751383,2.13481
0.61,4,0.759655,2.13594
0.62,4,0.768045,2.13702
0.63,4,0.776549,2.13806
0.64,4,0.785163,2.13906
0.65,4,0.793888,2.14002
0.66,4,0.802719,2.14094
0.67,4,0.811654,2.14181
0.68,4,0.820691,2.14263
0.69,4,0.829829,2.14342
0.7,4,0.839065,2.14416
0.71,4,0.848395,2.14487
0.72,4,0.857819,2.14553
0.73,4,0.867334,2.14615
0.74,4,0.876938,2.14674
0.75,4,0.886629,2.14728
0.76,4,0.896405,2.14779
0.77,4,0.906265,2.14826
0.78,4,0.916207,2.14869
0.79,4,0.926228,2.14908
0.8,4,0.936326,2.14944
0.81,4,0.9465,2.14976
0.82,4,0.956747,2.15005
0.83,4,0.967067,2.15031
0.84,4,0.977458,2.15053
0.85,4,0.987918,2.15072
0.86,4,0.998445,2.15087
0.87,4,1.00904,2.151
0.88,4,1.0197,2.15109
0.89,4,1.03042,2.15116
0.9,4,1.0412,2.1512
0.91,4,1.05205,2.15121
0.92,4,1.06295,2.15119
0.93,4,1.07391,2.15115
0.94,4,1.08493,2.15109
0.95,4,1.09601,2.151
0.96,4,1.10713,2.15088
0.97,4,1.11831,2.15075
0.98,4,1.12954,2.15059
0.99,4,1.14082,2.15041
1,4,1.15215,2.15021
1.01,4,1.16353,2.14999
1.02,4,1.17496,2.14975
1.03,4,1.18643,2.1495
1.04,4,1.19794,2.14923
1.05,4,1.2095,2.14894
1.06,4,1.2211,2.14863
1.07,4,1.23274,2.14831
1.08,4,1.24442,2.14798
1.09,4,1.25615,2.14764
1.1,4,1.26791,2.14728
1.11,4,1.2797,2.1469
1.12,4,1.29154,2.14652
1.13,4,1.30341,2.14613
1.14,4,1.31531,2.14572
1.15,4,1.32725,2.1453
1.16,4,1.33922,2.14488
1.17,4,1.35123,2.14444
1.18,4,1.36326,2.144
1.19,4,1.37533,2.14355
1.2,4,1.38742,2.14309
1.21,4,1.39955,2.14262
1.22,4,1.4117,2.14215
1.23,4,1.42388,2.14167
1.24,4,1.4361,2.14119
1.25,4,1.44833,2.1407
1.26,4,1.46059,2.14021
1.27,4,1.47288,2.13971
1.28,4,1.48519,2.13921
1.29,4,1.49752,2.13871
1.3,4,1.50988,2.1382
1.31,4,1.52226,2.13769
1.32,4,1.53466,2.13718
1.33,4,1.54709,2.13667
1.34,4,1.55953,2.13615
1.35,4,1.572,2.13564
1.36,4,1.58449,2.13513
1.37,4,1.59699,2.13461
1.38,4,1.60951,2.13409
1.39,4,1.62205,2.13358
1.4,4,1.63461,2.13306
1.41,4,1.64719,2.13255
1.42,4,1.65978,2.13203
1.43,4,1.67239,2.13152
1.44,4,1.68501,2.13101
1.45,4,1.69765,2.1305
1.46,4,1.71031,2.12999
1.47,4,1.72297,2.12948
1.48,4,1.73566,2.12898
1.49,4,1.74835,2.12848
1.5,4,1.76106,2.12798
1.51,4,1.77379,2.12748
1.52,4,1.78652,2.12698
1.53,4,1.79927,2.12649
1.54,4,1.81202,2.126
1.55,4,1.82479,2.12551
1.56,4,1.83757,2.12503
1.57,4,1.85036,2.12455
1.58,4,1.86316,2.12407
1.59,4,1.87596,2.12359
1.6,4,1.88878,2.12312
1.61,4,1.90161,2.12266
1.62,4,1.91445,2.12219
1.63,4,1.92729,2.12173
1.64,4,1.94014,2.12128
1.65,4,1.95301,2.12083
1.66,4,1.96587,2.12039
1.67,4,1.97875,2.11994
1.68,4,1.99163,2.11951
1.69,4,2.00452,2.11907
1.7,4,2.01742,2.11865
1.71,4,2.03032,2.11822
1.72,4,2.04323,2.1178
1.73,4,2.05615,2.11739
1.74,4,2.06908,2.11698
1.75,4,2.08201,2.11657
1.76,4,2.09495,2.11618
1.77,4,2.10789,2.11578
1.78,4,2.12084,2.11539
1.79,4,2.1338,2.115
1.8,4,2.14676,2.11462
1.81,4,2.15973,2.11424
1.82,4,2.1727,2.11387
1.83,4,2.18568,2.1135
1.84,4,2.19866,2.11314
1.85,4,2.21165,2.11278
1.86,4,2.22464,2.11242
1.87,4,2.23763,2.11207
1.88,4,2.25064,2.11172
1.89,4,2.26364,2.11138
1.9,4,2.27665,2.11104
1.91,4,2.28967,2.1107
1.92,4,2.30269,2.11037
1.93,4,2.31571,2.11004
1.94,4,2.32874,2.10972
1.95,4,2.34177,2.1094
1.96,4,2.3548,2.10908
1.97,4,2.36784,2.10877
1.98,4,2.38089,2.10846
1.99,4,2.39393,2.10816
2,4,2.40698,2.10785
2.01,4,2.42004,2.10755
2.02,4,2.4331,2.10726
2.03,4,2.44617,2.10697
2.04,4,2.45924,2.10668
2.05,4,2.47231,2.10639
2.06,4,2.48539,2.10611
2.07,4,2.49847,2.10583
2.08,4,2.51155,2.10556
2.09,4,2.52464,2.10528
2.1,4,2.53773,2.10501
2.11,4,2.55082,2.10474
2.12,4,2.56392,2.10448
2.13,4,2.57701,2.10422
2.14,4,2.59011,2.10396
2.15,4,2.60322,2.1037
2.16,4,2.61632,2.10345
2.17,4,2.62943,2.1032
2.18,4,2.64255,2.10295
2.19,4,2.65567,2.1027
2.2,4,2.66879,2.10246
2.21,4,2.68191,2.10221
2.22,4,2.69503,2.10197
2.23,4,2.70816,2.10173
2.24,4,2.72129,2.1015
2.25,4,2.73442,2.10126
2.26,4,2.74756,2.10103
2.27,4,2.76069,2.1008
2.28,4,2.77384,2.10057
2.29,4,2.78698,2.10034
2.3,4,2.80013,2.10012
2.31,4,2.81327,2.0999
2.32,4,2.82643,2.09968
2.33,4,2.83958,2.09946
2.34,4,2.85274,2.09924
2.35,4,2.86589,2.09902
2.36,4,2.87905,2.0988
2.37,4,2.89222,2.09859
2.38,4,2.90538,2.09837
2.39,4,2.91855,2.09816
2.4,4,2.93172,2.09795
2.41,4,2.94489,2.09774
2.42,4,2.95806,2.09753
2.43,4,2.97124,2.09732
2.44,4,2.98443,2.09711
2.45,4,2.99762,2.09689
2.46,4,3.01081,2.09668
2.47,4,3.024,2.09648
2.48,4,3.0372,2.09627
2.49,4,3.0504,2.09606
2.5,4,3.06361,2.09585
2.51,4,3.07681,2.09564
2.52,4,3.09002,2.09544
2.53,4,3.10323,2.09523
2.54,4,3.11645,2.09502
2.55,4,3.12966,2.09482
2.56,4,3.14288,2.09461
2.57,4,3.15611,2.0944
2.58,4,3.16933,2.09419
2.59,4,3.18256,2.09398
2.6,4,3.19579,2.09377
2.61,4,3.20902,2.09356
2.62,4,3.22226,2.09334
2.63,4,3.2355,2.09313
2.64,4,3.24874,2.09292
2.65,4,3.26199,2.0927
2.66,4,3.27524,2.09249
2.67,4,3.28849,2.09227
2.68,4,3.30174,2.09205
2.69,4,3.315,2.09183
2.7,4,3.32826,2.09162
2.71,4,3.34152,2.0914
2.72,4,3.35478,2.09118
2.73,4,3.36805,2.09095
2.74,4,3.38132,2.09073
2.75,4,3.39459,2.09051
2.76,4,3.40787,2.09028
2.77,4,3.42115,2.09006
2.78,4,3.43443,2.08984
2.79,4,3.44772,2.08961
2.8,4,3.46101,2.08938
2.81,4,3.4743,2.08915
2.82,4,3.48759,2.08892
2.83,4,3.50089,2.08869
2.84,4,3.51419,2.08846
2.85,4,3.52749,2.08822
2.86,4,3.5408,2.08799
2.87,4,3.55411,2.08775
2.88,4,3.56742,2.08752
2.89,4,3.58074,2.08728
2.9,4,3.59406,2.08703
2.91,4,3.60738,2.08679
2.92,4,3.6207,2.08655
2.93,4,3.63403,2.0863
2.94,4,3.64735,2.08605
2.95,4,3.66068,2.0858
2.96,4,3.67402,2.08555
2.97,4,3.68735,2.0853
2.98,4,3.70069,2.08505
2.99,4,3.71404,2.08479
3,4,3.72739,2.08453
3.01,4,3.74073,2.08428
3.02,4,3.75408,2.08401
3.03,4,3.76744,2.08375
3.04,4,3.78079,2.08349
3.05,4,3.79415,2.08322
3.06,4,3.80751,2.08296
3.07,4,3.82087,2.08269
3.08,4,3.83424,2.08242
3.09,4,3.8476,2.08215
3.1,4,3.86097,2.08188
3.11,4,3.87435,2.0816
3.12,4,3.88772,2.08132
3.13,4,3.9011,2.08105
3.14,4,3.91449,2.08077
3.15,4,3.92787,2.08049
3.16,4,3.94125,2.0802
3.17,4,3.95464,2.07992
3.18,4,3.96804,2.07963
3.19,4,3.98143,2.07934
3.2,4,3.99483,2.07905
3.21,4,4.00823,2.07876
3.22,4,4.02164,2.07847
3.23,4,4.03504,2.07818
3.24,4,4.04845,2.07788
3.25,4,4.06186,2.07758
3.26,4,4.07527,2.07728
3.27,4,4.08868,2.07698
3.28,4,4.1021,2.07667
3.29,4,4.11551,2.07637
3.3,4,4.12893,2.07606
3.31,4,4.14235,2.07575
3.32,4,4.15577,2.07544
3.33,4,4.16919,2.07512
3.34,4,4.18262,2.07481
3.35,4,4.19605,2.07449
3.36,4,4.20948,2.07417
3.37,4,4.22291,2.07385
3.38,4,4.23635,2.07352
3.39,4,4.24979,2.0732
3.4,4,4.26323,2.07288
3.41,4,4.27667,2.07255
3.42,4,4.29012,2.07222
3.43,4,4.30356,2.07189
3.44,4,4.31702,2.07155
3.45,4,4.33047,2.07122
3.46,4,4.34393,2.07088
3.47,4,4.35739,2.07055
3.48,4,4.37085,2.07021
3.49,4,4.38431,2.06987
3.5,4,4.39778,2.06952
3.51,4,4.41124,2.06918
3.52,4,4.42471,2.06883
3.53,4,4.43818,2.06849
3.54,4,4.45165,2.06814
3.55,4,4.46513,2.06779
3.56,4,4.4786,2.06743
3.57,4,4.49208,2.06708
3.58,4,4.50556,2.06673
3.59,4,4.51904,2.06637
3.6,4,4.53252,2.06601
3.61,4,4.546,2.06566
3.62,4,4.55949,2.0653
3.63,4,4.57297,2.06493
3.64,4,4.58646,2.06457
3.65,4,4.59995,2.06421
3.66,4,4.61344,2.06384
3.67,4,4.62693,2.06347
3.68,4,4.64042,2.0631
3.69,4,4.65392,2.06273
3.7,4,4.66741,2.06236
3.71,4,4.68091,2.06199
3.72,4,4.69442,2.06162
3.73,4,4.70792,2.06124
3.74,4,4.72142,2.06087
3.75,4,4.73492,2.06049
3.76,4,4.74843,2.06012
3.77,4,4.76193,2.05974
3.78,4,4.77544,2.05936
3.79,4,4.78894,2.05898
3.8,4,4.80245,2.05859
3.81,4,4.81596,2.05821
3.82,4,4.82947,2.05782
3.83,4,4.84298,2.05743
3.84,4,4.85649,2.05704
3.85,4,4.87,2.05665
3.86,4,4.88352,2.05626
3.87,4,4.89704,2.05587
3.88,4,4.91055,2.05548
3.89,4,4.92408,2.05509
3.9,4,4.9376,2.0547
3.91,4,4.95112,2.0543
3.92,4,4.96464,2.05391
3.93,4,4.97816,2.05351
3.94,4,4.99167,2.05312
3.95,4,5.00519,2.05272
3.96,4,5.01871,2.05232
3.97,4,5.03223,2.05192
3.98,4,5.04575,2.05152
3.99,4,5.05927,2.05112
4,4,5.0728,2.05072
4.01,4,5.08632,2.05033
4.02,4,5.09985,2.04993
4.03,4,5.11337,2.04953
4.04,4,5.1269,2.04913
4.05,4,5.14043,2.04874
4.06,4,5.15396,2.04834
4.07,4,5.16749,2.04794
4.08,4,5.18103,2.04754
4.09,4,5.19456,2.04714
4.1,4,5.20809,2.04675
4.11,4,5.22162,2.04635
4.12,4,5.23516,2.04595
4.13,4,5.2487,2.04555
4.14,4,5.26223,2.04515
4.15,4,5.27577,2.04475
4.16,4,5.28931,2.04435
4.17,4,5.30284,2.04395
4.18,4,5.31638,2.04356
4.19,4,5.32992,2.04316
4.2,4,5.34346,2.04276
4.21,4,5.357,2.04237
4.22,4,5.37054,2.04197
4.23,4,5.38409,2.04158
4.24,4,5.39763,2.04118
4.25,4,5.41117,2.04079
4.26,4,5.42472,2.0404
4.27,4,5.43826,2.04001
4.28,4,5.45181,2.03961
4.29,4,5.46535,2.03922
4.3,4,5.4789,2.03883
4.31,4,5.49244,2.03844
4.32,4,5.50599,2.03805
4.33,4,5.51953,2.03767
4.34,4,5.53308,2.03728
4.35,4,5.54663,2.03689
4.36,4,5.56017,2.03651
4.37,4,5.57372,2.03612
4.38,4,5.58727,2.03574
4.39,4,5.60082,2.03536
4.4,4,5.61436,2.03498
4.41,4,5.62791,2.0346
4.42,4,5.64146,2.03422
4.43,4,5.65501,2.03384
4.44,4,5.66855,2.03347
4.45,4,5.6821,2.03309
4.46,4,5.69565,2.03272
4.47,4,5.7092,2.03234
4.48,4,5.72275,2.03197
4.49,4,5.73629,2.0316
4.5,4,5.74984,2.03123
4.51,4,5.7634,2.03086
4.52,4,5.77695,2.0305
4.53,4,5.7905,2.03014
4.54,4,5.80405,2.02977
4.55,4,5.8176,2.02941
4.56,4,5.83115,2.02905
4.57,4,5.8447,2.0287
4.58,4,5.85825,2.02834
4.59,4,5.8718,2.02799
4.6,4,5.88535,2.02764
4.61,4,5.8989,2.02729
4.62,4,5.91245,2.02694
4.63,4,5.926,2.02659
4.64,4,5.93955,2.02625
4.65,4,5.9531,2.02591
4.66,4,5.96665,2.02557
4.67,4,5.9802,2.02523
4.68,4,5.99375,2.02489
4.69,4,6.0073,2.02456
4.7,4,6.02084,2.02423
4.71,4,6.03439,2.0239
4.72,4,6.04794,2.02357
4.73,4,6.06148,2.02325
4.74,4,6.07503,2.02293
4.75,4,6.08857,2.02261
4.76,4,6.10212,2.02229
4.77,4,6.11566,2.02198
4.78,4,6.1292,2.02167
4.79,4,6.14274,2.02136
4.8,4,6.15629,2.02106
4.81,4,6.16983,2.02075
4.82,4,6.18336,2.02045
4.83,4,6.1969,2.02015
4.84,4,6.21044,2.01986
4.85,4,6.22397,2.01957
4.86,4,6.2375,2.01928
4.87,4,6.25104,2.01899
4.88,4,6.26457,2.0187
4.89,4,6.2781,2.01842
4.9,4,6.29163,2.01814
4.91,4,6.30516,2.01787
4.92,4,6.31869,2.01759
4.93,4,6.33222,2.01732
4.94,4,6.34575,2.01705
4.95,4,6.35927,2.01679
4.96,4,6.3728,2.01653
4.97,4,6.38633,2.01627
4.98,4,6.39985,2.01601
4.99,4,6.41337,2.01576
5,4,6.4269,2.0155
5.01,4,6.44042,2.01526
5.02,4,6.45394,2.01501
5.03,4,6.46746,2.01477
5.04,4,6.48098,2.01453
5.05,4,6.49449,2.01429
5.06,4,6.50801,2.01406
5.07,4,6.52153,2.01383
5.08,4,6.53504,2.0136
5.09,4,6.54856,2.01338
5.1,4,6.56208,2.01316
5.11,4,6.57559,2.01295
5.12,4,6.5891,2.01274
5.13,4,6.60262,2.01253
5.14,4,6.61613,2.01233
5.15,4,6.62964,2.01213
5.16,4,6.64316,2.01194
5.17,4,6.65667,2.01175
5.18,4,6.67018,2.01156
5.19,4,6.68369,2.01137
5.2,4,6.6972,2.01119
5.21,4,6.71071,2.01102
5.22,4,6.72422,2.01084
5.23,4,6.73772,2.01067
5.24,4,6.75123,2.01051
5.25,4,6.76474,2.01034
5.26,4,6.77825,2.01018
5.27,4,6.79176,2.01003
5.28,4,6.80526,2.00988
5.29,4,6.81877,2.00973
5.3,4,6.83227,2.00958
5.31,4,6.84578,2.00944
5.32,4,6.85928,2.00931
5.33,4,6.87279,2.00917
5.34,4,6.88629,2.00904
5.35,4,6.89979,2.00892
5.36,4,6.9133,2.0088
5.37,4,6.9268,2.00868
5.38,4,6.9403,2.00857
5.39,4,6.9538,2.00846
5.4,4,6.96731,2.00836
5.41,4,6.98081,2.00826
5.42,4,6.99431,2.00816
5.43,4,7.00781,2.00807
5.44,4,7.02131,2.00797
5.45,4,7.03482,2.00789
5.46,4,7.04832,2.0078
5.47,4,7.06182,2.00772
5.48,4,7.07532,2.00764
5.49,4,7.08882,2.00756
5.5,4,7.10232,2.00749
5.51,4,7.11581,2.00742
5.52,4,7.12931,2.00735
5.53,4,7.14281,2.00729
5.54,4,7.15631,2.00722
5.55,4,7.16981,2.00717
5.56,4,7.1833,2.00711
5.57,4,7.1968,2.00706
5.58,4,7.2103,2.00701
5.59,4,7.22379,2.00697
5.6,4,7.23729,2.00692
5.61,4,7.25079,2.00689
5.62,4,7.26429,2.00685
5.63,4,7.27778,2.00682
5.64,4,7.29128,2.00678
5.65,4,7.30478,2.00676
5.66,4,7.31828,2.00673
5.67,4,7.33177,2.00671
5.68,4,7.34527,2.00669
5.69,4,7.35877,2.00667
5.7,4,7.37227,2.00666
5.71,4,7.38576,2.00665
5.72,4,7.39926,2.00663
5.73,4,7.41276,2.00663
5.74,4,7.42625,2.00662
5.75,4,7.43974,2.00661
5.76,4,7.45324,2.00661
5.77,4,7.46673,2.00661
5.78,4,7.48023,2.00661
5.79,4,7.49372,2.00661
5.8,4,7.50722,2.00661
5.81,4,7.52071,2.00661
5.82,4,7.53421,2.00662
5.83,4,7.5477,2.00663
5.84,4,7.56119,2.00663
5.85,4,7.57469,2.00664
5.86,4,7.58818,2.00665
5.87,4,7.60168,2.00666
5.88,4,7.61517,2.00667
5.89,4,7.62867,2.00669
5.9,4,7.64217,2.0067
5.91,4,7.65566,2.00672
5.92,4,7.66916,2.00673
5.93,4,7.68265,2.00675
5.94,4,7.69615,2.00677
5.95,4,7.70965,2.00678
5.96,4,7.72314,2.0068
5.97,4,7.73664,2.00683
5.98,4,7.75014,2.00685
5.99,4,7.76364,2.00687
6,4,7.77714,2.00688
6.01,4,7.79064,2.00691
6.02,4,7.80414,2.00693
6.03,4,7.81764,2.00695
6.04,4,7.83114,2.00697
6.05,4,7.84464,2.00699
6.06,4,7.85815,2.00702
6.07,4,7.87165,2.00704
6.08,4,7.88516,2.00706
6.09,4,7.89867,2.00708
6.1,4,7.91217,2.00711
6.11,4,7.92568,2.00713
6.12,4,7.93919,2.00715
6.13,4,7.9527,2.00717
6.14,4,7.96621,2.00719
6.15,4,7.97972,2.00721
6.16,4,7.99323,2.00723
6.17,4,8.00674,2.00725
6.18,4,8.02025,2.00727
6.19,4,8.03376,2.00729
6.2,4,8.04727,2.00731
6.21,4,8.06078,2.00733
6.22,4,8.07429,2.00734
6.23,4,8.0878,2.00736
6.24,4,8.10131,2.00737
6.25,4,8.11482,2.00738
6.26,4,8.12833,2.00739
6.27,4,8.14184,2.0074
6.28,4,8.15536,2.00741
6.29,4,8.16888,2.00742
6.3,4,8.1824,2.00742
6.31,4,8.19592,2.00742
6.32,4,8.20944,2.00742
6.33,4,8.22295,2.00742
6.34,4,8.23647,2.00742
6.35,4,8.24999,2.00742
6.36,4,8.26351,2.00741
6.37,4,8.27703,2.0074
6.38,4,8.29056,2.0074
6.39,4,8.30408,2.00739
6.4,4,8.31761,2.00738
6.41,4,8.33113,2.00737
6.42,4,8.34465,2.00736
6.43,4,8.35818,2.00734
6.44,4,8.3717,2.00733
6.45,4,8.38523,2.00731
6.46,4,8.39875,2.0073
6.47,4,8.41228,2.00728
6.48,4,8.42581,2.00727
6.49,4,8.43933,2.00725
6.5,4,8.45286,2.00723
6.51,4,8.46639,2.00721
6.52,4,8.47992,2.00719
6.53,4,8.49345,2.00717
6.54,4,8.50698,2.00715
6.55,4,8.5205,2.00713
6.56,4,8.53403,2.00711
6.57,4,8.54756,2.00709
6.58,4,8.56109,2.00707
6.59,4,8.57462,2.00705
6.6,4,8.58815,2.00703
6.61,4,8.60168,2.007
6.62,4,8.61521,2.00698
6.63,4,8.62874,2.00696
6.64,4,8.64227,2.00693
6.65,4,8.65581,2.00691
6.66,4,8.66934,2.00688
6.67,4,8.68287,2.00686
6.68,4,8.6964,2.00683
6.69,4,8.70994,2.0068
6.7,4,8.72347,2.00677
6.71,4,8.73701,2.00674
6.72,4,8.75054,2.00671
6.73,4,8.76408,2.00668
6.74,4,8.77761,2.00666
6.75,4,8.79115,2.00663
6.76,4,8.80469,2.0066
6.77,4,8.81823,2.00657
6.78,4,8.83176,2.00654
6.79,4,8.8453,2.00651
6.8,4,8.85884,2.00649
6.81,4,8.87238,2.00646
6.82,4,8.88593,2.00643
6.83,4,8.89946,2.0064
6.84,4,8.913,2.00637
6.85,4,8.92654,2.00634
6.86,4,8.94008,2.0063
6.87,4,8.95362,2.00627
6.88,4,8.96716,2.00623
6.89,4,8.9807,2.0062
6.9,4,8.99424,2.00616
6.91,4,9.00778,2.00613
6.92,4,9.02132,2.00609
6.93,4,9.03487,2.00606
6.94,4,9.04841,2.00602
6.95,4,9.06195,2.00599
6.96,4,9.0755,2.00596
6.97,4,9.08904,2.00593
6.98,4,9.10259,2.00589
6.99,4,9.11613,2.00586
7,4,9.12968,2.00583
7.01,4,9.14323,2.0058
7.02,4,9.15677,2.00577
7.03,4,9.17032,2.00574
7.04,4,9.18387,2.00571
7.05,4,9.19742,2.00568
7.06,4,9.21096,2.00565
7.07,4,9.22451,2.00562
7.08,4,9.23806,2.00558
7.09,4,9.2516,2.00555
7.1,4,9.26515,2.00551
7.11,4,9.27869,2.00548
7.12,4,9.29224,2.00544
7.13,4,9.30578,2.00541
7.14,4,9.31933,2.00538
7.15,4,9.33287,2.00535
7.16,4,9.34641,2.00532
7.17,4,9.35996,2.0053
7.18,4,9.3735,2.00527
7.19,4,9.38705,2.00525
7.2,4,9.40059,2.00523
7.21,4,9.41413,2.00521
7.22,4,9.42768,2.00519
7.23,4,9.44122,2.00517
7.24,4,9.45476,2.00516
7.25,4,9.4683,2.00514
7.26,4,9.48185,2.00513
7.27,4,9.49539,2.00512
7.28,4,9.50893,2.00512
7.29,4,9.52247,2.00511
7.3,4,9.53601,2.0051
7.31,4,9.54955,2.00509
7.32,4,9.56309,2.00509
7.33,4,9.57663,2.00509
7.34,4,9.59016,2.00509
7.35,4,9.6037,2.00509
7.36,4,9.61724,2.00509
7.37,4,9.63077,2.0051
7.38,4,9.6443,2.00511
7.39,4,9.65784,2.00512
7.4,4,9.67137,2.00513
7.41,4,9.68491,2.00514
7.42,4,9.69844,2.00516
7.43,4,9.71197,2.00517
7.44,4,9.72551,2.00518
7.45,4,9.73904,2.00519
7.46,4,9.75258,2.00521
7.47,4,9.76611,2.00522
7.48,4,9.77965,2.00524
7.49,4,9.79319,2.00525
7.5,4,9.80672,2.00527
7.51,4,9.82025,2.00529
7.52,4,9.83379,2.0053
7.53,4,9.84732,2.00532
7.54,4,9.86086,2.00534
7.55,4,9.87439,2.00535
7.56,4,9.88793,2.00537
7.57,4,9.90146,2.00539
7.58,4,9.915,2.00541
7.59,4,9.92853,2.00543
7.6,4,9.94207,2.00546
7.61,4,9.9556,2.00548
7.62,4,9.96913,2.00551
7.63,4,9.98267,2.00553
7.64,4,9.9962,2.00556
7.65,4,10.0097,2.00559
7.66,4,10.0233,2.00562
7.67,4,10.0368,2.00565
7.68,4,10.0503,2.00568
7.69,4,10.0639,2.00571
7.7,4,10.0774,2.00575
7.71,4,10.0909,2.00578
7.72,4,10.1045,2.00581
7.73,4,10.118,2.00585
7.74,4,10.1315,2.00588
7.75,4,10.1451,2.00591
7.76,4,10.1586,2.00594
7.77,4,10.1721,2.00597
7.78,4,10.1857,2.006
7.79,4,10.1992,2.00603
7.8,4,10.2127,2.00606
7.81,4,10.2263,2.00609
7.82,4,10.2398,2.00612
7.83,4,10.2533,2.00615
7.84,4,10.2669,2.00618
7.85,4,10.2804,2.00622
7.86,4,10.294,2.00625
7.87,4,10.3075,2.00628
7.88,4,10.321,2.00632
7.89,4,10.3346,2.00635
7.9,4,10.3481,2.00638
7.91,4,10.3616,2.00641
7.92,4,10.3752,2.00645
7.93,4,10.3887,2.00649
7.94,4,10.4022,2.00653
7.95,4,10.4158,2.00657
7.96,4,10.4293,2.00661
7.97,4,10.4428,2.00666
7.98,4,10.4564,2.00671
7.99,4,10.4699,2.00675
8,4,10.4834,2.0068
8.01,4,10.4969,2.00685
8.02,4,10.5105,2.0069
8.03,4,10.524,2.00696
8.04,4,10.5375,2.00701
8.05,4,10.5511,2.00706
8.06,4,10.5646,2.00711
8.07,4,10.5781,2.00716
8.08,4,10.5917,2.00722
8.09,4,10.6052,2.00728
8.1,4,10.6187,2.00733
8.11,4,10.6323,2.00739
8.12,4,10.6458,2.00745
8.13,4,10.6593,2.0075
8.14,4,10.6729,2.00756
8.15,4,10.6864,2.00762
8.16,4,10.6999,2.00767
8.17,4,10.7135,2.00773
8.18,4,10.727,2.00779
8.19,4,10.7405,2.00785
8.2,4,10.754,2.00791
8.21,4,10.7676,2.00798
8.22,4,10.7811,2.00804
8.23,4,10.7946,2.0081
8.24,4,10.8082,2.00817
8.25,4,10.8217,2.00824
8.26,4,10.8352,2.00831
8.27,4,10.8488,2.00839
8.28,4,10.8623,2.00846
8.29,4,10.8758,2.00854
8.3,4,10.8893,2.00862
8.31,4,10.9029,2.00869
8.32,4,10.9164,2.00876
8.33,4,10.9299,2.00884
8.34,4,10.9435,2.00891
8.35,4,10.957,2.00899
8.36,4,10.9705,2.00906
8.37,4,10.984,2.00914
8.38,4,10.9975,2.00922
8.39,4,11.0111,2.0093
8.4,4,11.0246,2.00938
8.41,4,11.0381,2.00946
8.42,4,11.0516,2.00955
8.43,4,11.0652,2.00963
8.44,4,11.0787,2.00971
8.45,4,11.0922,2.00979
8.46,4,11.1057,2.00987
8.47,4,11.1193,2.00996
8.48,4,11.1328,2.01005
8.49,4,11.1463,2.01014
8.5,4,11.1598,2.01023
8.51,4,11.1733,2.01031
8.52,4,11.1869,2.0104
8.53,4,11.2004,2.01049
8.54,4,11.2139,2.01058
8.55,4,11.2274,2.01066
8.56,4,11.2409,2.01075
8.57,4,11.2545,2.01084
8.58,4,11.268,2.01093
8.59,4,11.2815,2.01103
8.6,4,11.295,2.01113
8.61,4,11.3085,2.01122
8.62,4,11.322,2.01132
8.63,4,11.3356,2.01142
8.64,4,11.3491,2.01152
8.65,4,11.3626,2.01163
8.66,4,11.3761,2.01174
8.67,4,11.3896,2.01185
8.68,4,11.4031,2.01196
8.69,4,11.4167,2.01207
8.7,4,11.4302,2.01218
8.71,4,11.4437,2.0123
8.72,4,11.4572,2.01242
8.73,4,11.4707,2.01255
8.74,4,11.4842,2.01268
8.75,4,11.4978,2.01282
8.76,4,11.5113,2.01295
8.77,4,11.5248,2.01309
8.78,4,11.5383,2.01323
8.79,4,11.5518,2.01337
8.8,4,11.5653,2.01352
8.81,4,11.5788,2.01368
8.82,4,11.5924,2.01383
8.83,4,11.6059,2.01399
8.84,4,11.6194,2.01415
8.85,4,11.6329,2.0143
8.86,4,11.6464,2.01446
8.87,4,11.6599,2.01463
8.88,4,11.6734,2.01479
8.89,4,11.6869,2.01496
8.9,4,11.7005,2.01513
8.91,4,11.714,2.0153
8.92,4,11.7275,2.01546
8.93,4,11.741,2.01563
8.94,4,11.7545,2.0158
8.95,4,11.768,2.01597
8.96,4,11.7815,2.01615
8.97,4,11.795,2.01633
8.98,4,11.8086,2.01651
8.99,4,11.8221,2.0167
9,4,11.8356,2.01689
9.01,4,11.8491,2.01708
9.02,4,11.8626,2.01728
9.03,4,11.8761,2.01748
9.04,4,11.8896,2.01767
9.05,4,11.9031,2.01787
9.06,4,11.9166,2.01807
9.07,4,11.9301,2.01827
9.08,4,11.9436,2.01848
9.09,4,11.9572,2.01869
9.1,4,11.9707,2.0189
9.11,4,11.9842,2.0191
9.12,4,11.9977,2.01931
9.13,4,12.0112,2.01952
9.14,4,12.0248,2.01974
9.15,4,12.0383,2.01996
9.16,4,12.0518,2.02018
9.17,4,12.0654,2.0204
9.18,4,12.0789,2.02062
9.19,4,12.0924,2.02085
9.2,4,12.106,2.02108
9.21,4,12.1195,2.02131
9.22,4,12.133,2.02155
9.23,4,12.1465,2.02179
9.24,4,12.1601,2.02203
9.25,4,12.1736,2.02227
9.26,4,12.1872,2.02252
9.27,4,12.2007,2.02277
9.28,4,12.2142,2.02302
9.29,4,12.2277,2.02328
9.3,4,12.2413,2.02354
9.31,4,12.2548,2.0238
9.32,4,12.2683,2.02407
9.33,4,12.2819,2.02434
9.34,4,12.2954,2.02462
9.35,4,12.3089,2.0249
9.36,4,12.3225,2.02518
9.37,4,12.336,2.02548
9.38,4,12.3495,2.02577
9.39,4,12.3631,2.02606
9.4,4,12.3766,2.02636
9.41,4,12.3901,2.02666
9.42,4,12.4037,2.02696
9.43,4,12.4172,2.02727
9.44,4,12.4307,2.02758
9.45,4,12.4443,2.02789
9.46,4,12.4578,2.02821
9.47,4,12.4714,2.02853
9.48,4,12.4849,2.02885
9.49,4,12.4984,2.02918
9.5,4,12.512,2.02952
9.51,4,12.5255,2.02985
9.52,4,12.5391,2.03019
9.53,4,12.5526,2.03054
9.54,4,12.5662,2.03088
9.55,4,12.5797,2.03123
9.56,4,12.5933,2.03158
9.57,4,12.6068,2.03192
9.58,4,12.6204,2.03227
9.59,4,12.634,2.03262
9.6,4,12.6475,2.03298
9.61,4,12.6611,2.03334
9.62,4,12.6747,2.0337
9.63,4,12.6883,2.03407
9.64,4,12.7018,2.03443
9.65,4,12.7154,2.0348
9.66,4,12.729,2.03517
9.67,4,12.7426,2.03555
9.68,4,12.7562,2.03593
9.69,4,12.7697,2.03632
9.7,4,12.7833,2.0367
9.71,4,12.7969,2.03708
9.72,4,12.8105,2.03748
9.73,4,12.8241,2.03787
9.74,4,12.8377,2.03827
9.75,4,12.8513,2.03867
9.76,4,12.8649,2.03908
9.77,4,12.8785,2.0395
9.78,4,12.892,2.03991
9.79,4,12.9056,2.04034
9.8,4,12.9192,2.04077
9.81,4,12.9328,2.04121
9.82,4,12.9464,2.04164
9.83,4,12.96,2.04209
9.84,4,12.9736,2.04254
9.85,4,12.9872,2.04299
9.86,4,13.0008,2.04345
9.87,4,13.0143,2.04391
9.88,4,13.0279,2.04438
9.89,4,13.0415,2.04485
9.9,4,13.0551,2.04532
9.91,4,13.0687,2.0458
9.92,4,13.0823,2.04627
9.93,4,13.0958,2.04676
9.94,4,13.1094,2.04725
9.95,4,13.123,2.04774
9.96,4,13.1366,2.04823
9.97,4,13.1501,2.04873
9.98,4,13.1637,2.04924
9.99,4,13.1773,2.04974
10,4,13.1908,2.05026
10.01,4,13.2044,2.05077
10.02,4,13.2179,2.05129
10.03,4,13.2315,2.05181
10.04,4,13.245,2.05234
10.05,4,13.2585,2.05286
10.06,4,13.2721,2.05339
10.07,4,13.2856,2.05393
10.08,4,13.2991,2.05446
10.09,4,13.3126,2.055
10.1,4,13.3262,2.05554
10.11,4,13.3397,2.05609
10.12,4,13.3531,2.05663
10.13,4,13.3666,2.05719
10.14,4,13.3801,2.05774
10.15,4,13.3936,2.0583
10.16,4,13.407,2.05886
10.17,4,13.4204,2.05943
10.18,4,13.4339,2.05999
10.19,4,13.4473,2.06056
10.2,4,13.4607,2.06113
10.21,4,13.4741,2.0617
10.22,4,13.4874,2.06228
10.23,4,13.5008,2.06287
10.24,4,13.5141,2.06345
10.25,4,13.5274,2.06404
10.26,4,13.5407,2.06463
10.27,4,13.554,2.06523
10.28,4,13.5672,2.06583
10.29,4,13.5804,2.06643
10.3,4,13.5936,2.06704
10.31,4,13.6067,2.06765
10.32,4,13.6198,2.06827
10.33,4,13.6329,2.06889
10.34,4,13.6459,2.06952
10.35,4,13.6589,2.07016
10.36,4,13.6718,2.0708
10.37,4,13.6846,2.07143
10.38,4,13.6974,2.07207
10.39,4,13.7101,2.07271
10.4,4,13.7228,2.07335
10.41,4,13.7353,2.07401
10.42,4,13.7478,2.07465
10.43,4,13.7601,2.07531
10.44,4,13.7724,2.07597
10.45,4,13.7845,2.07664
10.46,4,13.7965,2.07731
10.47,4,13.8084,2.07799
10.48,4,13.8201,2.07867
10.49,4,13.8317,2.07937
10.5,4,13.8431,2.08007
10.51,4,13.8543,2.08077
10.52,4,13.8653,2.08148
10.53,4,13.8762,2.0822
10.54,4,13.8868,2.08291
10.55,4,13.8972,2.08361
10.56,4,13.9074,2.08432
10.57,4,13.9175,2.08503
10.58,4,13.9272,2.08573
10.59,4,13.9368,2.08642
10.6,4,13.9461,2.08709
10.61,4,13.9552,2.08775
10.62,4,13.9641,2.08837
10.63,4,13.9727,2.08898
10.64,4,13.9812,2.08956
10.65,4,13.9895,2.09011
10.66,4,13.9976,2.09063
10.67,4,14.0055,2.09112
10.68,4,14.0133,2.09159
10.69,4,14.021,2.09205
10.7,4,14.0284,2.09246
10.71,4,14.0358,2.09281
10.72,4,14.0431,2.0931
10.73,4,14.0502,2.09335
10.74,4,14.0574,2.09352
10.75,4,14.0644,2.09364
10.76,4,14.0714,2.0937
10.77,4,14.0784,2.09371
10.78,4,14.0853,2.09363
10.79,4,14.0923,2.09351
10.8,4,14.0993,2.09331
10.81,4,14.1064,2.09304
10.82,4,14.1134,2.0927
10.83,4,14.1205,2.09228
10.84,4,14.1277,2.09179
10.85,4,14.1349,2.09122
10.86,4,14.1423,2.09056
10.87,4,14.1497,2.08983
10.88,4,14.1572,2.08903
10.89,4,14.1649,2.08817
10.9,4,14.1726,2.08721
10.91,4,14.1805,2.08615
10.92,4,14.1884,2.08502
10.93,4,14.1965,2.08382
10.94,4,14.2047,2.08259
10.95,4,14.2129,2.08129
10.96,4,14.2213,2.07997
10.97,4,14.2297,2.0786
10.98,4,14.2382,2.0772
10.99,4,14.2468,2.0758
11,4,14.2554,2.0744
11.01,4,14.2641,2.073
11.02,4,14.2728,2.07163
11.03,4,14.2814,2.07028
11.04,4,14.2901,2.06898
11.05,4,14.2988,2.06774
11.06,4,14.3074,2.06657
11.07,4,14.316,2.0655
11.08,4,14.3244,2.06452
11.09,4,14.3328,2.06365
11.1,4,14.3411,2.06288
11.11,4,14.3493,2.06223
11.12,4,14.3573,2.06172
11.13,4,14.3652,2.06133
11.14,4,14.373,2.06108
11.15,4,14.3805,2.06095
11.16,4,14.388,2.06093
11.17,4,14.3953,2.06103
11.18,4,14.4025,2.06125
11.19,4,14.4095,2.06159
11.2,4,14.4164,2.06205
11.21,4,14.4231,2.06262
11.22,4,14.4297,2.0633
11.23,4,14.4362,2.06406
11.24,4,14.4426,2.06488
11.25,4,14.449,2.06579
11.26,4,14.4553,2.06675
11.27,4,14.4615,2.06775
11.28,4,14.4676,2.06878
11.29,4,14.4737,2.06984
11.3,4,14.4799,2.07091
11.31,4,14.486,2.07197
11.32,4,14.4922,2.07301
11.33,4,14.4984,2.07403
11.34,4,14.5047,2.07504
11.35,4,14.511,2.07602
11.36,4,14.5174,2.07696
11.37,4,14.5239,2.07787
11.38,4,14.5304,2.07873
11.39,4,14.5371,2.07953
11.4,4,14.5438,2.08027
11.41,4,14.5507,2.08095
11.42,4,14.5577,2.08158
11.43,4,14.5647,2.08217
11.44,4,14.5719,2.0827
11.45,4,14.5792,2.0832
11.46,4,14.5866,2.08366
11.47,4,14.594,2.08408
11.48,4,14.6016,2.08447
11.49,4,14.6092,2.08484
11.5,4,14.6169,2.08518
11.51,4,14.6247,2.0855
11.52,4,14.6325,2.0858
11.53,4,14.6404,2.0861
11.54,4,14.6482,2.08642
11.55,4,14.6562,2.08676
11.56,4,14.6641,2.08713
11.57,4,14.672,2.08753
11.58,4,14.6799,2.08795
11.59,4,14.6878,2.08841
11.6,4,14.6956,2.08891
11.61,4,14.7033,2.08946
11.62,4,14.7109,2.09005
11.63,4,14.7185,2.0907
11.64,4,14.726,2.09138
11.65,4,14.7334,2.09208
11.66,4,14.7407,2.09283
11.67,4,14.7479,2.0936
11.68,4,14.7549,2.09438
11.69,4,14.7618,2.09516
11.7,4,14.7685,2.09593
11.71,4,14.775,2.09669
11.72,4,14.7814,2.09744
11.73,4,14.7875,2.09817
11.74,4,14.7935,2.09888
11.75,4,14.7991,2.09956
11.76,4,14.8046,2.1002
11.77,4,14.8098,2.10076
11.78,4,14.8148,2.10126
11.79,4,14.8195,2.10169
11.8,4,14.824,2.10207
11.81,4,14.8282,2.10236
11.82,4,14.8322,2.10257
11.83,4,14.836,2.10268
11.84,4,14.8396,2.10271
11.85,4,14.8429,2.10265
11.86,4,14.8461,2.10251
11.87,4,14.8491,2.10229
11.88,4,14.8519,2.10199
11.89,4,14.8546,2.1016
11.9,4,14.8572,2.10114
11.91,4,14.8597,2.10061
11.92,4,14.8621,2.1
11.93,4,14.8646,2.09934
11.94,4,14.8669,2.09863
11.95,4,14.8693,2.09785
11.96,4,14.8716,2.09703
11.97,4,14.874,2.09618
11.98,4,14.8764,2.09527
11.99,4,14.8788,2.09434
12,4,14.8813,2.09338
12.01,4,14.8839,2.0924
12.02,4,14.8866,2.0914
12.03,4,14.8894,2.09038
12.04,4,14.8923,2.08935
12.05,4,14.8952,2.0883
12.06,4,14.8983,2.08725
12.07,4,14.9015,2.08619
12.08,4,14.9048,2.08513
12.09,4,14.9082,2.08406
12.1,4,14.9116,2.08298
12.11,4,14.915,2.08189
12.12,4,14.9185,2.0808
12.13,4,14.9221,2.0797
12.14,4,14.9257,2.07859
12.15,4,14.9293,2.07746
12.16,4,14.9329,2.07631
12.17,4,14.9364,2.07513
12.18,4,14.94,2.07393
12.19,4,14.9435,2.0727
12.2,4,14.9469,2.07144
12.21,4,14.9503,2.07014
12.22,4,14.9536,2.0688
12.23,4,14.9567,2.06741
12.24,4,14.9598,2.06596
12.25,4,14.9628,2.06447
12.26,4,14.9657,2.06293
12.27,4,14.9684,2.06135
12.28,4,14.971,2.05971
12.29,4,14.9735,2.058
12.3,4,14.9758,2.05622
12.31,4,14.9781,2.05439
12.32,4,14.9802,2.05249
12.33,4,14.9822,2.05052
12.34,4,14.984,2.04848
12.35,4,14.9857,2.04639
12.36,4,14.9873,2.04423
12.37,4,14.9888,2.04201
12.38,4,14.9902,2.03973
12.39,4,14.9915,2.03739
12.4,4,14.9926,2.035
12.41,4,14.9937,2.03255
12.42,4,14.9947,2.03006
12.43,4,14.9955,2.02752
12.44,4,14.9963,2.02495
12.45,4,14.997,2.02235
12.46,4,14.9976,2.01973
12.47,4,14.9981,2.01709
12.48,4,14.9985,2.01444
12.49,4,14.9989,2.01177
12.5,4,14.9992,2.00908
12.51,4,14.9994,2.0064
12.52,4,14.9996,2.00371
12.53,4,14.9997,2.00104
12.54,4,14.9998,1.99839
12.55,4,14.9999,1.99629
12.56,4,14.9999,1.99474
12.57,4,14.9999,1.99374
12.58,4,14.9998,1.99326
12.59,4,14.9997,1.99329
12.6,4,14.9995,1.99382
12.61,4,14.9994,1.99481
12.62,4,14.9992,1.99625
12.63,4,14.9991,1.99811
12.64,4,14.9992,2.00034
12.65,4,14.9994,2.00257
12.66,4,14.9998,2.00465
12.67,4,15.0002,2.00653
12.68,4,15.0006,2.00822
12.69,4,15.001,2.00969
12.7,4,15.0014,2.01095
12.71,4,15.0018,2.01198
12.72,4,15.0022,2.01279
12.73,4,15.0025,2.01336
12.74,4,15.0029,2.0137
12.75,4,15.0032,2.0138
12.76,4,15.0036,2.01367
12.77,4,15.0038,2.01331
12.78,4,15.0041,2.01272
12.79,4,15.0043,2.0119
12.8,4,15.0044,2.01088
12.81,4,15.0044,2.00965
12.82,4,15.0043,2.00824
12.83,4,15.0042,2.00666
12.84,4,15.0038,2.00492
12.85,4,15.0034,2.00305
12.86,4,15.0027,2.00109
12.87,4,15.0018,1.99912
12.88,4,15.0007,1.99738
12.89,4,14.9995,1.99599
12.9,4,14.9984,1.99497
12.91,4,14.9974,1.9943
12.92,4,14.9965,1.99395
12.93,4,14.9957,1.99391
12.94,4,14.9952,1.99415
12.95,4,14.9948,1.99464
12.96,4,14.9946,1.99537
12.97,4,14.9947,1.9963
12.98,4,14.9949,1.99741
12.99,4,14.9954,1.99864
13,4,14.9962,1.99994
13.01,4,14.9971,2.00124
13.02,4,14.9983,2.0024
13.03,4,14.9995,2.00333
13.04,4,15.0007,2.00396
13.05,4,15.0018,2.00431
13.06,4,15.0026,2.0044
13.07,4,15.0032,2.00425
13.08,4,15.0035,2.00388
13.09,4,15.0035,2.00331
13.1,4,15.0031,2.00256
13.11,4,15.0025,2.00167
13.12,4,15.0015,2.00065
13.13,4,15.0001,1.99955
13.14,4,14.9986,1.99876
13.15,4,14.9972,1.99819
13.16,4,14.9959,1.99781
13.17,4,14.9948,1.9976
13.18,4,14.9939,1.99754
13.19,4,14.9931,1.99763
13.2,4,14.9925,1.99785
13.21,4,14.992,1.99818
13.22,4,14.9917,1.99862
13.23,4,14.9916,1.99914
13.24,4,14.9917,1.99973
13.25,4,14.9919,2.00037
13.26,4,14.9923,2.00104
13.27,4,14.9928,2.00171
13.28,4,14.9934,2.00236
13.29,4,14.9942,2.00296
13.3,4,14.995,2.00349
13.31,4,14.9959,2.00392
13.32,4,14.9968,2.00422
13.33,4,14.9977,2.00438
13.34,4,14.9985,2.00437
13.35,4,14.9992,2.00418
13.36,4,14.9998,2.00383
13.37,4,15.0001,2.00331
13.38,4,15.0003,2.00263
13.39,4,15.0002,2.00182
13.4,4,14.9999,2.00088
13.41,4,14.9994,1.99983
13.42,4,14.999,1.99901
13.43,4,14.9986,1.99854
13.44,4,14.9982,1.99843
13.45,4,14.9978,1.99866
13.46,4,14.9975,1.99918
13.47,4,14.9973,1.99993
13.48,4,14.9971,2.00083
13.49,4,14.997,2.0018
13.5,4,14.997,2.00275
13.51,4,14.9971,2.00366
13.52,4,14.9971,2.00449
13.53,4,14.9971,2.00522
13.54,4,14.9971,2.00584
13.55,4,14.9971,2.00635
13.56,4,14.997,2.00676
13.57,4,14.9968,2.00705
13.58,4,14.9967,2.00723
13.59,4,14.9965,2.0073
13.6,4,14.9963,2.00728
13.61,4,14.9961,2.00716
13.62,4,14.9959,2.00695
13.63,4,14.9957,2.00666
13.64,4,14.9955,2.00629
13.65,4,14.9954,2.00587
13.66,4,14.9953,2.0054
13.67,4,14.9952,2.0049
13.68,4,14.9952,2.00437
13.69,4,14.9953,2.00383
13.7,4,14.9955,2.0033
13.71,4,14.9957,2.0028
13.72,4,14.9961,2.00233
13.73,4,14.9965,2.00191
13.74,4,14.997,2.00155
13.75,4,14.9976,2.00126
13.76,4,14.9983,2.00104
13.77,4,14.999,2.00087
13.78,4,14.9998,2.00072
13.79,4,15.0004,2.00051
13.8,4,15.0007,2.00029
13.81,4,15.0006,2.00017
13.82,4,15,2.00017
13.83,4,14.9993,2.0001
13.84,4,14.9987,2.00018
13.85,4,14.9982,2.00042
13.86,4,14.9978,2.00077
13.87,4,14.9975,2.00122
13.88,4,14.9973,2.00171
13.89,4,14.9973,2.00222
13.9,4,14.9973,2.00272
13.91,4,14.9973,2.00319
13.92,4,14.9974,2.00361
13.93,4,14.9975,2.00396
13.94,4,14.9976,2.00424
13.95,4,14.9977,2.00443
13.96,4,14.9978,2.00454
13.97,4,14.9979,2.00455
13.98,4,14.998,2.00447
13.99,4,14.998,2.0043
14,4,14.998,2.00405
14.01,4,14.998,2.00371
14.02,4,14.998,2.0033
14.03,4,14.9979,2.00282
14.04,4,14.9979,2.00229
14.05,4,14.998,2.00174
14.06,4,14.9981,2.00118
14.07,4,14.9983,2.00066
14.08,4,14.9985,2.00022
14.09,4,14.9989,1.99992
14.1,4,14.9994,1.99981
14.11,4,15,1.99997
14.12,4,15.0003,2.00051
14.13,4,15.0002,2.00097
14.14,4,15,2.00134
14.15,4,14.9995,2.00159
14.16,4,14.9991,2.00175
14.17,4,14.9985,2.00183
14.18,4,14.9981,2.00186
14.19,4,14.9977,2.00187
14.2,4,14.9973,2.00187
14.21,4,14.9971,2.00187
14.22,4,14.9969,2.00189
14.23,4,14.9969,2.00193
14.24,4,14.9969,2.00199
14.25,4,14.997,2.00207
14.26,4,14.9973,2.00215
14.27,4,14.9975,2.00222
14.28,4,14.9979,2.00227
14.29,4,14.9983,2.00229
14.3,4,14.9987,2.00226
14.31,4,14.999,2.00216
14.32,4,14.9994,2.00199
14.33,4,14.9996,2.00174
14.34,4,14.9998,2.0014
14.35,4,14.9998,2.00097
14.36,4,14.9997,2.00046
14.37,4,14.9997,1.99991
14.38,4,14.9997,1.99961
14.39,4,14.9997,1.99972
14.4,4,14.9998,2.00019
14.41,4,14.9999,2.00065
14.42,4,14.9999,2.001
14.43,4,14.9998,2.00126
14.44,4,14.9996,2.00141
14.45,4,14.9993,2.00148
14.46,4,14.999,2.00147
14.47,4,14.9987,2.00141
14.48,4,14.9985,2.00132
14.49,4,14.9984,2.00122
14.5,4,14.9984,2.00113
14.51,4,14.9984,2.00105
14.52,4,14.9986,2.00099
14.53,4,14.9989,2.00094
14.54,4,14.9992,2.00089
14.55,4,14.9996,2.0008
14.56,4,15,2.00063
14.57,4,15.0003,2.00036
14.58,4,15.0003,2.00006
14.59,4,14.9998,1.99986
14.6,4,14.9995,2.00001
14.61,4,14.9994,2.00031
14.62,4,14.9994,2.00064
14.63,4,14.9995,2.00093
14.64,4,14.9996,2.00113
14.65,4,14.9997,2.00124
14.66,4,14.9998,2.00123
14.67,4,14.9998,2.0011
14.68,4,14.9998,2.00087
14.69,4,14.9998,2.00053
14.7,4,14.9998,2.0001
14.71,4,14.9999,1.99973
14.72,4,15.0001,1.99977
14.73,4,15.0001,2.00023
14.74,4,14.9999,2.00056
14.75,4,14.9997,2.00077
14.76,4,14.9996,2.00086
14.77,4,14.9995,2.00084
14.78,4,14.9995,2.00075
14.79,4,14.9996,2.00057
14.8,4,14.9997,2.00033
14.81,4,15,2.00002
14.82,4,15,1.99976
14.83,4,14.9999,1.99991
14.84,4,14.9999,2.00042
14.85,4,14.9999,2.00079
14.86,4,14.9999,2.00102
14.87,4,14.9999,2.00111
14.88,4,14.9998,2.00107
14.89,4,14.9998,2.0009
14.9,4,14.9998,2.0006
14.91,4,14.9998,2.00019
14.92,4,15,1.99973
14.93,4,15.0002,1.99968
14.94,4,15.0002,2.00001
14.95,4,14.9998,2.00045
14.96,4,14.9996,2.00076
14.97,4,14.9995,2.00097
14.98,4,14.9995,2.00106
14.99,4,14.9996,2.00105
15,4,14.9997,2.00092
15.01,4,15,2.00066
15.02,4,15.0002,2.00028
15.03,4,15.0003,1.99983
15.04,4,15.0001,1.99967
15.05,4,14.9998,1.99992
15.06,4,14.9998,2.00041
15.07,4,14.9999,2.00078
15.08,4,15,2.00102
15.09,4,15.0001,2.00113
15.1,4,15.0002,2.0011
15.11,4,15.0002,2.00095
15.12,4,15.0002,2.00068
15.13,4,15.0001,2.0003
15.14,4,14.9999,1.99982
15.15,4,14.9999,1.99972
15.16,4,14.9999,2.00002
15.17,4,15.0003,2.00036
15.18,4,15.0005,2.00064
15.19,4,15.0005,2.00084
15.2,4,15.0004,2.00095
15.21,4,15.0002,2.00096
15.22,4,14.9999,2.00085
15.23,4,14.9997,2.00064
15.24,4,14.9997,2.00033
15.25,4,14.9998,2
15.26,4,15.0002,1.99984
15.27,4,15.0004,2.00002
15.28,4,15.0003,2.00035
15.29,4,15.0001,2.00064
15.3,4,14.9998,2.00081
15.31,4,14.9996,2.00089
15.32,4,14.9996,2.00087
15.33,4,14.9996,2.00077
15.34,4,14.9998,2.00059
15.35,4,15.0001,2.00033
15.36,4,15.0003,1.99998
15.37,4,15.0002,1.99982
15.38,4,15,2.00001
15.39,4,15,2.00032
15.4,4,15,2.00052
15.41,4,15.0001,2.00063
15.42,4,15.0001,2.00063
15.43,4,15.0001,2.00053
15.44,4,15,2.00034
15.45,4,15,2.00006
15.46,4,15,1.99971
15.47,4,15.0001,1.99981
15.48,4,15,2.00033
15.49,4,14.9999,2.00075
15.5,4,14.9999,2.00105
15.51,4,14.9999,2.00125
15.52,4,14.9999,2.00134
15.53,4,14.9999,2.00133
15.54,4,14.9999,2.00121
15.55,4,15,2.00098
15.56,4,15,2.00066
15.57,4,15,2.00024
15.58,4,15,1.99972
15.59,4,15,1.99964
15.6,4,14.9999,2
15.61,4,15.0002,2.00052
15.62,4,15.0003,2.00093
15.63,4,15.0003,2.00123
15.64,4,15.0002,2.00142
15.65,4,15,2.00148
15.66,4,14.9998,2.00143
15.67,4,14.9997,2.00126
15.68,4,14.9995,2.00099
15.69,4,14.9994,2.00063
15.7,4,14.9995,2.00022
15.71,4,14.9998,1.99986
15.72,4,15.0002,1.99981
15.73,4,15.0004,2.00008
15.74,4,15.0003,2.00044
15.75,4,14.9999,2.00071
15.76,4,14.9996,2.00085
15.77,4,14.9993,2.00089
15.78,4,14.9991,2.00086
15.79,4,14.9991,2.00078
15.8,4,14.9992,2.00066
15.81,4,14.9995,2.00051
15.82,4,14.9999,2.00032
15.83,4,15.0003,2.00001
15.84,4,15.0004,1.99984
15.85,4,15.0001,1.99992
15.86,4,14.9996,2.00029
15.87,4,14.9992,2.00063
15.88,4,14.999,2.00093
15.89,4,14.9989,2.00116
15.9,4,14.9989,2.00133
15.91,4,14.9991,2.00141
15.92,4,14.9992,2.00139
15.93,4,14.9995,2.00126
15.94,4,14.9998,2.001
15.95,4,15,2.00062
15.96,4,15.0001,2.0001
15.97,4,15,1.99957
15.98,4,14.9998,1.99945
15.99,4,14.9995,1.99971
16,4,14.9995,2.00024
16.01,4,14.9996,2.00076
16.02,4,14.9997,2.00117
16.03,4,14.9998,2.00142
16.04,4,14.9999,2.00152
16.05,4,14.9999,2.00147
16.06,4,14.9998,2.00127
16.07,4,14.9997,2.00093
16.08,4,14.9995,2.00046
16.09,4,14.9995,1.99994
16.1,4,14.9997,1.99958
16.11,4,14.9999,1.99957
16.12,4,15.0001,1.99994
16.13,4,15,2.00057
16.14,4,14.9998,2.00104
16.15,4,14.9995,2.00135
16.16,4,14.9993,2.00152
16.17,4,14.9991,2.00156
16.18,4,14.9989,2.00148
16.19,4,14.9989,2.0013
16.2,4,14.9989,2.00103
16.21,4,14.999,2.0007
16.22,4,14.9993,2.00034
16.23,4,14.9997,1.99999
16.24,4,15.0003,1.99978
16.25,4,15.0005,1.99986
16.26,4,15.0005,2.00013
16.27,4,15,2.00044
16.28,4,14.9995,2.00059
16.29,4,14.9991,2.00066
16.3,4,14.9988,2.00068
16.31,4,14.9987,2.00069
16.32,4,14.9987,2.0007
16.33,4,14.9989,2.00069
16.34,4,14.9992,2.00066
16.35,4,14.9997,2.00057
16.36,4,15.0002,2.00036
16.37,4,15.0005,2.00004
16.38,4,15.0004,1.99982
16.39,4,15,1.99984
16.4,4,14.9995,2.00025
16.41,4,14.9993,2.00064
16.42,4,14.9991,2.00097
16.43,4,14.9991,2.0012
16.44,4,14.9991,2.00133
16.45,4,14.9993,2.00135
16.46,4,14.9995,2.00124
16.47,4,14.9997,2.001
16.48,4,14.9999,2.00063
16.49,4,15.0001,2.00011
16.5,4,15,1.99952
16.51,4,14.9999,1.99934
16.52,4,14.9997,1.99954
16.53,4,14.9996,2.00008
16.54,4,14.9997,2.00068
16.55,4,14.9999,2.00113
16.56,4,15,2.00142
16.57,4,15,2.00155
16.58,4,15,2.00152
16.59,4,14.9999,2.00134
16.6,4,14.9998,2.001
16.61,4,14.9996,2.00052
16.62,4,14.9996,1.99995
16.63,4,14.9998,1.99954
16.64,4,15,1.99951
16.65,4,15.0002,1.99986
16.66,4,15,2.0005
16.67,4,14.9998,2.00098
16.68,4,14.9996,2.0013
16.69,4,14.9994,2.00146
16.7,4,14.9993,2.00149
16.71,4,14.9992,2.00138
16.72,4,14.9992,2.00116
16.73,4,14.9993,2.00083
16.74,4,14.9995,2.00041
16.75,4,14.9999,1.99994
16.76,4,15.0004,1.99974
16.77,4,15.0007,1.99981
16.78,4,15.0006,2.00007
16.79,4,15.0002,2.00041
16.8,4,14.9996,2.00062
16.81,4,14.9992,2.00071
16.82,4,14.9989,2.00074
16.83,4,14.9988,2.00074
16.84,4,14.9989,2.00071
16.85,4,14.9991,2.00066
16.86,4,14.9996,2.00057
16.87,4,15.0001,2.00037
16.88,4,15.0005,2.00004
16.89,4,15.0006,1.99982
16.9,4,15.0003,1.9998
16.91,4,14.9998,2.00004
16.92,4,14.9995,2.00034
16.93,4,14.9994,2.00059
16.94,4,14.9994,2.00077
16.95,4,14.9996,2.00085
16.96,4,14.9998,2.00079
16.97,4,15,2.0006
16.98,4,15.0002,2.00025
16.99,4,15.0001,1.99982
17,4,14.9999,1.99972
17.01,4,14.9997,1.99999
17.02,4,14.9997,2.00038
17.03,4,14.9998,2.00067
17.04,4,15,2.0008
17.05,4,15.0001,2.00077
17.06,4,15.0001,2.0006
17.07,4,15,2.00027
17.08,4,14.9999,1.9998
17.09,4,14.9998,1.99968
17.1,4,14.9999,1.99992
17.11,4,15.0001,2.00039
17.12,4,15.0002,2.00071
17.13,4,15.0002,2.00087
17.14,4,15.0001,2.00088
17.15,4,14.9999,2.00073
17.16,4,14.9997,2.00043
17.17,4,14.9996,2.00003
17.18,4,14.9998,1.99973
17.19,4,15,1.99975
17.2,4,15.0002,2.00015
17.21,4,15.0001,2.0005
17.22,4,14.9999,2.00069
17.23,4,14.9997,2.00072
17.24,4,14.9995,2.00061
17.25,4,14.9995,2.00039
17.26,4,14.9996,2.00013
17.27,4,14.9999,1.99989
17.28,4,15.0003,2.00001
17.29,4,15.0004,2.00022
17.3,4,15.0002,2.00041
17.31,4,14.9998,2.00046
17.32,4,14.9995,2.00037
17.33,4,14.9993,2.00023
17.34,4,14.9994,2.00012
17.35,4,14.9997,2.00006
17.36,4,15.0002,2.00006
17.37,4,15.0003,2.00008
17.38,4,15.0002,2.00014
17.39,4,14.9998,2.00014
17.4,4,14.9995,2.00011
17.41,4,14.9995,2.00013
17.42,4,14.9997,2.00018
17.43,4,15.0001,2.0002
17.44,4,15.0003,2.00006
17.45,4,15.0002,1.99998
17.46,4,14.9997,2.00003
17.47,4,14.9995,2.00015
17.48,4,14.9995,2.00029
17.49,4,14.9997,2.00039
17.5,4,15,2.00036
17.51,4,15.0002,2.00018
17.52,4,15.0002,1.99992
17.53,4,14.9998,1.99989
17.54,4,14.9997,2.0001
17.55,4,14.9997,2.00034
17.56,4,14.9999,2.00046
17.57,4,15.0001,2.00043
17.58,4,15.0001,2.00023
17.59,4,15,1.9999
17.6,4,14.9998,1.99994
17.61,4,14.9998,2.00015
17.62,4,14.9999,2.00032
17.63,4,15.0001,2.00033
17.64,4,15.0001,2.00017
17.65,4,15,1.9999
17.66,4,14.9998,2
17.67,4,14.9999,2.00019
17.68,4,15.0001,2.00023
17.69,4,15.0001,2.0001
17.7,4,14.9999,1.99985
17.71,4,14.9998,1.99992
17.72,4,15,2.00019
17.73,4,15.0001,2.0003
17.74,4,15.0001,2.00024
17.75,4,15,2.00003
17.76,4,15,1.99977
17.77,4,15,1.99988
17.78,4,15,2.00035
17.79,4,15,2.00064
17.8,4,14.9999,2.00075
17.81,4,14.9998,2.00068
17.82,4,14.9998,2.00046
17.83,4,14.9998,2.00008
17.84,4,15,1.99971
17.85,4,15.0002,1.99971
17.86,4,15.0001,2.00004
17.87,4,14.9998,2.00038
17.88,4,14.9995,2.00058
17.89,4,14.9994,2.00066
17.9,4,14.9994,2.00063
17.91,4,14.9996,2.0005
17.92,4,14.9999,2.00027
17.93,4,15.0002,1.99989
17.94,4,15.0003,1.99974
17.95,4,15.0001,1.99988
17.96,4,14.9997,2.00032
17.97,4,14.9995,2.00065
17.98,4,14.9994,2.00086
17.99,4,14.9994,2.00094
18,4,14.9995,2.0009
18.01,4,14.9997,2.00071
18.02,4,15,2.00038
18.03,4,15.0002,1.99988
18.04,4,15.0002,1.99962
18.05,4,15,1.99971
18.06,4,14.9998,2.00017
18.07,4,14.9997,2.00056
18.08,4,14.9998,2.00079
18.09,4,14.9998,2.00086
18.1,4,14.9999,2.00075
18.11,4,15,2.00047
18.12,4,15,2.00003
18.13,4,14.9999,1.99944
18.14,4,14.9998,1.99922
18.15,4,14.9998,1.99937
18.16,4,14.9997,1.99987
18.17,4,14.9999,2.00058
18.18,4,15.0001,2.0011
18.19,4,15.0002,2.00144
18.2,4,15.0002,2.00159
18.21,4,15.0002,2.00157
18.22,4,15,2.00137
18.23,4,14.9999,2.001
18.24,4,14.9997,2.00047
18.25,4,14.9996,1.99982
18.26,4,14.9998,1.99939
18.27,4,15,1.99933
18.28,4,15.0001,1.99964
18.29,4,15.0002,2.00029
18.3,4,15,2.0008
18.31,4,14.9998,2.00111
18.32,4,14.9997,2.00125
18.33,4,14.9995,2.00122
18.34,4,14.9994,2.00103
18.35,4,14.9994,2.00071
18.36,4,14.9996,2.00027
18.37,4,14.9999,1.9998
18.38,4,15.0003,1.99967
18.39,4,15.0005,1.99985
18.4,4,15.0003,2.0002
18.41,4,14.9999,2.0005
18.42,4,14.9995,2.00063
18.43,4,14.9993,2.00064
18.44,4,14.9992,2.00056
18.45,4,14.9993,2.00043
18.46,4,14.9995,2.00027
18.47,4,15,2.00007
18.48,4,15.0004,1.9997
18.49,4,15.0005,1.9996
18.5,4,15.0004,1.99977
18.51,4,15,2.00017
18.52,4,14.9996,2.00039
18.53,4,14.9993,2.00052
18.54,4,14.9993,2.00058
18.55,4,14.9994,2.00056
18.56,4,14.9997,2.00045
18.57,4,15.0001,2.00021
18.58,4,15.0003,1.99982
18.59,4,15.0003,1.99966
18.6,4,15.0001,1.9998
18.61,4,14.9997,2.0003
18.62,4,14.9995,2.00068
18.63,4,14.9994,2.00093
18.64,4,14.9994,2.00104
18.65,4,14.9996,2.001
18.66,4,14.9997,2.0008
18.67,4,14.9999,2.00044
18.68,4,15.0001,1.99991
18.69,4,15.0001,1.99963
18.7,4,14.9999,1.99971
18.71,4,14.9998,2.00013
18.72,4,14.9998,2.0005
18.73,4,15,2.0007
18.74,4,15,2.00071
18.75,4,15,2.00054
18.76,4,15,2.0002
18.77,4,14.9999,1.99969
18.78,4,14.9999,1.99953
18.79,4,14.9998,1.99973
18.8,4,14.9999,2.00024
18.81,4,15,2.00058
18.82,4,15.0001,2.00073
18.83,4,15.0001,2.0007
18.84,4,15,2.00049
18.85,4,14.9999,2.0001
18.86,4,14.9999,1.99965
18.87,4,15,1.99957
18.88,4,15,1.99985
18.89,4,15,2.00047
18.9,4,14.9999,2.0009
18.91,4,14.9998,2.00114
18.92,4,14.9997,2.00118
18.93,4,14.9997,2.00105
18.94,4,14.9996,2.00075
18.95,4,14.9997,2.0003
18.96,4,14.9999,1.99976
18.97,4,15.0002,1.99956
18.98,4,15.0003,1.9997
18.99,4,15.0002,2.00013
19,4,14.9998,2.00047
19.01,4,14.9995,2.00065
19.02,4,14.9993,2.00069
19.03,4,14.9993,2.00061
19.04,4,14.9995,2.00045
19.05,4,14.9998,2.0002
19.06,4,15.0002,1.99987
19.07,4,15.0004,1.99977
19.08,4,15.0003,1.99989
19.09,4,14.9999,2.00019
19.1,4,14.9996,2.00032
19.11,4,14.9995,2.00037
19.12,4,14.9995,2.00035
19.13,4,14.9997,2.00025
19.14,4,15.0001,2.00005
19.15,4,15.0002,1.99983
19.16,4,15,1.99988
19.17,4,14.9998,2.00027
19.18,4,14.9996,2.00054
19.19,4,14.9996,2.00066
19.2,4,14.9997,2.00061
19.21,4,14.9999,2.00041
19.22,4,15.0001,2.00004
19.23,4,15,1.99961
19.24,4,14.9999,1.99954
19.25,4,14.9998,1.99981
19.26,4,14.9999,2.00034
19.27,4,15,2.00069
19.28,4,15.0001,2.00084
19.29,4,15.0001,2.0008
19.3,4,15,2.00057
19.31,4,14.9999,2.00016
19.32,4,14.9999,1.99961
19.33,4,14.9999,1.9994
19.34,4,14.9999,1.99955
19.35,4,14.9999,2.00003
19.36,4,15.0002,2.00047
19.37,4,15.0003,2.00072
19.38,4,15.0002,2.00078
19.39,4,15.0001,2.00067
19.4,4,14.9998,2.00037
19.41,4,14.9997,1.9999
19.42,4,14.9998,1.99961
19.43,4,14.9999,1.99964
19.44,4,15.0001,2.00001
19.45,4,15,2.00043
19.46,4,14.9998,2.00066
19.47,4,14.9997,2.00071
19.48,4,14.9996,2.00058
19.49,4,14.9997,2.00031
19.5,4,14.9999,1.99993
19.51,4,15.0003,1.99979
19.52,4,15.0004,1.9999
19.53,4,15.0002,2.00016
19.54,4,14.9998,2.00032
19.55,4,14.9994,2.00034
19.56,4,14.9993,2.0003
19.57,4,14.9994,2.00022
19.58,4,14.9998,2.00013
19.59,4,15.0003,1.99999
19.6,4,15.0004,1.99994
19.61,4,15.0003,2.00001
19.62,4,14.9999,2.00014
19.63,4,14.9996,2.00016
19.64,4,14.9995,2.00015
19.65,4,14.9997,2.00015
19.66,4,15,2.00011
19.67,4,15.0003,1.99989
19.68,4,15.0003,1.99985
19.69,4,15,2.00002
19.7,4,14.9999,2.00016
19.71,4,14.9999,2.00017
19.72,4,15,2.00002
19.73,4,14.9999,1.99984
19.74,4,14.9999,1.99996
19.75,4,15,2.00023
19.76,4,15.0001,2.0003
19.77,4,15.0001,2.0002
19.78,4,14.9999,1.99992
19.79,4,14.9999,1.99988
19.8,4,15,2.0001
19.81,4,15.0001,2.00014
19.82,4,14.9999,2
19.83,4,15.0001,1.99993
19.84,4,15,2.00013
19.85,4,14.9999,2.00016
19.86,4,14.9999,2.00003
19.87,4,15.0002,1.99985
19.88,4,15.0002,1.99991
19.89,4,14.9999,2.00017
19.9,4,14.9997,2.00027
19.91,4,14.9997,2.00026
19.92,4,14.9998,2.00015
19.93,4,15.0001,1.99993
19.94,4,15.0002,1.9999
19.95,4,14.9999,2.00009
19.96,4,14.9998,2.00016
19.97,4,14.9999,2.00013
19.98,4,15.0001,1.99998
19.99,4,15,1.99996
0,5,1.92576,2.98703
0.01,5,1.92633,2.98727
0.02,5,1.92718,2.98762
0.03,5,1.9283,2.98808
0.04,5,1.92969,2.98865
0.05,5,1.93135,2.98931
0.06,5,1.93325,2.99008
0.07,5,1.93541,2.99094
0.08,5,1.93781,2.99188
0.09,5,1.94045,2.9929
0.1,5,1.94333,2.99401
0.11,5,1.94643,2.99518
0.12,5,1.94976,2.99641
0.13,5,1.9533,2.99771
0.14,5,1.95706,2.99905
0.15,5,1.96103,3.00045
0.16,5,1.9652,3.00188
0.17,5,1.96958,3.00336
0.18,5,1.97414,3.00487
0.19,5,1.9789,3.0064
0.2,5,1.98385,3.00796
0.21,5,1.98897,3.00954
0.22,5,1.99428,3.01114
0.23,5,1.99976,3.01275
0.24,5,2.00542,3.01437
0.25,5,2.01124,3.016
0.26,5,2.01723,3.01763
0.27,5,2.02338,3.01926
0.28,5,2.02968,3.02089
0.29,5,2.03615,3.02252
0.3,5,2.04276,3.02414
0.31,5,2.04952,3.02575
0.32,5,2.05643,3.02735
0.33,5,2.06348,3.02894
0.34,5,2.07067,3.03052
0.35,5,2.078,3.03209
0.36,5,2.08546,3.03363
0.37,5,2.09306,3.03516
0.38,5,2.10078,3.03667
0.39,5,2.10864,3.03816
0.4,5,2.11662,3.03964
0.41,5,2.12472,3.04109
0.42,5,2.13294,3.04252
0.43,5,2.14128,3.04393
0.44,5,2.14974,3.04532
0.45,5,2.15831,3.04669
0.46,5,2.16699,3.04803
0.47,5,2.17578,3.04936
0.48,5,2.18469,3.05066
0.49,5,2.1937,3.05193
0.5,5,2.20282,3.05319
0.51,5,2.21203,3.05442
0.52,5,2.22135,3.05563
0.53,5,2.23077,3.05681
0.54,5,2.24028,3.05798
0.55,5,2.24989,3.05912
0.56,5,2.2596,3.06024
0.57,5,2.2694,3.06133
0.58,5,2.27929,3.06241
0.59,5,2.28927,3.06346
0.6,5,2.29934,3.06449
0.61,5,2.3095,3.06551
0.62,5,2.31975,3.0665
0.63,5,2.33008,3.06747
0.64,5,2.34049,3.06843
0.65,5,2.35098,3.06936
0.66,5,2.36155,3.07027
0.67,5,2.3722,3.07116
0.68,5,2.38293,3.07204
0.69,5,2.39374,3.07289
0.7,5,2.40462,3.07373
0.71,5,2.41557,3.07454
0.72,5,2.42659,3.07534
0.73,5,2.43768,3.07613
0.74,5,2.44884,3.07689
0.75,5,2.46007,3.07764
0.76,5,2.47137,3.07837
0.77,5,2.48273,3.07908
0.78,5,2.49416,3.07978
0.79,5,2.50564,3.08046
0.8,5,2.5172,3.08112
0.81,5,2.52881,3.08177
0.82,5,2.54048,3.08241
0.83,5,2.55221,3.08302
0.84,5,2.56399,3.08363
0.85,5,2.57584,3.08422
0.86,5,2.58773,3.08479
0.87,5,2.59969,3.08535
0.88,5,2.61169,3.0859
0.89,5,2.62375,3.08643
0.9,5,2.63585,3.08694
0.91,5,2.64801,3.08745
0.92,5,2.66022,3.08793
0.93,5,2.67247,3.08841
0.94,5,2.68477,3.08887
0.95,5,2.69711,3.08932
0.96,5,2.7095,3.08976
0.97,5,2.72193,3.09018
0.98,5,2.73441,3.09059
0.99,5,2.74692,3.09099
1,5,2.75948,3.09137
1.01,5,2.77208,3.09175
1.02,5,2.78472,3.09211
1.03,5,2.79739,3.09246
1.04,5,2.8101,3.09279
1.05,5,2.82285,3.09312
1.06,5,2.83562,3.09342
1.07,5,2.84843,3.09372
1.08,5,2.86128,3.094
1.09,5,2.87415,3.09427
1.1,5,2.88706,3.09453
1.11,5,2.89999,3.09478
1.12,5,2.91296,3.09501
1.13,5,2.92595,3.09523
1.14,5,2.93896,3.09544
1.15,5,2.95201,3.09563
1.16,5,2.96508,3.09582
1.17,5,2.97818,3.09599
1.18,5,2.9913,3.09615
1.19,5,3.00445,3.0963
1.2,5,3.01762,3.09643
1.21,5,3.03081,3.09656
1.22,5,3.04402,3.09667
1.23,5,3.05726,3.09678
1.24,5,3.07052,3.09687
1.25,5,3.0838,3.09695
1.26,5,3.0971,3.09702
1.27,5,3.11043,3.09708
1.28,5,3.12377,3.09713
1.29,5,3.13713,3.09717
1.3,5,3.1505,3.0972
1.31,5,3.1639,3.09722
1.32,5,3.17731,3.09723
1.33,5,3.19073,3.09722
1.34,5,3.20417,3.09721
1.35,5,3.21763,3.09718
1.36,5,3.2311,3.09714
1.37,5,3.24458,3.0971
1.38,5,3.25807,3.09704
1.39,5,3.27158,3.09697
1.4,5,3.2851,3.09689
1.41,5,3.29863,3.0968
1.42,5,3.31218,3.0967
1.43,5,3.32574,3.09659
1.44,5,3.3393,3.09647
1.45,5,3.35288,3.09635
1.46,5,3.36647,3.09621
1.47,5,3.38007,3.09606
1.48,5,3.39367,3.0959
1.49,5,3.40729,3.09573
1.5,5,3.42091,3.09555
1.51,5,3.43454,3.09537
1.52,5,3.44818,3.09517
1.53,5,3.46182,3.09496
1.54,5,3.47547,3.09474
1.55,5,3.48913,3.09452
1.56,5,3.5028,3.09428
1.57,5,3.51647,3.09404
1.58,5,3.53015,3.09378
1.59,5,3.54383,3.09352
1.6,5,3.55752,3.09325
1.61,5,3.57122,3.09297
1.62,5,3.58492,3.09268
1.63,5,3.59862,3.09238
1.64,5,3.61233,3.09208
1.65,5,3.62604,3.09176
1.66,5,3.63976,3.09144
1.67,5,3.65348,3.09111
1.68,5,3.66721,3.09077
1.69,5,3.68093,3.09042
1.7,5,3.69467,3.09007
1.71,5,3.7084,3.0897
1.72,5,3.72214,3.08933
1.73,5,3.73588,3.08895
1.74,5,3.74963,3.08857
1.75,5,3.76338,3.08817
1.76,5,3.77712,3.08777
1.77,5,3.79088,3.08736
1.78,5,3.80463,3.08695
1.79,5,3.81838,3.08652
1.8,5,3.83214,3.08609
1.81,5,3.84589,3.08565
1.82,5,3.85965,3.08521
1.83,5,3.87341,3.08476
1.84,5,3.88717,3.0843
1.85,5,3.90094,3.08383
1.86,5,3.9147,3.08336
1.87,5,3.92847,3.08288
1.88,5,3.94223,3.0824
1.89,5,3.956,3.08191
1.9,5,3.96977,3.08141
1.91,5,3.98354,3.08091
1.92,5,3.99731,3.0804
1.93,5,4.01107,3.07989
1.94,5,4.02484,3.07936
1.95,5,4.03861,3.07884
1.96,5,4.05238,3.0783
1.97,5,4.06614,3.07776
1.98,5,4.07991,3.07722
1.99,5,4.09367,3.07667
2,5,4.10744,3.07611
2.01,5,4.12121,3.07555
2.02,5,4.13497,3.07498
2.03,5,4.14874,3.07441
2.04,5,4.1625,3.07383
2.05,5,4.17626,3.07325
2.06,5,4.19003,3.07267
2.07,5,4.20379,3.07208
2.08,5,4.21756,3.07148
2.09,5,4.23132,3.07088
2.1,5,4.24509,3.07028
2.11,5,4.25885,3.06967
2.12,5,4.27261,3.06906
2.13,5,4.28637,3.06845
2.14,5,4.30013,3.06783
2.15,5,4.31389,3.0672
2.16,5,4.32765,3.06657
2.17,5,4.34141,3.06594
2.18,5,4.35517,3.06531
2.19,5,4.36892,3.06467
2.2,5,4.38267,3.06402
2.21,5,4.39643,3.06338
2.22,5,4.41018,3.06272
2.23,5,4.42393,3.06207
2.24,5,4.43768,3.06141
2.25,5,4.45143,3.06075
2.26,5,4.46517,3.06009
2.27,5,4.47892,3.05942
2.28,5,4.49266,3.05875
2.29,5,4.5064,3.05808
2.3,5,4.52015,3.0574
2.31,5,4.53389,3.05672
2.32,5,4.54763,3.05604
2.33,5,4.56137,3.05536
2.34,5,4.57511,3.05467
2.35,5,4.58884,3.05398
2.36,5,4.60258,3.05329
2.37,5,4.61631,3.0526
2.38,5,4.63005,3.0519
2.39,5,4.64378,3.0512
2.4,5,4.65751,3.0505
2.41,5,4.67124,3.0498
2.42,5,4.68497,3.0491
2.43,5,4.69869,3.0484
2.44,5,4.71242,3.04769
2.45,5,4.72615,3.04698
2.46,5,4.73987,3.04627
2.47,5,4.75359,3.04556
2.48,5,4.76731,3.04485
2.49,5,4.78103,3.04414
2.5,5,4.79475,3.04342
2.51,5,4.80847,3.0427
2.52,5,4.82218,3.04199
2.53,5,4.8359,3.04127
2.54,5,4.84961,3.04055
2.55,5,4.86332,3.03983
2.56,5,4.87703,3.0391
2.57,5,4.89074,3.03838
2.58,5,4.90444,3.03766
2.59,5,4.91815,3.03693
2.6,5,4.93185,3.03621
2.61,5,4.94556,3.03548
2.62,5,4.95926,3.03476
2.63,5,4.97296,3.03403
2.64,5,4.98666,3.0333
2.65,5,5.00035,3.03257
2.66,5,5.01405,3.03185
2.67,5,5.02774,3.03112
2.68,5,5.04143,3.03039
2.69,5,5.05512,3.02966
2.7,5,5.06881,3.02893
2.71,5,5.0825,3.0282
2.72,5,5.09619,3.02747
2.73,5,5.10987,3.02674
2.74,5,5.12355,3.02601
2.75,5,5.13724,3.02528
2.76,5,5.15092,3.02456
2.77,5,5.1646,3.02383
2.78,5,5.17828,3.0231
2.79,5,5.19195,3.02237
2.8,5,5.20563,3.02165
2.81,5,5.21931,3.02092
2.82,5,5.23298,3.0202
2.83,5,5.24665,3.01947
2.84,5,5.26033,3.01875
2.85,5,5.27399,3.01803
2.86,5,5.28766,3.01731
2.87,5,5.30133,3.01659
2.88,5,5.315,3.01586
2.89,5,5.32866,3.01515
2.9,5,5.34233,3.01443
2.91,5,5.35599,3.01371
2.92,5,5.36965,3.01299
2.93,5,5.38331,3.01228
2.94,5,5.39697,3.01157
2.95,5,5.41062,3.01085
2.96,5,5.42428,3.01014
2.97,5,5.43793,3.00943
2.98,5,5.45159,3.00872
2.99,5,5.46524,3.00801
3,5,5.47889,3.00731
3.01,5,5.49253,3.0066
3.02,5,5.50618,3.0059
3.03,5,5.51983,3.0052
3.04,5,5.53347,3.0045
3.05,5,5.54711,3.0038
3.06,5,5.56076,3.00311
3.07,5,5.5744,3.00241
3.08,5,5.58803,3.00172
3.09,5,5.60167,3.00103
3.1,5,5.6153,3.00034
3.11,5,5.62894,2.99965
3.12,5,5.64257,2.99897
3.13,5,5.6562,2.99828
3.14,5,5.66984,2.9976
3.15,5,5.68347,2.99692
3.16,5,5.6971,2.99625
3.17,5,5.71072,2.99557
3.18,5,5.72435,2.9949
3.19,5,5.73797,2.99423
3.2,5,5.7516,2.99356
3.21,5,5.76522,2.99289
3.22,5,5.77884,2.99223
3.23,5,5.79246,2.99157
3.24,5,5.80608,2.99091
3.25,5,5.8197,2.99025
3.26,5,5.83332,2.9896
3.27,5,5.84693,2.98895
3.28,5,5.86054,2.9883
3.29,5,5.87416,2.98765
3.3,5,5.88777,2.987
3.31,5,5.90138,2.98636
3.32,5,5.91498,2.98572
3.33,5,5.92859,2.98509
3.34,5,5.9422,2.98445
3.35,5,5.9558,2.98382
3.36,5,5.96941,2.98319
3.37,5,5.98301,2.98257
3.38,5,5.99661,2.98194
3.39,5,6.01021,2.98132
3.4,5,6.02381,2.98071
3.41,5,6.0374,2.98009
3.42,5,6.051,2.97948
3.43,5,6.06459,2.97887
3.44,5,6.07819,2.97826
3.45,5,6.09178,2.97766
3.46,5,6.10537,2.97706
3.47,5,6.11896,2.97646
3.48,5,6.13255,2.97587
3.49,5,6.14614,2.97527
3.5,5,6.15973,2.97468
3.51,5,6.17331,2.9741
3.52,5,6.1869,2.97352
3.53,5,6.20048,2.97294
3.54,5,6.21407,2.97236
3.55,5,6.22765,2.97178
3.56,5,6.24123,2.97121
3.57,5,6.25481,2.97064
3.58,5,6.26838,2.97008
3.59,5,6.28196,2.96952
3.6,5,6.29553,2.96896
3.61,5,6.30911,2.9684
3.62,5,6.32268,2.96785
3.63,5,6.33625,2.96729
3.64,5,6.34982,2.96675
3.65,5,6.36338,2.9662
3.66,5,6.37695,2.96566
3.67,5,6.39051,2.96512
3.68,5,6.40408,2.96458
3.69,5,6.41764,2.96405
3.7,5,6.4312,2.96352
3.71,5,6.44476,2.96299
3.72,5,6.45832,2.96246
3.73,5,6.47187,2.96194
3.74,5,6.48543,2.96142
3.75,5,6.49898,2.96091
3.76,5,6.51253,2.96039
3.77,5,6.52608,2.95988
3.78,5,6.53963,2.95937
3.79,5,6.55318,2.95887
3.8,5,6.56672,2.95836
3.81,5,6.58026,2.95786
3.82,5,6.5938,2.95736
3.83,5,6.60734,2.95687
3.84,5,6.62088,2.95638
3.85,5,6.63442,2.95588
3.86,5,6.64795,2.9554
3.87,5,6.66149,2.95491
3.88,5,6.67502,2.95443
3.89,5,6.68856,2.95395
3.9,5,6.70209,2.95348
3.91,5,6.71562,2.953
3.92,5,6.72915,2.95253
3.93,5,6.74268,2.95207
3.94,5,6.7562,2.9516
3.95,5,6.76973,2.95114
3.96,5,6.78325,2.95068
3.97,5,6.79678,2.95022
3.98,5,6.8103,2.94977
3.99,5,6.82382,2.94931
4,5,6.83734,2.94886
4.01,5,6.85086,2.94841
4.02,5,6.86437,2.94797
4.03,5,6.87789,2.94752
4.04,5,6.8914,2.94708
4.05,5,6.90491,2.94664
4.06,5,6.91843,2.9462
4.07,5,6.93193,2.94577
4.08,5,6.94544,2.94533
4.09,5,6.95895,2.9449
4.1,5,6.97245,2.94447
4.11,5,6.98595,2.94404
4.12,5,6.99945,2.94362
4.13,5,7.01295,2.94319
4.14,5,7.02645,2.94277
4.15,5,7.03995,2.94235
4.16,5,7.05344,2.94194
4.17,5,7.06694,2.94152
4.18,5,7.08043,2.94111
4.19,5,7.09393,2.94069
4.2,5,7.10742,2.94028
4.21,5,7.12091,2.93988
4.22,5,7.13439,2.93947
4.23,5,7.14788,2.93907
4.24,5,7.16136,2.93866
4.25,5,7.17485,2.93826
4.26,5,7.18833,2.93786
4.27,5,7.20181,2.93747
4.28,5,7.21529,2.93707
4.29,5,7.22877,2.93668
4.3,5,7.24225,2.93629
4.31,5,7.25573,2.9359
4.32,5,7.2692,2.93551
4.33,5,7.28267,2.93513
4.34,5,7.29615,2.93474
4.35,5,7.30962,2.93436
4.36,5,7.32309,2.93398
4.37,5,7.33655,2.9336
4.38,5,7.35002,2.93322
4.39,5,7.36349,2.93284
4.4,5,7.37695,2.93247
4.41,5,7.39041,2.93209
4.42,5,7.40387,2.93172
4.43,5,7.41733,2.93135
4.44,5,7.43079,2.93098
4.45,5,7.44425,2.93061
4.46,5,7.4577,2.93024
4.47,5,7.47115,2.92987
4.48,5,7.48461,2.92951
4.49,5,7.49806,2.92914
4.5,5,7.51151,2.92877
4.51,5,7.52495,2.92841
4.52,5,7.5384,2.92804
4.53,5,7.55185,2.92768
4.54,5,7.56529,2.92732
4.55,5,7.57873,2.92696
4.56,5,7.59218,2.92659
4.57,5,7.60562,2.92623
4.58,5,7.61905,2.92587
4.59,5,7.63249,2.92551
4.6,5,7.64593,2.92515
4.61,5,7.65936,2.92479
4.62,5,7.6728,2.92443
4.63,5,7.68623,2.92407
4.64,5,7.69966,2.92371
4.65,5,7.7131,2.92335
4.66,5,7.72653,2.92299
4.67,5,7.73995,2.92263
4.68,5,7.75338,2.92227
4.69,5,7.76681,2.92191
4.7,5,7.78023,2.92155
4.71,5,7.79365,2.92119
4.72,5,7.80707,2.92083
4.73,5,7.82049,2.92047
4.74,5,7.8339,2.92011
4.75,5,7.84732,2.91975
4.76,5,7.86073,2.91939
4.77,5,7.87414,2.91903
4.78,5,7.88755,2.91867
4.79,5,7.90097,2.91831
4.8,5,7.91437,2.91795
4.81,5,7.92778,2.91759
4.82,5,7.94119,2.91723
4.83,5,7.95459,2.91687
4.84,5,7.96799,2.91651
4.85,5,7.98139,2.91615
4.86,5,7.99479,2.91578
4.87,5,8.00819,2.91542
4.88,5,8.02159,2.91506
4.89,5,8.03498,2.91469
4.9,5,8.04837,2.91433
4.91,5,8.06176,2.91396
4.92,5,8.07515,2.91359
4.93,5,8.08854,2.91323
4.94,5,8.10193,2.91286
4.95,5,8.11531,2.91249
4.96,5,8.1287,2.91212
4.97,5,8.14208,2.91175
4.98,5,8.15546,2.91138
4.99,5,8.16884,2.911
5,5,8.18222,2.91063
5.01,5,8.1956,2.91026
5.02,5,8.20898,2.90988
5.03,5,8.22235,2.90951
5.04,5,8.23573,2.90913
5.05,5,8.2491,2.90876
5.06,5,8.26247,2.90838
5.07,5,8.27584,2.908
5.08,5,8.28921,2.90762
5.09,5,8.30258,2.90723
5.1,5,8.31594,2.90685
5.11,5,8.32931,2.90647
5.12,5,8.34267,2.90608
5.13,5,8.35604,2.9057
5.14,5,8.3694,2.90531
5.15,5,8.38276,2.90492
5.16,5,8.39612,2.90453
5.17,5,8.40948,2.90413
5.18,5,8.42284,2.90374
5.19,5,8.43619,2.90334
5.2,5,8.44955,2.90294
5.21,5,8.4629,2.90254
5.22,5,8.47625,2.90214
5.23,5,8.4896,2.90174
5.24,5,8.50295,2.90133
5.25,5,8.5163,2.90092
5.26,5,8.52965,2.90051
5.27,5,8.543,2.9001
5.28,5,8.55634,2.89969
5.29,5,8.56969,2.89927
5.3,5,8.58303,2.89885
5.31,5,8.59637,2.89843
5.32,5,8.60971,2.89801
5.33,5,8.62305,2.89759
5.34,5,8.63638,2.89716
5.35,5,8.64972,2.89674
5.36,5,8.66305,2.89631
5.37,5,8.67639,2.89588
5.38,5,8.68972,2.89544
5.39,5,8.70305,2.89501
5.4,5,8.71638,2.89457
5.41,5,8.72971,2.89413
5.42,5,8.74304,2.8937
5.43,5,8.75637,2.89325
5.44,5,8.76969,2.89281
5.45,5,8.78301,2.89236
5.46,5,8.79634,2.89191
5.47,5,8.80966,2.89146
5.48,5,8.82298,2.89101
5.49,5,8.83629,2.89055
5.5,5,8.84961,2.89009
5.51,5,8.86293,2.88963
5.52,5,8.87624,2.88916
5.53,5,8.88956,2.8887
5.54,5,8.90287,2.88823
5.55,5,8.91618,2.88776
5.56,5,8.92949,2.88728
5.57,5,8.9428,2.88681
5.58,5,8.95611,2.88633
5.59,5,8.96942,2.88585
5.6,5,8.98272,2.88537
5.61,5,8.99603,2.88488
5.62,5,9.00933,2.88439
5.63,5,9.02263,2.8839
5.64,5,9.03594,2.88341
5.65,5,9.04924,2.88292
5.66,5,9.06254,2.88242
5.67,5,9.07584,2.88192
5.68,5,9.08914,2.88141
5.69,5,9.10244,2.8809
5.7,5,9.11573,2.88039
5.71,5,9.12903,2.87988
5.72,5,9.14233,2.87937
5.73,5,9.15562,2.87885
5.74,5,9.16891,2.87833
5.75,5,9.1822,2.87781
5.76,5,9.19549,2.87728
5.77,5,9.20877,2.87676
5.78,5,9.22206,2.87623
5.79,5,9.23534,2.8757
5.8,5,9.24863,2.87517
5.81,5,9.26191,2.87463
5.82,5,9.27519,2.8741
5.83,5,9.28846,2.87355
5.84,5,9.30174,2.87301
5.85,5,9.31502,2.87247
5.86,5,9.32829,2.87192
5.87,5,9.34156,2.87136
5.88,5,9.35483,2.87081
5.89,5,9.36811,2.87024
5.9,5,9.38138,2.86968
5.91,5,9.39465,2.86911
5.92,5,9.40791,2.86854
5.93,5,9.42118,2.86797
5.94,5,9.43445,2.86739
5.95,5,9.44772,2.86681
5.96,5,9.46098,2.86623
5.97,5,9.47424,2.86564
5.98,5,9.4875,2.86505
5.99,5,9.50076,2.86446
6,5,9.51402,2.86387
6.01,5,9.52728,2.86327
6.02,5,9.54054,2.86266
6.03,5,9.55379,2.86206
6.04,5,9.56704,2.86145
6.05,5,9.5803,2.86083
6.06,5,9.59355,2.86021
6.07,5,9.6068,2.85959
6.08,5,9.62005,2.85896
6.09,5,9.6333,2.85833
6.1,5,9.64655,2.8577
6.11,5,9.6598,2.85707
6.12,5,9.67305,2.85643
6.13,5,9.6863,2.85578
6.14,5,9.69955,2.85514
6.15,5,9.71279,2.85449
6.16,5,9.72604,2.85383
6.17,5,9.73928,2.85317
6.18,5,9.75253,2.85251
6.19,5,9.76577,2.85184
6.2,5,9.77902,2.85117
6.21,5,9.79226,2.8505
6.22,5,9.80551,2.84982
6.23,5,9.81875,2.84914
6.24,5,9.83199,2.84845
6.25,5,9.84523,2.84776
6.26,5,9.85847,2.84707
6.27,5,9.87171,2.84638
6.28,5,9.88495,2.84568
6.29,5,9.89818,2.84498
6.3,5,9.91142,2.84427
6.31,5,9.92466,2.84357
6.32,5,9.93789,2.84286
6.33,5,9.95112,2.84214
6.34,5,9.96436,2.84142
6.35,5,9.97759,2.8407
6.36,5,9.99082,2.83997
6.37,5,10.004,2.83923
6.38,5,10.0173,2.83849
6.39,5,10.0305,2.83775
6.4,5,10.0437,2.837
6.41,5,10.0569,2.83625
6.42,5,10.0702,2.8355
6.43,5,10.0834,2.83474
6.44,5,10.0966,2.83398
6.45,5,10.1098,2.83321
6.46,5,10.123,2.83244
6.47,5,10.1363,2.83167
6.48,5,10.1495,2.83089
6.49,5,10.1627,2.8301
6.5,5,10.1759,2.82931
6.51,5,10.1891,2.82852
6.52,5,10.2023,2.82772
6.53,5,10.2155,2.82691
6.54,5,10.2287,2.8261
6.55,5,10.2419,2.82529
6.56,5,10.2551,2.82446
6.57,5,10.2683,2.82364
6.58,5,10.2815,2.82281
6.59,5,10.2947,2.82197
6.6,5,10.3079,2.82113
6.61,5,10.3211,2.82029
6.62,5,10.3343,2.81944
6.63,5,10.3475,2.81858
6.64,5,10.3607,2.81771
6.65,5,10.3739,2.81684
6.66,5,10.3871,2.81597
6.67,5,10.4003,2.81509
6.68,5,10.4135,2.81421
6.69,5,10.4267,2.81333
6.7,5,10.4399,2.81244
6.71,5,10.4531,2.81154
6.72,5,10.4663,2.81064
6.73,5,10.4794,2.80974
6.74,5,10.4926,2.80883
6.75,5,10.5058,2.80791
6.76,5,10.519,2.80699
6.77,5,10.5322,2.80606
6.78,5,10.5454,2.80513
6.79,5,10.5585,2.8042
6.8,5,10.5717,2.80326
6.81,5,10.5849,2.80231
6.82,5,10.5981,2.80136
6.83,5,10.6113,2.8004
6.84,5,10.6245,2.79944
6.85,5,10.6376,2.79847
6.86,5,10.6508,2.7975
6.87,5,10.664,2.79652
6.88,5,10.6772,2.79554
6.89,5,10.6903,2.79455
6.9,5,10.7035,2.79355
6.91,5,10.7167,2.79255
6.92,5,10.7298,2.79155
6.93,5,10.743,2.79054
6.94,5,10.7562,2.78952
6.95,5,10.7694,2.7885
6.96,5,10.7825,2.78747
6.97,5,10.7957,2.78643
6.98,5,10.8089,2.78539
6.99,5,10.822,2.78435
7,5,10.8352,2.78329
7.01,5,10.8484,2.78223
7.02,5,10.8615,2.78117
7.03,5,10.8747,2.7801
7.04,5,10.8879,2.77902
7.05,5,10.901,2.77794
7.06,5,10.9142,2.77685
7.07,5,10.9274,2.77576
7.08,5,10.9405,2.77466
7.09,5,10.9537,2.77355
7.1,5,10.9669,2.77243
7.11,5,10.98,2.77131
7.12,5,10.9932,2.77019
7.13,5,11.0064,2.76905
7.14,5,11.0195,2.76792
7.15,5,11.0327,2.76677
7.16,5,11.0458,2.76562
7.17,5,11.059,2.76446
7.18,5,11.0722,2.76329
7.19,5,11.0853,2.76212
7.2,5,11.0985,2.76094
7.21,5,11.1117,2.75976
7.22,5,11.1248,2.75857
7.23,5,11.138,2.75737
7.24,5,11.1511,2.75617
7.25,5,11.1643,2.75496
7.26,5,11.1775,2.75375
7.27,5,11.1906,2.75253
7.28,5,11.2038,2.75131
7.29,5,11.2169,2.75008
7.3,5,11.2301,2.74884
7.31,5,11.2433,2.7476
7.32,5,11.2564,2.74635
7.33,5,11.2696,2.7451
7.34,5,11.2827,2.74384
7.35,5,11.2959,2.74257
7.36,5,11.3091,2.74129
7.37,5,11.3222,2.74001
7.38,5,11.3354,2.73872
7.39,5,11.3485,2.73742
7.4,5,11.3617,2.73612
7.41,5,11.3748,2.73481
7.42,5,11.388,2.73349
7.43,5,11.4012,2.73217
7.44,5,11.4143,2.73084
7.45,5,11.4275,2.7295
7.46,5,11.4406,2.72816
7.47,5,11.4538,2.7268
7.48,5,11.4669,2.72544
7.49,5,11.4801,2.72407
7.5,5,11.4933,2.72269
7.51,5,11.5064,2.7213
7.52,5,11.5196,2.71991
7.53,5,11.5328,2.7185
7.54,5,11.5459,2.71709
7.55,5,11.5591,2.71566
7.56,5,11.5723,2.71424
7.57,5,11.5855,2.7128
7.58,5,11.5986,2.71135
7.59,5,11.6118,2.7099
7.6,5,11.625,2.70844
7.61,5,11.6382,2.70696
7.62,5,11.6513,2.70549
7.63,5,11.6645,2.704
7.64,5,11.6777,2.70251
7.65,5,11.6909,2.701
7.66,5,11.7041,2.6995
7.67,5,11.7173,2.69798
7.68,5,11.7305,2.69645
7.69,5,11.7436,2.69492
7.7,5,11.7568,2.69337
7.71,5,11.77,2.69182
7.72,5,11.7832,2.69026
7.73,5,11.7964,2.6887
7.74,5,11.8096,2.68712
7.75,5,11.8228,2.68554
7.76,5,11.836,2.68395
7.77,5,11.8492,2.68235
7.78,5,11.8624,2.68074
7.79,5,11.8756,2.67913
7.8,5,11.8888,2.6775
7.81,5,11.902,2.67587
7.82,5,11.9152,2.67423
7.83,5,11.9284,2.67258
7.84,5,11.9416,2.67092
7.85,5,11.9548,2.66925
7.86,5,11.968,2.66757
7.87,5,11.9812,2.66589
7.88,5,11.9944,2.66419
7.89,5,12.0076,2.66249
7.9,5,12.0208,2.66078
7.91,5,12.034,2.65907
7.92,5,12.0473,2.65734
7.93,5,12.0605,2.65561
7.94,5,12.0737,2.65386
7.95,5,12.0869,2.65211
7.96,5,12.1001,2.65035
7.97,5,12.1133,2.64858
7.98,5,12.1266,2.6468
7.99,5,12.1398,2.64502
8,5,12.153,2.64322
8.01,5,12.1662,2.64142
8.02,5,12.1794,2.6396
8.03,5,12.1926,2.63778
8.04,5,12.2059,2.63594
8.05,5,12.2191,2.6341
8.06,5,12.2323,2.63225
8.07,5,12.2455,2.6304
8.08,5,12.2587,2.62853
8.09,5,12.272,2.62665
8.1,5,12.2852,2.62477
8.11,5,12.2984,2.62287
8.12,5,12.3116,2.62097
8.13,5,12.3249,2.61906
8.14,5,12.3381,2.61714
8.15,5,12.3513,2.61521
8.16,5,12.3645,2.61327
8.17,5,12.3777,2.61132
8.18,5,12.391,2.60937
8.19,5,12.4042,2.60741
8.2,5,12.4174,2.60543
8.21,5,12.4306,2.60345
8.22,5,12.4439,2.60146
8.23,5,12.4571,2.59946
8.24,5,12.4703,2.59745
8.25,5,12.4836,2.59542
8.26,5,12.4968,2.59339
8.27,5,12.5101,2.59135
8.28,5,12.5233,2.5893
8.29,5,12.5365,2.58724
8.3,5,12.5498,2.58517
8.31,5,12.563,2.58309
8.32,5,12.5763,2.581
8.33,5,12.5895,2.5789
8.34,5,12.6028,2.57679
8.35,5,12.616,2.57467
8.36,5,12.6293,2.57254
8.37,5,12.6425,2.57041
8.38,5,12.6558,2.56826
8.39,5,12.669,2.5661
8.4,5,12.6823,2.56394
8.41,5,12.6956,2.56176
8.42,5,12.7088,2.55958
8.43,5,12.7221,2.55739
8.44,5,12.7353,2.55519
8.45,5,12.7486,2.55298
8.46,5,12.7618,2.55076
8.47,5,12.7751,2.54853
8.48,5,12.7884,2.5463
8.49,5,12.8016,2.54406
8.5,5,12.8149,2.54181
8.51,5,12.8282,2.53955
8.52,5,12.8414,2.53728
8.53,5,12.8547,2.535
8.54,5,12.8679,2.53272
8.55,5,12.8812,2.53042
8.56,5,12.8945,2.52812
8.57,5,12.9077,2.5258
8.58,5,12.921,2.52348
8.59,5,12.9343,2.52115
8.6,5,12.9476,2.51882
8.61,5,12.9608,2.51647
8.62,5,12.9741,2.51411
8.63,5,12.9874,2.51175
8.64,5,13.0006,2.50938
8.65,5,13.0139,2.50701
8.66,5,13.0272,2.50463
8.67,5,13.0405,2.50224
8.68,5,13.0537,2.49984
8.69,5,13.067,2.49744
8.7,5,13.0803,2.49503
8.71,5,13.0935,2.49261
8.72,5,13.1068,2.49019
8.73,5,13.1201,2.48776
8.74,5,13.1334,2.48532
8.75,5,13.1467,2.48288
8.76,5,13.1599,2.48043
8.77,5,13.1732,2.47798
8.78,5,13.1865,2.47553
8.79,5,13.1998,2.47307
8.8,5,13.2131,2.47061
8.81,5,13.2263,2.46815
8.82,5,13.2396,2.46568
8.83,5,13.2529,2.46321
8.84,5,13.2662,2.46074
8.85,5,13.2794,2.45827
8.86,5,13.2927,2.4558
8.87,5,13.306,2.45333
8.88,5,13.3193,2.45086
8.89,5,13.3325,2.44839
8.9,5,13.3458,2.44593
8.91,5,13.3591,2.44346
8.92,5,13.3724,2.44101
8.93,5,13.3856,2.43855
8.94,5,13.3989,2.4361
8.95,5,13.4122,2.43366
8.96,5,13.4254,2.43123
8.97,5,13.4387,2.4288
8.98,5,13.452,2.42639
8.99,5,13.4652,2.42398
9,5,13.4785,2.42159
9.01,5,13.4918,2.41921
9.02,5,13.505,2.41685
9.03,5,13.5183,2.4145
9.04,5,13.5315,2.41217
9.05,5,13.5448,2.40986
9.06,5,13.558,2.40757
9.07,5,13.5712,2.4053
9.08,5,13.5845,2.40306
9.09,5,13.5977,2.40085
9.1,5,13.6109,2.39866
9.11,5,13.6241,2.3965
9.12,5,13.6374,2.39438
9.13,5,13.6506,2.39229
9.14,5,13.6638,2.39023
9.15,5,13.677,2.38822
9.16,5,13.6902,2.38625
9.17,5,13.7034,2.38432
9.18,5,13.7165,2.38244
9.19,5,13.7297,2.3806
9.2,5,13.7429,2.37882
9.21,5,13.756,2.37709
9.22,5,13.7692,2.37541
9.23,5,13.7823,2.37379
9.24,5,13.7954,2.37224
9.25,5,13.8085,2.37074
9.26,5,13.8216,2.36931
9.27,5,13.8347,2.36795
9.28,5,13.8478,2.36665
9.29,5,13.8608,2.36542
9.3,5,13.8739,2.36427
9.31,5,13.8869,2.36319
9.32,5,13.8999,2.36219
9.33,5,13.9129,2.36126
9.34,5,13.9258,2.3604
9.35,5,13.9388,2.35963
9.36,5,13.9517,2.35894
9.37,5,13.9646,2.35832
9.38,5,13.9775,2.35777
9.39,5,13.9904,2.35731
9.4,5,14.0033,2.35692
9.41,5,14.0161,2.3566
9.42,5,14.0289,2.35636
9.43,5,14.0417,2.35619
9.44,5,14.0545,2.35609
9.45,5,14.0673,2.35606
9.46,5,14.08,2.3561
9.47,5,14.0928,2.35619
9.48,5,14.1055,2.35636
9.49,5,14.1181,2.35658
9.5,5,14.1308,2.35685
9.51,5,14.1434,2.35718
9.52,5,14.1561,2.35755
9.53,5,14.1687,2.35798
9.54,5,14.1813,2.35845
9.55,5,14.1938,2.35895
9.56,5,14.2064,2.3595
9.57,5,14.2189,2.36008
9.58,5,14.2314,2.36069
9.59,5,14.2438,2.36132
9.6,5,14.2563,2.36198
9.61,5,14.2687,2.36266
9.62,5,14.2811,2.36335
9.63,5,14.2935,2.36406
9.64,5,14.3059,2.36476
9.65,5,14.3183,2.36547
9.66,5,14.3306,2.36618
9.67,5,14.3429,2.36688
9.68,5,14.3552,2.36758
9.69,5,14.3674,2.36827
9.7,5,14.3796,2.36895
9.71,5,14.3918,2.36961
9.72,5,14.404,2.37025
9.73,5,14.4162,2.37087
9.74,5,14.4283,2.37146
9.75,5,14.4404,2.37203
9.76,5,14.4524,2.37257
9.77,5,14.4644,2.37308
9.78,5,14.4764,2.37355
9.79,5,14.4883,2.374
9.8,5,14.5002,2.37441
9.81,5,14.5121,2.37479
9.82,5,14.5239,2.37513
9.83,5,14.5356,2.37543
9.84,5,14.5473,2.37569
9.85,5,14.5589,2.37591
9.86,5,14.5705,2.37609
9.87,5,14.582,2.37624
9.88,5,14.5934,2.37635
9.89,5,14.6048,2.37641
9.9,5,14.616,2.37645
9.91,5,14.6272,2.37645
9.92,5,14.6383,2.37642
9.93,5,14.6493,2.37635
9.94,5,14.6602,2.37625
9.95,5,14.6709,2.37612
9.96,5,14.6816,2.37597
9.97,5,14.6921,2.37579
9.98,5,14.7025,2.37558
9.99,5,14.7128,2.37535
10,5,14.7229,2.37509
10.01,5,14.7328,2.37481
10.02,5,14.7426,2.37452
10.03,5,14.7522,2.37422
10.04,5,14.7616,2.37391
10.05,5,14.7708,2.37358
10.06,5,14.7799,2.37325
10.07,5,14.7887,2.37291
10.08,5,14.7973,2.37255
10.09,5,14.8057,2.37219
10.1,5,14.8139,2.3718
10.11,5,14.8219,2.37141
10.12,5,14.8297,2.37099
10.13,5,14.8373,2.37053
10.14,5,14.8447,2.37005
10.15,5,14.8519,2.36954
10.16,5,14.8589,2.369
10.17,5,14.8657,2.36843
10.18,5,14.8723,2.36781
10.19,5,14.8788,2.36715
10.2,5,14.8852,2.36645
10.21,5,14.8914,2.36569
10.22,5,14.8974,2.36489
10.23,5,14.9034,2.36403
10.24,5,14.9093,2.36312
10.25,5,14.915,2.36215
10.26,5,14.9207,2.36113
10.27,5,14.9264,2.36002
10.28,5,14.932,2.35886
10.29,5,14.9377,2.35762
10.3,5,14.9433,2.3563
10.31,5,14.949,2.35491
10.32,5,14.9548,2.35345
10.33,5,14.9605,2.35192
10.34,5,14.9663,2.35031
10.35,5,14.9723,2.34861
10.36,5,14.9783,2.34683
10.37,5,14.9845,2.34497
10.38,5,14.9909,2.34301
10.39,5,14.9974,2.34098
10.4,5,15.004,2.33886
10.41,5,15.0108,2.33667
10.42,5,15.0177,2.33441
10.43,5,15.0248,2.33208
10.44,5,15.032,2.32968
10.45,5,15.0393,2.32722
10.46,5,15.0466,2.32472
10.47,5,15.0541,2.32218
10.48,5,15.0617,2.3196
10.49,5,15.0693,2.31699
10.5,5,15.077,2.31437
10.51,5,15.0846,2.31176
10.52,5,15.0922,2.30917
10.53,5,15.0997,2.30661
10.54,5,15.1072,2.30409
10.55,5,15.1145,2.30164
10.56,5,15.1217,2.29926
10.57,5,15.1288,2.29695
10.58,5,15.1356,2.29475
10.59,5,15.1423,2.29266
10.6,5,15.1488,2.29068
10.61,5,15.1551,2.28883
10.62,5,15.1612,2.28709
10.63,5,15.1671,2.28548
10.64,5,15.1728,2.28401
10.65,5,15.1782,2.28267
10.66,5,15.1835,2.28148
10.67,5,15.1885,2.2804
10.68,5,15.1934,2.27945
10.69,5,15.198,2.27862
10.7,5,15.2025,2.27791
10.71,5,15.2068,2.2773
10.72,5,15.2109,2.27677
10.73,5,15.2149,2.27634
10.74,5,15.2187,2.27598
10.75,5,15.2224,2.27568
10.76,5,15.226,2.27543
10.77,5,15.2295,2.27522
10.78,5,15.2329,2.27505
10.79,5,15.2362,2.27489
10.8,5,15.2394,2.27475
10.81,5,15.2425,2.27458
10.82,5,15.2457,2.27439
10.83,5,15.2488,2.27416
10.84,5,15.2519,2.27387
10.85,5,15.2549,2.27353
10.86,5,15.258,2.27313
10.87,5,15.261,2.27265
10.88,5,15.2641,2.2721
10.89,5,15.2671,2.27149
10.9,5,15.2701,2.2708
10.91,5,15.2732,2.27003
10.92,5,15.2762,2.26918
10.93,5,15.2792,2.26827
10.94,5,15.2822,2.26727
10.95,5,15.2852,2.2662
10.96,5,15.2881,2.26506
10.97,5,15.291,2.26385
10.98,5,15.294,2.26259
10.99,5,15.2969,2.26128
11,5,15.2997,2.25992
11.01,5,15.3026,2.25852
11.02,5,15.3054,2.2571
11.03,5,15.3082,2.25567
11.04,5,15.3109,2.25424
11.05,5,15.3136,2.25281
11.06,5,15.3163,2.25139
11.07,5,15.3189,2.25001
11.08,5,15.3215,2.24866
11.09,5,15.324,2.24737
11.1,5,15.3266,2.24615
11.11,5,15.3291,2.245
11.12,5,15.3316,2.24396
11.13,5,15.334,2.24302
11.14,5,15.3365,2.2422
11.15,5,15.3389,2.2415
11.16,5,15.3413,2.24096
11.17,5,15.3438,2.24058
11.18,5,15.3462,2.24037
11.19,5,15.3487,2.24035
11.2,5,15.3511,2.24053
11.21,5,15.3536,2.24093
11.22,5,15.3562,2.24155
11.23,5,15.3587,2.24241
11.24,5,15.3612,2.24352
11.25,5,15.3638,2.24484
11.26,5,15.3664,2.24639
11.27,5,15.3689,2.24815
11.28,5,15.3715,2.25011
11.29,5,15.374,2.25227
11.3,5,15.3764,2.2546
11.31,5,15.3789,2.2571
11.32,5,15.3812,2.25974
11.33,5,15.3835,2.26251
11.34,5,15.3857,2.26539
11.35,5,15.3878,2.26836
11.36,5,15.3898,2.27139
11.37,5,15.3916,2.27447
11.38,5,15.3934,2.27758
11.39,5,15.395,2.2807
11.4,5,15.3966,2.2838
11.41,5,15.3979,2.28689
11.42,5,15.3992,2.28993
11.43,5,15.4003,2.29292
11.44,5,15.4013,2.29584
11.45,5,15.4022,2.29868
11.46,5,15.403,2.30141
11.47,5,15.4037,2.30404
11.48,5,15.4042,2.30656
11.49,5,15.4047,2.30895
11.5,5,15.4051,2.3112
11.51,5,15.4054,2.31331
11.52,5,15.4057,2.31528
11.53,5,15.4058,2.3171
11.54,5,15.406,2.31877
11.55,5,15.4061,2.32027
11.56,5,15.4062,2.32162
11.57,5,15.4062,2.3228
11.58,5,15.4063,2.32382
11.59,5,15.4063,2.32469
11.6,5,15.4064,2.32539
11.61,5,15.4065,2.32595
11.62,5,15.4067,2.32636
11.63,5,15.4069,2.32662
11.64,5,15.4071,2.32675
11.65,5,15.4075,2.32675
11.66,5,15.4079,2.32665
11.67,5,15.4084,2.32644
11.68,5,15.409,2.32613
11.69,5,15.4098,2.32575
11.7,5,15.4106,2.32531
11.71,5,15.4116,2.32482
11.72,5,15.4128,2.32428
11.73,5,15.4141,2.32372
11.74,5,15.4155,2.32315
11.75,5,15.4171,2.3226
11.76,5,15.4189,2.32206
11.77,5,15.4209,2.32156
11.78,5,15.4231,2.32112
11.79,5,15.4254,2.32075
11.8,5,15.428,2.32045
11.81,5,15.4307,2.32023
11.82,5,15.4335,2.32011
11.83,5,15.4366,2.32008
11.84,5,15.4397,2.32015
11.85,5,15.443,2.32035
11.86,5,15.4464,2.32066
11.87,5,15.4498,2.32109
11.88,5,15.4534,2.32163
11.89,5,15.4569,2.32231
11.9,5,15.4605,2.3231
11.91,5,15.4641,2.32401
11.92,5,15.4677,2.32504
11.93,5,15.4713,2.32619
11.94,5,15.4748,2.32745
11.95,5,15.4782,2.32883
11.96,5,15.4816,2.33032
11.97,5,15.4848,2.33191
11.98,5,15.4879,2.33361
11.99,5,15.4909,2.3354
12,5,15.4938,2.33729
12.01,5,15.4966,2.33926
12.02,5,15.4992,2.34131
12.03,5,15.5017,2.34344
12.04,5,15.5041,2.34564
12.05,5,15.5064,2.3479
12.06,5,15.5085,2.35022
12.07,5,15.5106,2.35259
12.08,5,15.5125,2.35501
12.09,5,15.5144,2.35746
12.1,5,15.5162,2.35996
12.11,5,15.5179,2.36248
12.12,5,15.5196,2.36503
12.13,5,15.5212,2.36758
12.14,5,15.5229,2.37014
12.15,5,15.5245,2.3727
12.16,5,15.5261,2.37525
12.17,5,15.5277,2.37779
12.18,5,15.5293,2.38032
12.19,5,15.531,2.38283
12.2,5,15.5327,2.38532
12.21,5,15.5344,2.38777
12.22,5,15.5362,2.39019
12.23,5,15.5381,2.39257
12.24,5,15.54,2.39491
12.25,5,15.5419,2.3972
12.26,5,15.5439,2.39944
12.27,5,15.546,2.4016
12.28,5,15.5481,2.40371
12.29,5,15.5503,2.40575
12.3,5,15.5525,2.40771
12.31,5,15.5548,2.4096
12.32,5,15.5571,2.4114
12.33,5,15.5595,2.41313
12.34,5,15.5619,2.41476
12.35,5,15.5643,2.41631
12.36,5,15.5667,2.41776
12.37,5,15.5691,2.41912
12.38,5,15.5715,2.42038
12.39,5,15.5739,2.42154
12.4,5,15.5763,2.4226
12.41,5,15.5787,2.42357
12.42,5,15.581,2.42443
12.43,5,15.5833,2.42519
12.44,5,15.5855,2.42586
12.45,5,15.5877,2.42642
12.46,5,15.5898,2.42689
12.47,5,15.5918,2.42726
12.48,5,15.5938,2.42753
12.49,5,15.5956,2.42771
12.5,5,15.5974,2.4278
12.51,5,15.5991,2.42781
12.52,5,15.6007,2.42772
12.53,5,15.6021,2.42755
12.54,5,15.6035,2.4273
12.55,5,15.6047,2.42697
12.56,5,15.6058,2.42657
12.57,5,15.6068,2.42609
12.58,5,15.6077,2.42555
12.59,5,15.6084,2.42494
12.6,5,15.609,2.42427
12.61,5,15.6095,2.42354
12.62,5,15.6099,2.42275
12.63,5,15.6102,2.42192
12.64,5,15.6103,2.42104
12.65,5,15.6103,2.42012
12.66,5,15.6102,2.41917
12.67,5,15.61,2.41818
12.68,5,15.6097,2.41716
12.69,5,15.6093,2.41612
12.7,5,15.6088,2.41505
12.71,5,15.6082,2.41397
12.72,5,15.6075,2.41287
12.73,5,15.6068,2.41177
12.74,5,15.606,2.41065
12.75,5,15.6051,2.40953
12.76,5,15.6042,2.4084
12.77,5,15.6032,2.40727
12.78,5,15.6021,2.40615
12.79,5,15.601,2.40502
12.8,5,15.5998,2.4039
12.81,5,15.5986,2.40278
12.82,5,15.5974,2.40166
12.83,5,15.5961,2.40055
12.84,5,15.5949,2.39945
12.85,5,15.5935,2.39835
12.86,5,15.5922,2.39726
12.87,5,15.5908,2.39617
12.88,5,15.5894,2.39508
12.89,5,15.588,2.394
12.9,5,15.5865,2.39292
12.91,5,15.5851,2.39184
12.92,5,15.5836,2.39076
12.93,5,15.5821,2.38969
12.94,5,15.5807,2.38861
12.95,5,15.5792,2.38755
12.96,5,15.5777,2.38649
12.97,5,15.5763,2.38543
12.98,5,15.5748,2.38439
12.99,5,15.5734,2.38337
13,5,15.5721,2.38236
13.01,5,15.5708,2.38137
13.02,5,15.5695,2.38041
13.03,5,15.5683,2.37949
13.04,5,15.5672,2.3786
13.05,5,15.5661,2.37775
13.06,5,15.5652,2.37696
13.07,5,15.5643,2.37621
13.08,5,15.5635,2.37552
13.09,5,15.5629,2.37489
13.1,5,15.5623,2.37431
13.11,5,15.5618,2.37379
13.12,5,15.5614,2.37333
13.13,5,15.5611,2.37292
13.14,5,15.5608,2.37255
13.15,5,15.5607,2.37223
13.16,5,15.5605,2.37195
13.17,5,15.5605,2.37172
13.18,5,15.5605,2.37152
13.19,5,15.5605,2.37137
13.2,5,15.5606,2.37125
13.21,5,15.5608,2.37118
13.22,5,15.561,2.37114
13.23,5,15.5612,2.37114
13.24,5,15.5615,2.37118
13.25,5,15.5618,2.37126
13.26,5,15.5621,2.37138
13.27,5,15.5625,2.37155
13.28,5,15.5629,2.37176
13.29,5,15.5634,2.37201
13.3,5,15.5639,2.37231
13.31,5,15.5644,2.37266
13.32,5,15.565,2.37305
13.33,5,15.5656,2.3735
13.34,5,15.5662,2.374
13.35,5,15.5669,2.37455
13.36,5,15.5676,2.37514
13.37,5,15.5684,2.37579
13.38,5,15.5691,2.37648
13.39,5,15.5699,2.37721
13.4,5,15.5707,2.37798
13.41,5,15.5715,2.37879
13.42,5,15.5723,2.37963
13.43,5,15.5731,2.3805
13.44,5,15.5739,2.38139
13.45,5,15.5746,2.3823
13.46,5,15.5754,2.38323
13.47,5,15.5761,2.38418
13.48,5,15.5768,2.38514
13.49,5,15.5775,2.38612
13.5,5,15.5782,2.3871
13.51,5,15.5789,2.3881
13.52,5,15.5795,2.3891
13.53,5,15.5801,2.39011
13.54,5,15.5807,2.39112
13.55,5,15.5813,2.39213
13.56,5,15.5818,2.39315
13.57,5,15.5823,2.39416
13.58,5,15.5829,2.39517
13.59,5,15.5833,2.39618
13.6,5,15.5838,2.39718
13.61,5,15.5842,2.39817
13.62,5,15.5846,2.39915
13.63,5,15.585,2.40011
13.64,5,15.5853,2.40106
13.65,5,15.5857,2.40199
13.66,5,15.586,2.40291
13.67,5,15.5862,2.40381
13.68,5,15.5865,2.40468
13.69,5,15.5867,2.40554
13.7,5,15.5868,2.40637
13.71,5,15.587,2.40718
13.72,5,15.5871,2.40797
13.73,5,15.5872,2.40874
13.74,5,15.5873,2.40949
13.75,5,15.5874,2.41021
13.76,5,15.5874,2.41092
13.77,5,15.5874,2.4116
13.78,5,15.5874,2.41227
13.79,5,15.5874,2.41291
13.8,5,15.5874,2.41354
13.81,5,15.5874,2.41415
13.82,5,15.5873,2.41474
13.83,5,15.5873,2.41531
13.84,5,15.5872,2.41586
13.85,5,15.5872,2.41639
13.86,5,15.5871,2.41689
13.87,5,15.587,2.41738
13.88,5,15.5869,2.41785
13.89,5,15.5868,2.41829
13.9,5,15.5867,2.41872
13.91,5,15.5866,2.41913
13.92,5,15.5865,2.41952
13.93,5,15.5864,2.4199
13.94,5,15.5863,2.42026
13.95,5,15.5862,2.4206
13.96,5,15.5862,2.42093
13.97,5,15.5861,2.42125
13.98,5,15.586,2.42156
13.99,5,15.5859,2.42186
14,5,15.5859,2.42215
14.01,5,15.5858,2.42243
14.02,5,15.5858,2.42269
14.03,5,15.5857,2.42295
14.04,5,15.5857,2.42321
14.05,5,15.5856,2.42345
14.06,5,15.5856,2.42368
14.07,5,15.5856,2.42391
14.08,5,15.5855,2.42413
14.09,5,15.5855,2.42435
14.1,5,15.5855,2.42456
14.11,5,15.5855,2.42477
14.12,5,15.5855,2.42498
14.13,5,15.5855,2.42519
14.14,5,15.5855,2.42539
14.15,5,15.5855,2.4256
14.16,5,15.5855,2.4258
14.17,5,15.5855,2.42601
14.18,5,15.5855,2.42621
14.19,5,15.5856,2.42641
14.2,5,15.5856,2.42662
14.21,5,15.5856,2.42682
14.22,5,15.5856,2.42702
14.23,5,15.5857,2.42722
14.24,5,15.5857,2.42741
14.25,5,15.5857,2.42761
14.26,5,15.5858,2.42781
14.27,5,15.5858,2.428
14.28,5,15.5858,2.4282
14.29,5,15.5859,2.4284
14.3,5,15.5859,2.4286
14.31,5,15.5859,2.4288
14.32,5,15.586,2.42901
14.33,5,15.586,2.42922
14.34,5,15.5861,2.42943
14.35,5,15.5861,2.42965
14.36,5,15.5862,2.42987
14.37,5,15.5862,2.43009
14.38,5,15.5863,2.43031
14.39,5,15.5863,2.43054
14.4,5,15.5863,2.43077
14.41,5,15.5864,2.431
14.42,5,15.5864,2.43124
14.43,5,15.5865,2.43148
14.44,5,15.5865,2.43172
14.45,5,15.5866,2.43197
14.46,5,15.5866,2.43222
14.47,5,15.5867,2.43248
14.48,5,15.5867,2.43274
14.49,5,15.5867,2.433
14.5,5,15.5868,2.43327
14.51,5,15.5868,2.43354
14.52,5,15.5868,2.43382
14.53,5,15.5869,2.4341
14.54,5,15.5869,2.43438
14.55,5,15.5869,2.43467
14.56,5,15.5869,2.43497
14.57,5,15.5869,2.43528
14.58,5,15.587,2.43559
14.59,5,15.587,2.43591
14.6,5,15.587,2.43624
14.61,5,15.587,2.43658
14.62,5,15.587,2.43693
14.63,5,15.587,2.43728
14.64,5,15.587,2.43765
14.65,5,15.587,2.43802
14.66,5,15.587,2.43841
14.67,5,15.5869,2.4388
14.68,5,15.5869,2.4392
14.69,5,15.5869,2.43961
14.7,5,15.5869,2.44004
14.71,5,15.5869,2.44047
14.72,5,15.5869,2.44092
14.73,5,15.5868,2.44137
14.74,5,15.5868,2.44183
14.75,5,15.5868,2.4423
14.76,5,15.5867,2.44279
14.77,5,15.5867,2.44328
14.78,5,15.5867,2.44378
14.79,5,15.5866,2.44429
14.8,5,15.5866,2.4448
14.81,5,15.5865,2.44533
14.82,5,15.5865,2.44586
14.83,5,15.5864,2.44639
14.84,5,15.5864,2.44694
14.85,5,15.5863,2.44748
14.86,5,15.5863,2.44804
14.87,5,15.5862,2.4486
14.88,5,15.5862,2.44916
14.89,5,15.5861,2.44973
14.9,5,15.5861,2.4503
14.91,5,15.586,2.45087
14.92,5,15.586,2.45144
14.93,5,15.5859,2.45202
14.94,5,15.5858,2.45259
14.95,5,15.5858,2.45316
14.96,5,15.5857,2.45373
14.97,5,15.5856,2.4543
14.98,5,15.5856,2.45486
14.99,5,15.5855,2.45543
15,5,15.5854,2.45598
15.01,5,15.5854,2.45654
15.02,5,15.5853,2.45708
15.03,5,15.5852,2.45763
15.04,5,15.5851,2.45816
15.05,5,15.585,2.45869
15.06,5,15.5849,2.45921
15.07,5,15.5849,2.45972
15.08,5,15.5848,2.46022
15.09,5,15.5847,2.46071
15.1,5,15.5846,2.4612
15.11,5,15.5845,2.46168
15.12,5,15.5844,2.46214
15.13,5,15.5843,2.4626
15.14,5,15.5841,2.46305
15.15,5,15.584,2.46349
15.16,5,15.5839,2.46391
15.17,5,15.5837,2.46432
15.18,5,15.5836,2.46473
15.19,5,15.5834,2.46512
15.2,5,15.5833,2.4655
15.21,5,15.5831,2.46587
15.22,5,15.583,2.46623
15.23,5,15.5828,2.46658
15.24,5,15.5826,2.46692
15.25,5,15.5824,2.46725
15.26,5,15.5822,2.46756
15.27,5,15.582,2.46787
15.28,5,15.5817,2.46816
15.29,5,15.5815,2.46844
15.3,5,15.5812,2.46872
15.31,5,15.581,2.46898
15.32,5,15.5807,2.46922
15.33,5,15.5804,2.46946
15.34,5,15.5801,2.46969
15.35,5,15.5798,2.46991
15.36,5,15.5794,2.47012
15.37,5,15.5791,2.47031
15.38,5,15.5788,2.4705
15.39,5,15.5784,2.47067
15.4,5,15.578,2.47083
15.41,5,15.5776,2.47099
15.42,5,15.5772,2.47113
15.43,5,15.5768,2.47126
15.44,5,15.5764,2.47138
15.45,5,15.5759,2.4715
15.46,5,15.5755,2.4716
15.47,5,15.575,2.47169
15.48,5,15.5746,2.47177
15.49,5,15.5741,2.47184
15.5,5,15.5736,2.47191
15.51,5,15.5731,2.47196
15.52,5,15.5725,2.47201
15.53,5,15.572,2.47205
15.54,5,15.5715,2.47208
15.55,5,15.5709,2.47209
15.56,5,15.5704,2.47211
15.57,5,15.5698,2.47211
15.58,5,15.5693,2.4721
15.59,5,15.5687,2.47209
15.6,5,15.5681,2.47207
15.61,5,15.5675,2.47204
15.62,5,15.5669,2.472
15.63,5,15.5663,2.47196
15.64,5,15.5657,2.47192
15.65,5,15.5651,2.47187
15.66,5,15.5645,2.47181
15.67,5,15.5639,2.47175
15.68,5,15.5633,2.47168
15.69,5,15.5627,2.47161
15.7,5,15.5621,2.47154
15.71,5,15.5614,2.47146
15.72,5,15.5608,2.47138
15.73,5,15.5602,2.47129
15.74,5,15.5596,2.47121
15.75,5,15.5589,2.47112
15.76,5,15.5583,2.47103
15.77,5,15.5577,2.47094
15.78,5,15.5571,2.47085
15.79,5,15.5564,2.47076
15.8,5,15.5558,2.47068
15.81,5,15.5552,2.47059
15.82,5,15.5546,2.47051
15.83,5,15.554,2.47042
15.84,5,15.5533,2.47035
15.85,5,15.5527,2.47027
15.86,5,15.5521,2.4702
15.87,5,15.5515,2.47014
15.88,5,15.5509,2.47008
15.89,5,15.5503,2.47003
15.9,5,15.5498,2.46998
15.91,5,15.5492,2.46994
15.92,5,15.5486,2.46991
15.93,5,15.548,2.46989
15.94,5,15.5475,2.46987
15.95,5,15.5469,2.46986
15.96,5,15.5464,2.46986
15.97,5,15.5458,2.46988
15.98,5,15.5453,2.4699
15.99,5,15.5448,2.46992
16,5,15.5443,2.46996
16.01,5,15.5438,2.47001
16.02,5,15.5433,2.47007
16.03,5,15.5428,2.47013
16.04,5,15.5423,2.47021
16.05,5,15.5418,2.4703
16.06,5,15.5414,2.4704
16.07,5,15.5409,2.47051
16.08,5,15.5405,2.47063
16.09,5,15.54,2.47076
16.1,5,15.5396,2.47089
16.11,5,15.5392,2.47104
16.12,5,15.5388,2.47119
16.13,5,15.5384,2.47135
16.14,5,15.538,2.47152
16.15,5,15.5377,2.4717
16.16,5,15.5373,2.47189
16.17,5,15.537,2.47209
16.18,5,15.5366,2.47229
16.19,5,15.5363,2.4725
16.2,5,15.536,2.47271
16.21,5,15.5357,2.47293
16.22,5,15.5354,2.47316
16.23,5,15.5351,2.47339
16.24,5,15.5348,2.47363
16.25,5,15.5345,2.47387
16.26,5,15.5342,2.47412
16.27,5,15.534,2.47437
16.28,5,15.5337,2.47462
16.29,5,15.5335,2.47488
16.3,5,15.5333,2.47514
16.31,5,15.533,2.4754
16.32,5,15.5328,2.47566
16.33,5,15.5326,2.47592
16.34,5,15.5324,2.47619
16.35,5,15.5322,2.47645
16.36,5,15.532,2.47672
16.37,5,15.5318,2.47699
16.38,5,15.5316,2.47725
16.39,5,15.5314,2.47752
16.4,5,15.5312,2.47779
16.41,5,15.531,2.47806
16.42,5,15.5309,2.47832
16.43,5,15.5307,2.47858
16.44,5,15.5305,2.47885
16.45,5,15.5304,2.47911
16.46,5,15.5302,2.47937
16.47,5,15.53,2.47962
16.48,5,15.5299,2.47988
16.49,5,15.5297,2.48014
16.5,5,15.5296,2.48039
16.51,5,15.5294,2.48064
16.52,5,15.5293,2.48088
16.53,5,15.5291,2.48112
16.54,5,15.529,2.48136
16.55,5,15.5288,2.48159
16.56,5,15.5286,2.48183
16.57,5,15.5285,2.48206
16.58,5,15.5283,2.48229
16.59,5,15.5282,2.48251
16.6,5,15.528,2.48273
16.61,5,15.5279,2.48295
16.62,5,15.5277,2.48316
16.63,5,15.5276,2.48337
16.64,5,15.5274,2.48357
16.65,5,15.5273,2.48376
16.66,5,15.5271,2.48396
16.67,5,15.5269,2.48414
16.68,5,15.5268,2.48432
16.69,5,15.5266,2.4845
16.7,5,15.5265,2.48467
16.71,5,15.5263,2.48484
16.72,5,15.5261,2.485
16.73,5,15.526,2.48515
16.74,5,15.5258,2.4853
16.75,5,15.5257,2.48544
16.76,5,15.5255,2.48557
16.77,5,15.5254,2.4857
16.78,5,15.5252,2.48582
16.79,5,15.525,2.48593
16.8,5,15.5249,2.48604
16.81,5,15.5247,2.48614
16.82,5,15.5246,2.48624
16.83,5,15.5244,2.48632
16.84,5,15.5242,2.4864
16.85,5,15.5241,2.48647
16.86,5,15.5239,2.48653
16.87,5,15.5238,2.48658
16.88,5,15.5236,2.48663
16.89,5,15.5235,2.48667
16.9,5,15.5233,2.4867
16.91,5,15.5232,2.48673
16.92,5,15.5231,2.48675
16.93,5,15.5229,2.48676
16.94,5,15.5228,2.48677
16.95,5,15.5226,2.48677
16.96,5,15.5225,2.48676
16.97,5,15.5224,2.48675
16.98,5,15.5222,2.48673
16.99,5,15.5221,2.4867
17,5,15.522,2.48667
17.01,5,15.5219,2.48664
17.02,5,15.5217,2.4866
17.03,5,15.5216,2.48655
17.04,5,15.5215,2.4865
17.05,5,15.5214,2.48645
17.06,5,15.5213,2.48639
17.07,5,15.5212,2.48633
17.08,5,15.5211,2.48626
17.09,5,15.521,2.48619
17.1,5,15.5209,2.48612
17.11,5,15.5208,2.48604
17.12,5,15.5207,2.48597
17.13,5,15.5206,2.48589
17.14,5,15.5205,2.48581
17.15,5,15.5204,2.48573
17.16,5,15.5203,2.48565
17.17,5,15.5202,2.48556
17.18,5,15.5201,2.48548
17.19,5,15.52,2.48539
17.2,5,15.5199,2.48531
17.21,5,15.5198,2.48523
17.22,5,15.5197,2.48514
17.23,5,15.5196,2.48506
17.24,5,15.5196,2.48498
17.25,5,15.5195,2.4849
17.26,5,15.5194,2.48483
17.27,5,15.5193,2.48475
17.28,5,15.5192,2.48468
17.29,5,15.5191,2.48461
17.3,5,15.519,2.48454
17.31,5,15.5189,2.48447
17.32,5,15.5188,2.48441
17.33,5,15.5187,2.48436
17.34,5,15.5186,2.4843
17.35,5,15.5185,2.48425
17.36,5,15.5184,2.4842
17.37,5,15.5183,2.48415
17.38,5,15.5182,2.48411
17.39,5,15.5181,2.48408
17.4,5,15.518,2.48405
17.41,5,15.5179,2.48402
17.42,5,15.5178,2.48399
17.43,5,15.5177,2.48397
17.44,5,15.5176,2.48396
17.45,5,15.5175,2.48395
17.46,5,15.5174,2.48394
17.47,5,15.5173,2.48394
17.48,5,15.5172,2.48395
17.49,5,15.5171,2.48395
17.5,5,15.517,2.48396
17.51,5,15.5169,2.48398
17.52,5,15.5168,2.484
17.53,5,15.5167,2.48402
17.54,5,15.5166,2.48405
17.55,5,15.5165,2.48408
17.56,5,15.5164,2.48412
17.57,5,15.5163,2.48416
17.58,5,15.5163,2.4842
17.59,5,15.5162,2.48425
17.6,5,15.5161,2.4843
17.61,5,15.516,2.48436
17.62,5,15.5159,2.48441
17.63,5,15.5158,2.48447
17.64,5,15.5158,2.48453
17.65,5,15.5157,2.4846
17.66,5,15.5156,2.48466
17.67,5,15.5155,2.48473
17.68,5,15.5155,2.4848
17.69,5,15.5154,2.48488
17.7,5,15.5153,2.48495
17.71,5,15.5153,2.48503
17.72,5,15.5152,2.48511
17.73,5,15.5152,2.48518
17.74,5,15.5151,2.48526
17.75,5,15.515,2.48534
17.76,5,15.515,2.48543
17.77,5,15.5149,2.48551
17.78,5,15.5149,2.48559
17.79,5,15.5148,2.48567
17.8,5,15.5148,2.48576
17.81,5,15.5148,2.48584
17.82,5,15.5147,2.48593
17.83,5,15.5147,2.48602
17.84,5,15.5146,2.4861
17.85,5,15.5146,2.48619
17.86,5,15.5146,2.48627
17.87,5,15.5145,2.48636
17.88,5,15.5145,2.48644
17.89,5,15.5145,2.48653
17.9,5,15.5144,2.48661
17.91,5,15.5144,2.4867
17.92,5,15.5143,2.48678
17.93,5,15.5143,2.48686
17.94,5,15.5143,2.48695
17.95,5,15.5142,2.48703
17.96,5,15.5142,2.48711
17.97,5,15.5142,2.48719
17.98,5,15.5141,2.48727
17.99,5,15.5141,2.48736
18,5,15.514,2.48743
18.01,5,15.514,2.48751
18.02,5,15.514,2.48759
18.03,5,15.5139,2.48767
18.04,5,15.5139,2.48775
18.05,5,15.5138,2.48783
18.06,5,15.5138,2.4879
18.07,5,15.5137,2.48798
18.08,5,15.5137,2.48805
18.09,5,15.5136,2.48813
18.1,5,15.5136,2.4882
18.11,5,15.5135,2.48828
18.12,5,15.5134,2.48835
18.13,5,15.5134,2.48842
18.14,5,15.5133,2.4885
18.15,5,15.5132,2.48857
18.16,5,15.5132,2.48863
18.17,5,15.5131,2.4887
18.18,5,15.513,2.48877
18.19,5,15.5129,2.48883
18.2,5,15.5129,2.4889
18.21,5,15.5128,2.48897
18.22,5,15.5127,2.48904
18.23,5,15.5126,2.48911
18.24,5,15.5126,2.48918
18.25,5,15.5125,2.48925
18.26,5,15.5124,2.48931
18.27,5,15.5123,2.48938
18.28,5,15.5122,2.48944
18.29,5,15.5121,2.4895
18.3,5,15.512,2.48956
18.31,5,15.5119,2.48962
18.32,5,15.5118,2.48968
18.33,5,15.5117,2.48974
18.34,5,15.5117,2.48979
18.35,5,15.5116,2.48985
18.36,5,15.5115,2.4899
18.37,5,15.5114,2.48996
18.38,5,15.5113,2.49001
18.39,5,15.5112,2.49006
18.4,5,15.5111,2.4901
18.41,5,15.511,2.49015
18.42,5,15.5109,2.4902
18.43,5,15.5108,2.49024
18.44,5,15.5107,2.49028
18.45,5,15.5106,2.49032
18.46,5,15.5105,2.49036
18.47,5,15.5104,2.4904
18.48,5,15.5103,2.49044
18.49,5,15.5102,2.49047
18.5,5,15.5101,2.4905
18.51,5,15.51,2.49054
18.52,5,15.5099,2.49057
18.53,5,15.5098,2.4906
18.54,5,15.5097,2.49063
18.55,5,15.5096,2.49066
18.56,5,15.5095,2.49068
18.57,5,15.5094,2.49071
18.58,5,15.5093,2.49074
18.59,5,15.5092,2.49076
18.6,5,15.5091,2.49079
18.61,5,15.509,2.49081
18.62,5,15.5089,2.49084
18.63,5,15.5088,2.49086
18.64,5,15.5087,2.49089
18.65,5,15.5086,2.49091
18.66,5,15.5085,2.49094
18.67,5,15.5084,2.49096
18.68,5,15.5083,2.49099
18.69,5,15.5082,2.49101
18.7,5,15.5082,2.49104
18.71,5,15.5081,2.49106
18.72,5,15.508,2.49109
18.73,5,15.5079,2.49111
18.74,5,15.5078,2.49114
18.75,5,15.5077,2.49117
18.76,5,15.5076,2.4912
18.77,5,15.5076,2.49123
18.78,5,15.5075,2.49126
18.79,5,15.5074,2.49129
18.8,5,15.5073,2.49132
18.81,5,15.5072,2.49135
18.82,5,15.5071,2.49138
18.83,5,15.5071,2.49141
18.84,5,15.507,2.49145
18.85,5,15.5069,2.49149
18.86,5,15.5068,2.49152
18.87,5,15.5067,2.49156
18.88,5,15.5067,2.4916
18.89,5,15.5066,2.49163
18.9,5,15.5065,2.49167
18.91,5,15.5064,2.49171
18.92,5,15.5063,2.49176
18.93,5,15.5063,2.4918
18.94,5,15.5062,2.49185
18.95,5,15.5061,2.49189
18.96,5,15.506,2.49194
18.97,5,15.506,2.49198
18.98,5,15.5059,2.49203
18.99,5,15.5058,2.49208
19,5,15.5057,2.49213
19.01,5,15.5056,2.49217
19.02,5,15.5056,2.49222
19.03,5,15.5055,2.49227
19.04,5,15.5054,2.49232
19.05,5,15.5053,2.49237
19.06,5,15.5053,2.49242
19.07,5,15.5052,2.49247
19.08,5,15.5051,2.49252
19.09,5,15.505,2.49257
19.1,5,15.5049,2.49262
19.11,5,15.5049,2.49267
19.12,5,15.5048,2.49272
19.13,5,15.5047,2.49277
19.14,5,15.5046,2.49282
19.15,5,15.5045,2.49287
19.16,5,15.5045,2.49292
19.17,5,15.5044,2.49297
19.18,5,15.5043,2.49302
19.19,5,15.5042,2.49307
19.2,5,15.5042,2.49312
19.21,5,15.5041,2.49317
19.22,5,15.504,2.49322
19.23,5,15.5039,2.49327
19.24,5,15.5038,2.49332
19.25,5,15.5038,2.49337
19.26,5,15.5037,2.49341
19.27,5,15.5036,2.49346
19.28,5,15.5035,2.49351
19.29,5,15.5035,2.49356
19.3,5,15.5034,2.49361
19.31,5,15.5033,2.49366
19.32,5,15.5032,2.49371
19.33,5,15.5032,2.49376
19.34,5,15.5031,2.4938
19.35,5,15.503,2.49385
19.36,5,15.5029,2.49389
19.37,5,15.5028,2.49394
19.38,5,15.5028,2.49399
19.39,5,15.5027,2.49404
19.4,5,15.5026,2.49409
19.41,5,15.5026,2.49414
19.42,5,15.5025,2.49418
19.43,5,15.5024,2.49423
19.44,5,15.5023,2.49427
19.45,5,15.5023,2.49432
19.46,5,15.5022,2.49436
19.47,5,15.5021,2.49441
19.48,5,15.502,2.49445
19.49,5,15.502,2.49449
19.5,5,15.5019,2.49454
19.51,5,15.5018,2.49458
19.52,5,15.5018,2.49462
19.53,5,15.5017,2.49466
19.54,5,15.5016,2.4947
19.55,5,15.5015,2.49474
19.56,5,15.5015,2.49478
19.57,5,15.5014,2.49482
19.58,5,15.5013,2.49485
19.59,5,15.5012,2.49489
19.6,5,15.5012,2.49493
19.61,5,15.5011,2.49496
19.62,5,15.501,2.495
19.63,5,15.5009,2.49504
19.64,5,15.5009,2.49507
19.65,5,15.5008,2.4951
19.66,5,15.5007,2.49514
19.67,5,15.5006,2.49517
19.68,5,15.5006,2.4952
19.69,5,15.5005,2.49524
19.7,5,15.5004,2.49527
19.71,5,15.5003,2.4953
19.72,5,15.5003,2.49533
19.73,5,15.5002,2.49537
19.74,5,15.5001,2.4954
19.75,5,15.5,2.49543
19.76,5,15.5,2.49546
19.77,5,15.4999,2.49549
19.78,5,15.4998,2.49553
19.79,5,15.4997,2.49556
19.8,5,15.4997,2.49559
19.81,5,15.4996,2.49562
19.82,5,15.4995,2.49565
19.83,5,15.4995,2.49569
19.84,5,15.4994,2.49572
19.85,5,15.4993,2.49575
19.86,5,15.4992,2.49578
19.87,5,15.4992,2.49581
19.88,5,15.4991,2.49585
19.89,5,15.499,2.49588
19.9,5,15.4989,2.49591
19.91,5,15.4989,2.49594
19.92,5,15.4988,2.49597
19.93,5,15.4987,2.49601
19.94,5,15.4986,2.49604
19.95,5,15.4986,2.49607
19.96,5,15.4985,2.4961
19.97,5,15.4984,2.49613
19.98,5,15.4984,2.49616
19.99,5,15.4983,2.4962
0,6,1.82928,2.24982
0.01,6,1.82989,2.24944
0.02,6,1.83079,2.24887
0.03,6,1.83199,2.24812
0.04,6,1.83347,2.24721
0.05,6,1.83523,2.24613
0.06,6,1.83726,2.24489
0.07,6,1.83957,2.2435
0.08,6,1.84215,2.24197
0.09,6,1.84499,2.2403
0.1,6,1.84808,2.2385
0.11,6,1.85143,2.23658
0.12,6,1.85503,2.23454
0.13,6,1.85888,2.23239
0.14,6,1.86298,2.23014
0.15,6,1.86731,2.2278
0.16,6,1.87188,2.22537
0.17,6,1.87669,2.22285
0.18,6,1.88173,2.22026
0.19,6,1.88699,2.2176
0.2,6,1.89247,2.21488
0.21,6,1.89818,2.2121
0.22,6,1.9041,2.20927
0.23,6,1.91024,2.20639
0.24,6,1.91659,2.20348
0.25,6,1.92314,2.20052
0.26,6,1.9299,2.19754
0.27,6,1.93686,2.19453
0.28,6,1.94402,2.1915
0.29,6,1.95138,2.18845
0.3,6,1.95893,2.18539
0.31,6,1.96667,2.18233
0.32,6,1.9746,2.17925
0.33,6,1.98271,2.17618
0.34,6,1.991,2.17311
0.35,6,1.99947,2.17005
0.36,6,2.0081,2.167
0.37,6,2.01691,2.16397
0.38,6,2.02588,2.16095
0.39,6,2.03501,2.15795
0.4,6,2.0443,2.15497
0.41,6,2.05375,2.15202
0.42,6,2.06336,2.1491
0.43,6,2.07313,2.14621
0.44,6,2.08306,2.14336
0.45,6,2.09314,2.14054
0.46,6,2.10336,2.13777
0.47,6,2.11373,2.13503
0.48,6,2.12424,2.13234
0.49,6,2.1349,2.12969
0.5,6,2.14569,2.12709
0.51,6,2.15662,2.12455
0.52,6,2.16768,2.12206
0.53,6,2.17887,2.11962
0.54,6,2.19019,2.11724
0.55,6,2.20164,2.11492
0.56,6,2.21321,2.11265
0.57,6,2.22491,2.11045
0.58,6,2.23673,2.10831
0.59,6,2.24867,2.10623
0.6,6,2.26073,2.10421
0.61,6,2.2729,2.10226
0.62,6,2.28518,2.10037
0.63,6,2.29757,2.09855
0.64,6,2.31006,2.0968
0.65,6,2.32267,2.09511
0.66,6,2.33537,2.09348
0.67,6,2.34818,2.09192
0.68,6,2.3611,2.09042
0.69,6,2.37411,2.08899
0.7,6,2.38721,2.08762
0.71,6,2.4004,2.08631
0.72,6,2.41367,2.08505
0.73,6,2.42702,2.08385
0.74,6,2.44045,2.08271
0.75,6,2.45397,2.08163
0.76,6,2.46755,2.0806
0.77,6,2.48122,2.07962
0.78,6,2.49494,2.07869
0.79,6,2.50873,2.07781
0.8,6,2.52258,2.07698
0.81,6,2.53649,2.07618
0.82,6,2.55045,2.07543
0.83,6,2.56446,2.07473
0.84,6,2.57853,2.07406
0.85,6,2.59264,2.07343
0.86,6,2.60679,2.07284
0.87,6,2.62099,2.07229
0.88,6,2.63522,2.07177
0.89,6,2.64949,2.07128
0.9,6,2.6638,2.07082
0.91,6,2.67814,2.0704
0.92,6,2.69251,2.07001
0.93,6,2.70691,2.06964
0.94,6,2.72134,2.06931
0.95,6,2.73579,2.069
0.96,6,2.75026,2.06871
0.97,6,2.76475,2.06845
0.98,6,2.77926,2.0682
0.99,6,2.79379,2.06798
1,6,2.80833,2.06778
1.01,6,2.82288,2.0676
1.02,6,2.83744,2.06743
1.03,6,2.85201,2.06728
1.04,6,2.86659,2.06715
1.05,6,2.88118,2.06704
1.06,6,2.89576,2.06693
1.07,6,2.91036,2.06684
1.08,6,2.92496,2.06677
1.09,6,2.93956,2.06671
1.1,6,2.95416,2.06665
1.11,6,2.96877,2.06662
1.12,6,2.98337,2.06659
1.13,6,2.99798,2.06657
1.14,6,3.01258,2.06656
1.15,6,3.02718,2.06657
1.16,6,3.04178,2.06658
1.17,6,3.05637,2.06659
1.18,6,3.07096,2.06662
1.19,6,3.08555,2.06666
1.2,6,3.10013,2.0667
1.21,6,3.1147,2.06674
1.22,6,3.12927,2.0668
1.23,6,3.14383,2.06686
1.24,6,3.15839,2.06692
1.25,6,3.17294,2.067
1.26,6,3.18748,2.06707
1.27,6,3.20201,2.06715
1.28,6,3.21654,2.06724
1.29,6,3.23105,2.06733
1.3,6,3.24556,2.06742
1.31,6,3.26006,2.06752
1.32,6,3.27455,2.06762
1.33,6,3.28903,2.06772
1.34,6,3.30351,2.06783
1.35,6,3.31797,2.06794
1.36,6,3.33243,2.06806
1.37,6,3.34687,2.06817
1.38,6,3.36131,2.06829
1.39,6,3.37574,2.06841
1.4,6,3.39016,2.06853
1.41,6,3.40457,2.06866
1.42,6,3.41897,2.06878
1.43,6,3.43336,2.06891
1.44,6,3.44774,2.06904
1.45,6,3.46211,2.06917
1.46,6,3.47647,2.0693
1.47,6,3.49082,2.06943
1.48,6,3.50517,2.06957
1.49,6,3.5195,2.0697
1.5,6,3.53382,2.06984
1.51,6,3.54814,2.06998
1.52,6,3.56244,2.07011
1.53,6,3.57674,2.07025
1.54,6,3.59102,2.07039
1.55,6,3.6053,2.07053
1.56,6,3.61957,2.07067
1.57,6,3.63383,2.07081
1.58,6,3.64807,2.07095
1.59,6,3.66231,2.07109
1.6,6,3.67654,2.07123
1.61,6,3.69077,2.07137
1.62,6,3.70498,2.07151
1.63,6,3.71918,2.07165
1.64,6,3.73337,2.07179
1.65,6,3.74756,2.07193
1.66,6,3.76174,2.07207
1.67,6,3.7759,2.07221
1.68,6,3.79006,2.07235
1.69,6,3.80421,2.07249
1.7,6,3.81836,2.07263
1.71,6,3.83249,2.07277
1.72,6,3.84662,2.07291
1.73,6,3.86074,2.07305
1.74,6,3.87485,2.07319
1.75,6,3.88895,2.07333
1.76,6,3.90305,2.07346
1.77,6,3.91714,2.0736
1.78,6,3.93122,2.07374
1.79,6,3.9453,2.07387
1.8,6,3.95937,2.07401
1.81,6,3.97343,2.07414
1.82,6,3.98748,2.07427
1.83,6,4.00153,2.0744
1.84,6,4.01557,2.07454
1.85,6,4.0296,2.07467
1.86,6,4.04363,2.0748
1.87,6,4.05765,2.07493
1.88,6,4.07167,2.07505
1.89,6,4.08567,2.07518
1.9,6,4.09968,2.07531
1.91,6,4.11367,2.07543
1.92,6,4.12766,2.07556
1.93,6,4.14165,2.07568
1.94,6,4.15563,2.0758
1.95,6,4.1696,2.07592
1.96,6,4.18357,2.07604
1.97,6,4.19753,2.07616
1.98,6,4.21148,2.07628
1.99,6,4.22543,2.0764
2,6,4.23938,2.07651
2.01,6,4.25332,2.07663
2.02,6,4.26726,2.07674
2.03,6,4.28119,2.07685
2.04,6,4.29511,2.07696
2.05,6,4.30903,2.07707
2.06,6,4.32295,2.07718
2.07,6,4.33686,2.07729
2.08,6,4.35077,2.0774
2.09,6,4.36467,2.07751
2.1,6,4.37857,2.07761
2.11,6,4.39247,2.07771
2.12,6,4.40636,2.07782
2.13,6,4.42024,2.07792
2.14,6,4.43412,2.07802
2.15,6,4.448,2.07812
2.16,6,4.46188,2.07822
2.17,6,4.47575,2.07832
2.18,6,4.48961,2.07841
2.19,6,4.50348,2.07851
2.2,6,4.51733,2.07861
2.21,6,4.53119,2.0787
2.22,6,4.54504,2.07879
2.23,6,4.55889,2.07888
2.24,6,4.57274,2.07897
2.25,6,4.58658,2.07906
2.26,6,4.60042,2.07915
2.27,6,4.61426,2.07924
2.28,6,4.62809,2.07932
2.29,6,4.64192,2.07941
2.3,6,4.65575,2.07949
2.31,6,4.66958,2.07958
2.32,6,4.6834,2.07966
2.33,6,4.69722,2.07974
2.34,6,4.71104,2.07982
2.35,6,4.72485,2.07989
2.36,6,4.73866,2.07997
2.37,6,4.75247,2.08005
2.38,6,4.76628,2.08012
2.39,6,4.78009,2.08019
2.4,6,4.79389,2.08026
2.41,6,4.80769,2.08033
2.42,6,4.82149,2.0804
2.43,6,4.83529,2.08047
2.44,6,4.84908,2.08054
2.45,6,4.86288,2.0806
2.46,6,4.87667,2.08067
2.47,6,4.89046,2.08073
2.48,6,4.90425,2.08079
2.49,6,4.91803,2.08085
2.5,6,4.93182,2.08091
2.51,6,4.9456,2.08097
2.52,6,4.95938,2.08102
2.53,6,4.97316,2.08108
2.54,6,4.98694,2.08113
2.55,6,5.00072,2.08118
2.56,6,5.01449,2.08123
2.57,6,5.02827,2.08128
2.58,6,5.04204,2.08133
2.59,6,5.05581,2.08137
2.6,6,5.06958,2.08142
2.61,6,5.08335,2.08146
2.62,6,5.09712,2.0815
2.63,6,5.11089,2.08154
2.64,6,5.12466,2.08158
2.65,6,5.13843,2.08162
2.66,6,5.15219,2.08165
2.67,6,5.16596,2.08169
2.68,6,5.17972,2.08172
2.69,6,5.19349,2.08175
2.7,6,5.20725,2.08178
2.71,6,5.22101,2.08181
2.72,6,5.23477,2.08183
2.73,6,5.24853,2.08186
2.74,6,5.26229,2.08188
2.75,6,5.27605,2.0819
2.76,6,5.28981,2.08193
2.77,6,5.30357,2.08194
2.78,6,5.31733,2.08196
2.79,6,5.33109,2.08198
2.8,6,5.34485,2.08199
2.81,6,5.35861,2.08201
2.82,6,5.37237,2.08202
2.83,6,5.38612,2.08203
2.84,6,5.39988,2.08204
2.85,6,5.41364,2.08205
2.86,6,5.4274,2.08206
2.87,6,5.44116,2.08206
2.88,6,5.45491,2.08207
2.89,6,5.46867,2.08207
2.9,6,5.48243,2.08207
2.91,6,5.49619,2.08207
2.92,6,5.50995,2.08207
2.93,6,5.52371,2.08207
2.94,6,5.53747,2.08206
2.95,6,5.55123,2.08205
2.96,6,5.56499,2.08204
2.97,6,5.57875,2.08203
2.98,6,5.59251,2.08202
2.99,6,5.60627,2.08201
3,6,5.62003,2.08199
3.01,6,5.63379,2.08197
3.02,6,5.64756,2.08196
3.03,6,5.66132,2.08193
3.04,6,5.67509,2.08191
3.05,6,5.68885,2.08189
3.06,6,5.70262,2.08186
3.07,6,5.71638,2.08183
3.08,6,5.73015,2.0818
3.09,6,5.74392,2.08177
3.1,6,5.75769,2.08174
3.11,6,5.77146,2.08171
3.12,6,5.78523,2.08167
3.13,6,5.799,2.08163
3.14,6,5.81277,2.0816
3.15,6,5.82655,2.08156
3.16,6,5.84032,2.08152
3.17,6,5.8541,2.08147
3.18,6,5.86788,2.08143
3.19,6,5.88165,2.08139
3.2,6,5.89543,2.08134
3.21,6,5.90922,2.08129
3.22,6,5.923,2.08125
3.23,6,5.93678,2.0812
3.24,6,5.95057,2.08114
3.25,6,5.96435,2.08109
3.26,6,5.97814,2.08104
3.27,6,5.99193,2.08098
3.28,6,6.00572,2.08092
3.29,6,6.01951,2.08087
3.3,6,6.0333,2.0808
3.31,6,6.04709,2.08074
3.32,6,6.06089,2.08068
3.33,6,6.07469,2.08062
3.34,6,6.08848,2.08055
3.35,6,6.10228,2.08049
3.36,6,6.11608,2.08042
3.37,6,6.12988,2.08035
3.38,6,6.14369,2.08028
3.39,6,6.15749,2.08021
3.4,6,6.1713,2.08014
3.41,6,6.18511,2.08006
3.42,6,6.19892,2.07999
3.43,6,6.21273,2.07991
3.44,6,6.22654,2.07983
3.45,6,6.24036,2.07976
3.46,6,6.25418,2.07968
3.47,6,6.268,2.0796
3.48,6,6.28182,2.07951
3.49,6,6.29564,2.07943
3.5,6,6.30947,2.07935
3.51,6,6.32329,2.07926
3.52,6,6.33712,2.07917
3.53,6,6.35095,2.07909
3.54,6,6.36478,2.079
3.55,6,6.37862,2.07891
3.56,6,6.39245,2.07882
3.57,6,6.40629,2.07872
3.58,6,6.42013,2.07863
3.59,6,6.43397,2.07853
3.6,6,6.44781,2.07843
3.61,6,6.46166,2.07834
3.62,6,6.47551,2.07824
3.63,6,6.48936,2.07814
3.64,6,6.50321,2.07804
3.65,6,6.51706,2.07794
3.66,6,6.53092,2.07784
3.67,6,6.54478,2.07774
3.68,6,6.55864,2.07763
3.69,6,6.5725,2.07753
3.7,6,6.58636,2.07742
3.71,6,6.60023,2.07731
3.72,6,6.6141,2.0772
3.73,6,6.62797,2.0771
3.74,6,6.64185,2.07698
3.75,6,6.65572,2.07687
3.76,6,6.6696,2.07676
3.77,6,6.68348,2.07665
3.78,6,6.69736,2.07653
3.79,6,6.71125,2.07642
3.8,6,6.72514,2.07631
3.81,6,6.73902,2.07619
3.82,6,6.75292,2.07607
3.83,6,6.76681,2.07596
3.84,6,6.78071,2.07584
3.85,6,6.79461,2.07573
3.86,6,6.80851,2.07561
3.87,6,6.82242,2.07549
3.88,6,6.83632,2.07537
3.89,6,6.85023,2.07525
3.9,6,6.86414,2.07513
3.91,6,6.87806,2.07501
3.92,6,6.89197,2.07489
3.93,6,6.90589,2.07477
3.94,6,6.91981,2.07465
3.95,6,6.93374,2.07453
3.96,6,6.94767,2.07441
3.97,6,6.96159,2.07428
3.98,6,6.97553,2.07416
3.99,6,6.98946,2.07404
4,6,7.0034,2.07391
4.01,6,7.01734,2.07379
4.02,6,7.03128,2.07367
4.03,6,7.04522,2.07355
4.04,6,7.05917,2.07343
4.05,6,7.07312,2.07331
4.06,6,7.08707,2.07319
4.07,6,7.10103,2.07306
4.08,6,7.11499,2.07294
4.09,6,7.12895,2.07282
4.1,6,7.14291,2.07269
4.11,6,7.15687,2.07257
4.12,6,7.17084,2.07245
4.13,6,7.18481,2.07232
4.14,6,7.19879,2.0722
4.15,6,7.21276,2.07208
4.16,6,7.22674,2.07196
4.17,6,7.24072,2.07184
4.18,6,7.25471,2.07172
4.19,6,7.2687,2.0716
4.2,6,7.28269,2.07148
4.21,6,7.29668,2.07136
4.22,6,7.31067,2.07123
4.23,6,7.32467,2.07111
4.24,6,7.33867,2.07099
4.25,6,7.35267,2.07087
4.26,6,7.36668,2.07075
4.27,6,7.38069,2.07062
4.28,6,7.3947,2.0705
4.29,6,7.40871,2.07038
4.3,6,7.42273,2.07026
4.31,6,7.43675,2.07014
4.32,6,7.45077,2.07001
4.33,6,7.4648,2.06989
4.34,6,7.47883,2.06977
4.35,6,7.49286,2.06965
4.36,6,7.50689,2.06952
4.37,6,7.52093,2.0694
4.38,6,7.53497,2.06928
4.39,6,7.54901,2.06916
4.4,6,7.56305,2.06904
4.41,6,7.5771,2.06891
4.42,6,7.59115,2.06879
4.43,6,7.6052,2.06867
4.44,6,7.61926,2.06855
4.45,6,7.63331,2.06843
4.46,6,7.64738,2.0683
4.47,6,7.66144,2.06818
4.48,6,7.67551,2.06806
4.49,6,7.68957,2.06794
4.5,6,7.70365,2.06782
4.51,6,7.71772,2.06769
4.52,6,7.7318,2.06757
4.53,6,7.74588,2.06745
4.54,6,7.75996,2.06733
4.55,6,7.77405,2.06721
4.56,6,7.78814,2.06709
4.57,6,7.80223,2.06697
4.58,6,7.81633,2.06685
4.59,6,7.83042,2.06673
4.6,6,7.84452,2.06661
4.61,6,7.85863,2.06649
4.62,6,7.87273,2.06637
4.63,6,7.88684,2.06625
4.64,6,7.90095,2.06613
4.65,6,7.91507,2.06601
4.66,6,7.92919,2.0659
4.67,6,7.94331,2.06578
4.68,6,7.95743,2.06566
4.69,6,7.97156,2.06555
4.7,6,7.98568,2.06543
4.71,6,7.99981,2.06531
4.72,6,8.01395,2.0652
4.73,6,8.02808,2.06508
4.74,6,8.04222,2.06496
4.75,6,8.05636,2.06485
4.76,6,8.07051,2.06473
4.77,6,8.08466,2.06461
4.78,6,8.09881,2.0645
4.79,6,8.11296,2.06438
4.8,6,8.12712,2.06427
4.81,6,8.14127,2.06415
4.82,6,8.15543,2.06403
4.83,6,8.1696,2.06392
4.84,6,8.18376,2.0638
4.85,6,8.19793,2.06368
4.86,6,8.21211,2.06357
4.87,6,8.22628,2.06345
4.88,6,8.24046,2.06334
4.89,6,8.25464,2.06322
4.9,6,8.26882,2.0631
4.91,6,8.28301,2.06299
4.92,6,8.2972,2.06287
4.93,6,8.31139,2.06276
4.94,6,8.32559,2.06265
4.95,6,8.33978,2.06253
4.96,6,8.35398,2.06242
4.97,6,8.36819,2.06231
4.98,6,8.38239,2.06221
4.99,6,8.3966,2.0621
5,6,8.41081,2.06199
5.01,6,8.42503,2.06188
5.02,6,8.43925,2.06178
5.03,6,8.45347,2.06167
5.04,6,8.46769,2.06156
5.05,6,8.48192,2.06146
5.06,6,8.49615,2.06135
5.07,6,8.51038,2.06125
5.08,6,8.52461,2.06114
5.09,6,8.53885,2.06103
5.1,6,8.55309,2.06092
5.11,6,8.56733,2.06082
5.12,6,8.58158,2.06071
5.13,6,8.59583,2.0606
5.14,6,8.61008,2.0605
5.15,6,8.62433,2.0604
5.16,6,8.63859,2.06029
5.17,6,8.65285,2.06019
5.18,6,8.66711,2.06009
5.19,6,8.68138,2.05999
5.2,6,8.69564,2.05989
5.21,6,8.70991,2.05978
5.22,6,8.72419,2.05968
5.23,6,8.73847,2.05958
5.24,6,8.75274,2.05948
5.25,6,8.76703,2.05938
5.26,6,8.78131,2.05928
5.27,6,8.7956,2.05919
5.28,6,8.80989,2.05909
5.29,6,8.82419,2.05899
5.3,6,8.83848,2.05889
5.31,6,8.85278,2.0588
5.32,6,8.86709,2.0587
5.33,6,8.88139,2.0586
5.34,6,8.8957,2.0585
5.35,6,8.91001,2.0584
5.36,6,8.92433,2.0583
5.37,6,8.93865,2.05821
5.38,6,8.95297,2.05811
5.39,6,8.96729,2.05801
5.4,6,8.98162,2.05791
5.41,6,8.99595,2.05782
5.42,6,9.01028,2.05772
5.43,6,9.02461,2.05762
5.44,6,9.03895,2.05752
5.45,6,9.05329,2.05742
5.46,6,9.06764,2.05732
5.47,6,9.08198,2.05723
5.48,6,9.09633,2.05713
5.49,6,9.11069,2.05704
5.5,6,9.12504,2.05695
5.51,6,9.1394,2.05685
5.52,6,9.15376,2.05676
5.53,6,9.16813,2.05666
5.54,6,9.1825,2.05656
5.55,6,9.19687,2.05646
5.56,6,9.21124,2.05636
5.57,6,9.22562,2.05626
5.58,6,9.24,2.05616
5.59,6,9.25438,2.05606
5.6,6,9.26876,2.05596
5.61,6,9.28315,2.05585
5.62,6,9.29754,2.05575
5.63,6,9.31194,2.05564
5.64,6,9.32634,2.05554
5.65,6,9.34074,2.05543
5.66,6,9.35514,2.05533
5.67,6,9.36955,2.05523
5.68,6,9.38396,2.05512
5.69,6,9.39837,2.05502
5.7,6,9.41279,2.05491
5.71,6,9.4272,2.05481
5.72,6,9.44163,2.0547
5.73,6,9.45605,2.0546
5.74,6,9.47048,2.05449
5.75,6,9.48491,2.05439
5.76,6,9.49935,2.05428
5.77,6,9.51379,2.05417
5.78,6,9.52823,2.05407
5.79,6,9.54268,2.05396
5.8,6,9.55712,2.05385
5.81,6,9.57158,2.05375
5.82,6,9.58603,2.05364
5.83,6,9.60049,2.05353
5.84,6,9.61496,2.05342
5.85,6,9.62942,2.05332
5.86,6,9.64389,2.05321
5.87,6,9.65836,2.0531
5.88,6,9.67284,2.05299
5.89,6,9.68732,2.05288
5.9,6,9.7018,2.05277
5.91,6,9.71628,2.05267
5.92,6,9.73077,2.05256
5.93,6,9.74526,2.05245
5.94,6,9.75976,2.05234
5.95,6,9.77426,2.05223
5.96,6,9.78876,2.05212
5.97,6,9.80326,2.05201
5.98,6,9.81777,2.05189
5.99,6,9.83228,2.05178
6,6,9.8468,2.05166
6.01,6,9.86131,2.05155
6.02,6,9.87583,2.05144
6.03,6,9.89036,2.05132
6.04,6,9.90489,2.05121
6.05,6,9.91942,2.0511
6.06,6,9.93395,2.05099
6.07,6,9.94849,2.05088
6.08,6,9.96303,2.05077
6.09,6,9.97758,2.05066
6.1,6,9.99212,2.05055
6.11,6,10.0067,2.05044
6.12,6,10.0212,2.05034
6.13,6,10.0358,2.05023
6.14,6,10.0504,2.05013
6.15,6,10.0649,2.05002
6.16,6,10.0795,2.04992
6.17,6,10.0941,2.04982
6.18,6,10.1086,2.04971
6.19,6,10.1232,2.04962
6.2,6,10.1378,2.04952
6.21,6,10.1524,2.04942
6.22,6,10.167,2.04932
6.23,6,10.1816,2.04922
6.24,6,10.1962,2.04913
6.25,6,10.2108,2.04903
6.26,6,10.2254,2.04893
6.27,6,10.24,2.04882
6.28,6,10.2546,2.04872
6.29,6,10.2692,2.04862
6.3,6,10.2839,2.04852
6.31,6,10.2985,2.04842
6.32,6,10.3131,2.04832
6.33,6,10.3277,2.04822
6.34,6,10.3424,2.04812
6.35,6,10.357,2.04802
6.36,6,10.3717,2.04792
6.37,6,10.3863,2.04782
6.38,6,10.401,2.04772
6.39,6,10.4156,2.04762
6.4,6,10.4303,2.04753
6.41,6,10.445,2.04743
6.42,6,10.4596,2.04733
6.43,6,10.4743,2.04723
6.44,6,10.489,2.04712
6.45,6,10.5037,2.04702
6.46,6,10.5183,2.04692
6.47,6,10.533,2.04682
6.48,6,10.5477,2.04672
6.49,6,10.5624,2.04663
6.5,6,10.5771,2.04653
6.51,6,10.5918,2.04643
6.52,6,10.6065,2.04633
6.53,6,10.6212,2.04624
6.54,6,10.6359,2.04614
6.55,6,10.6507,2.04605
6.56,6,10.6654,2.04595
6.57,6,10.6801,2.04586
6.58,6,10.6948,2.04576
6.59,6,10.7096,2.04567
6.6,6,10.7243,2.04558
6.61,6,10.7391,2.04548
6.62,6,10.7538,2.04539
6.63,6,10.7685,2.0453
6.64,6,10.7833,2.04521
6.65,6,10.798,2.04513
6.66,6,10.8128,2.04503
6.67,6,10.8276,2.04494
6.68,6,10.8423,2.04485
6.69,6,10.8571,2.04476
6.7,6,10.8719,2.04467
6.71,6,10.8867,2.04458
6.72,6,10.9015,2.04449
6.73,6,10.9162,2.04441
6.74,6,10.931,2.04432
6.75,6,10.9458,2.04424
6.76,6,10.9606,2.04415
6.77,6,10.9754,2.04406
6.78,6,10.9902,2.04398
6.79,6,11.0051,2.04389
6.8,6,11.0199,2.0438
6.81,6,11.0347,2.04372
6.82,6,11.0495,2.04363
6.83,6,11.0644,2.04355
6.84,6,11.0792,2.04346
6.85,6,11.094,2.04338
6.86,6,11.1089,2.0433
6.87,6,11.1237,2.04322
6.88,6,11.1386,2.04315
6.89,6,11.1534,2.04307
6.9,6,11.1683,2.04299
6.91,6,11.1832,2.04291
6.92,6,11.198,2.04284
6.93,6,11.2129,2.04277
6.94,6,11.2278,2.0427
6.95,6,11.2427,2.04263
6.96,6,11.2576,2.04257
6.97,6,11.2725,2.0425
6.98,6,11.2874,2.04244
6.99,6,11.3023,2.04237
7,6,11.3172,2.04231
7.01,6,11.3321,2.04225
7.02,6,11.347,2.04218
7.03,6,11.3619,2.04212
7.04,6,11.3768,2.04207
7.05,6,11.3917,2.04201
7.06,6,11.4067,2.04196
7.07,6,11.4216,2.0419
7.08,6,11.4365,2.04185
7.09,6,11.4515,2.04179
7.1,6,11.4664,2.04174
7.11,6,11.4814,2.04169
7.12,6,11.4963,2.04164
7.13,6,11.5113,2.04159
7.14,6,11.5262,2.04154
7.15,6,11.5412,2.04149
7.16,6,11.5562,2.04144
7.17,6,11.5711,2.04139
7.18,6,11.5861,2.04135
7.19,6,11.6011,2.0413
7.2,6,11.6161,2.04126
7.21,6,11.6311,2.04121
7.22,6,11.6461,2.04117
7.23,6,11.6611,2.04113
7.24,6,11.6761,2.04108
7.25,6,11.6911,2.04104
7.26,6,11.7061,2.041
7.27,6,11.7211,2.04096
7.28,6,11.7361,2.04091
7.29,6,11.7512,2.04087
7.3,6,11.7662,2.04083
7.31,6,11.7812,2.04079
7.32,6,11.7963,2.04075
7.33,6,11.8113,2.04072
7.34,6,11.8264,2.04068
7.35,6,11.8414,2.04064
7.36,6,11.8565,2.0406
7.37,6,11.8715,2.04056
7.38,6,11.8866,2.04053
7.39,6,11.9017,2.04049
7.4,6,11.9167,2.04045
7.41,6,11.9318,2.04042
7.42,6,11.9469,2.04038
7.43,6,11.962,2.04034
7.44,6,11.9771,2.0403
7.45,6,11.9922,2.04027
7.46,6,12.0073,2.04023
7.47,6,12.0224,2.0402
7.48,6,12.0375,2.04017
7.49,6,12.0526,2.04013
7.5,6,12.0677,2.0401
7.51,6,12.0828,2.04007
7.52,6,12.0979,2.04004
7.53,6,12.113,2.04002
7.54,6,12.1281,2.04
7.55,6,12.1432,2.03998
7.56,6,12.1583,2.03996
7.57,6,12.1734,2.03995
7.58,6,12.1886,2.03993
7.59,6,12.2037,2.03992
7.6,6,12.2188,2.0399
7.61,6,12.2339,2.03989
7.62,6,12.2491,2.03988
7.63,6,12.2642,2.03986
7.64,6,12.2793,2.03985
7.65,6,12.2945,2.03984
7.66,6,12.3096,2.03983
7.67,6,12.3248,2.03982
7.68,6,12.3399,2.03982
7.69,6,12.3551,2.03981
7.7,6,12.3702,2.03981
7.71,6,12.3854,2.0398
7.72,6,12.4005,2.0398
7.73,6,12.4157,2.03979
7.74,6,12.4309,2.03979
7.75,6,12.446,2.03979
7.76,6,12.4612,2.03979
7.77,6,12.4764,2.03979
7.78,6,12.4916,2.03979
7.79,6,12.5067,2.0398
7.8,6,12.5219,2.0398
7.81,6,12.5371,2.0398
7.82,6,12.5523,2.03981
7.83,6,12.5675,2.03981
7.84,6,12.5827,2.03982
7.85,6,12.5979,2.03983
7.86,6,12.6131,2.03984
7.87,6,12.6283,2.03984
7.88,6,12.6435,2.03985
7.89,6,12.6587,2.03986
7.9,6,12.6739,2.03987
7.91,6,12.6891,2.03988
7.92,6,12.7043,2.03989
7.93,6,12.7196,2.03991
7.94,6,12.7348,2.03992
7.95,6,12.75,2.03994
7.96,6,12.7652,2.03995
7.97,6,12.7805,2.03997
7.98,6,12.7957,2.03998
7.99,6,12.8109,2.03998
8,6,12.8261,2.03999
8.01,6,12.8414,2.04
8.02,6,12.8566,2.04001
8.03,6,12.8718,2.04002
8.04,6,12.8871,2.04003
8.05,6,12.9023,2.04004
8.06,6,12.9176,2.04005
8.07,6,12.9328,2.04006
8.08,6,12.9481,2.04008
8.09,6,12.9633,2.04009
8.1,6,12.9786,2.04011
8.11,6,12.9938,2.04012
8.12,6,13.0091,2.04014
8.13,6,13.0244,2.04016
8.14,6,13.0396,2.04017
8.15,6,13.0549,2.04019
8.16,6,13.0702,2.04021
8.17,6,13.0854,2.04023
8.18,6,13.1007,2.04025
8.19,6,13.116,2.04026
8.2,6,13.1313,2.04029
8.21,6,13.1466,2.04031
8.22,6,13.1619,2.04033
8.23,6,13.1772,2.04035
8.24,6,13.1925,2.04038
8.25,6,13.2077,2.0404
8.26,6,13.223,2.04042
8.27,6,13.2383,2.04045
8.28,6,13.2536,2.04047
8.29,6,13.2689,2.04049
8.3,6,13.2842,2.04051
8.31,6,13.2994,2.04054
8.32,6,13.3147,2.04056
8.33,6,13.33,2.04058
8.34,6,13.3453,2.04061
8.35,6,13.3606,2.04063
8.36,6,13.3759,2.04065
8.37,6,13.3912,2.04067
8.38,6,13.4065,2.04069
8.39,6,13.4217,2.04071
8.4,6,13.437,2.04073
8.41,6,13.4523,2.04074
8.42,6,13.4676,2.04076
8.43,6,13.4829,2.04078
8.44,6,13.4982,2.0408
8.45,6,13.5135,2.04081
8.46,6,13.5288,2.04083
8.47,6,13.5441,2.04084
8.48,6,13.5594,2.04085
8.49,6,13.5747,2.04087
8.5,6,13.59,2.04088
8.51,6,13.6053,2.04089
8.52,6,13.6206,2.0409
8.53,6,13.6359,2.04091
8.54,6,13.6512,2.04091
8.55,6,13.6665,2.04091
8.56,6,13.6818,2.04092
8.57,6,13.6971,2.04092
8.58,6,13.7124,2.04092
8.59,6,13.7277,2.04091
8.6,6,13.743,2.04091
8.61,6,13.7583,2.04091
8.62,6,13.7736,2.0409
8.63,6,13.7889,2.0409
8.64,6,13.8042,2.04089
8.65,6,13.8195,2.04088
8.66,6,13.8348,2.04087
8.67,6,13.8501,2.04086
8.68,6,13.8654,2.04084
8.69,6,13.8807,2.04082
8.7,6,13.8959,2.0408
8.71,6,13.9112,2.04077
8.72,6,13.9265,2.04075
8.73,6,13.9418,2.04071
8.74,6,13.957,2.04068
8.75,6,13.9723,2.04065
8.76,6,13.9876,2.04061
8.77,6,14.0028,2.04057
8.78,6,14.0181,2.04053
8.79,6,14.0334,2.04049
8.8,6,14.0486,2.04045
8.81,6,14.0639,2.0404
8.82,6,14.0792,2.04035
8.83,6,14.0944,2.0403
8.84,6,14.1097,2.04024
8.85,6,14.125,2.04018
8.86,6,14.1402,2.04012
8.87,6,14.1555,2.04006
8.88,6,14.1707,2.03999
8.89,6,14.186,2.03992
8.9,6,14.2012,2.03984
8.91,6,14.2165,2.03976
8.92,6,14.2317,2.03968
8.93,6,14.247,2.03959
8.94,6,14.2622,2.03949
8.95,6,14.2774,2.0394
8.96,6,14.2927,2.03929
8.97,6,14.3079,2.03918
8.98,6,14.3231,2.03907
8.99,6,14.3383,2.03895
9,6,14.3536,2.03883
9.01,6,14.3688,2.03869
9.02,6,14.384,2.03855
9.03,6,14.3992,2.03841
9.04,6,14.4144,2.03826
9.05,6,14.4296,2.0381
9.06,6,14.4448,2.03793
9.07,6,14.46,2.03776
9.08,6,14.4751,2.03758
9.09,6,14.4903,2.0374
9.1,6,14.5055,2.03721
9.11,6,14.5207,2.03701
9.12,6,14.5359,2.0368
9.13,6,14.551,2.03658
9.14,6,14.5662,2.03635
9.15,6,14.5813,2.03612
9.16,6,14.5965,2.03587
9.17,6,14.6116,2.03561
9.18,6,14.6268,2.03534
9.19,6,14.6419,2.03506
9.2,6,14.657,2.03476
9.21,6,14.6722,2.03445
9.22,6,14.6873,2.03412
9.23,6,14.7024,2.03378
9.24,6,14.7175,2.03342
9.25,6,14.7326,2.03305
9.26,6,14.7477,2.03266
9.27,6,14.7627,2.03225
9.28,6,14.7778,2.03181
9.29,6,14.7929,2.03136
9.3,6,14.8079,2.03088
9.31,6,14.823,2.03038
9.32,6,14.838,2.02985
9.33,6,14.8531,2.02929
9.34,6,14.8681,2.02869
9.35,6,14.8831,2.02805
9.36,6,14.8981,2.02738
9.37,6,14.9131,2.02665
9.38,6,14.9281,2.02586
9.39,6,14.943,2.02501
9.4,6,14.9579,2.02408
9.41,6,14.9728,2.02304
9.42,6,14.9876,2.02185
9.43,6,15.0023,2.02046
9.44,6,15.0167,2.01883
9.45,6,15.0306,2.01705
9.46,6,15.044,2.01518
9.47,6,15.057,2.01326
9.48,6,15.0694,2.01133
9.49,6,15.0814,2.0094
9.5,6,15.0929,2.00749
9.51,6,15.1039,2.0056
9.52,6,15.1144,2.00374
9.53,6,15.1245,2.00192
9.54,6,15.1342,2.00014
9.55,6,15.1434,1.99841
9.56,6,15.1522,1.99672
9.57,6,15.1606,1.99508
9.58,6,15.1686,1.9935
9.59,6,15.1762,1.99196
9.6,6,15.1835,1.99049
9.61,6,15.1903,1.98907
9.62,6,15.1969,1.98771
9.63,6,15.203,1.98642
9.64,6,15.2089,1.98519
9.65,6,15.2144,1.98403
9.66,6,15.2196,1.98293
9.67,6,15.2246,1.9819
9.68,6,15.2292,1.98095
9.69,6,15.2336,1.98007
9.7,6,15.2377,1.97927
9.71,6,15.2416,1.97857
9.72,6,15.2453,1.97795
9.73,6,15.2488,1.97742
9.74,6,15.2521,1.97698
9.75,6,15.2553,1.97666
9.76,6,15.2584,1.97645
9.77,6,15.2613,1.97637
9.78,6,15.2642,1.97641
9.79,6,15.267,1.9766
9.8,6,15.2697,1.97692
9.81,6,15.2725,1.97741
9.82,6,15.2753,1.97806
9.83,6,15.2782,1.9789
9.84,6,15.2812,1.97996
9.85,6,15.2843,1.98124
9.86,6,15.2876,1.98272
9.87,6,15.2911,1.98445
9.88,6,15.2947,1.9864
9.89,6,15.2986,1.98859
9.9,6,15.3027,1.99104
9.91,6,15.3071,1.99373
9.92,6,15.3118,1.9967
9.93,6,15.3168,1.99994
9.94,6,15.3221,2.00343
9.95,6,15.3277,2.00717
9.96,6,15.3335,2.01113
9.97,6,15.3397,2.01531
9.98,6,15.3461,2.01967
9.99,6,15.3527,2.02417
10,6,15.3596,2.02881
10.01,6,15.3666,2.03354
10.02,6,15.3739,2.03832
10.03,6,15.3813,2.04312
10.04,6,15.3889,2.04793
10.05,6,15.3966,2.05274
10.06,6,15.4044,2.0575
10.07,6,15.4124,2.06219
10.08,6,15.4205,2.06681
10.09,6,15.4288,2.07132
10.1,6,15.4371,2.07573
10.11,6,15.4454,2.08
10.12,6,15.4539,2.08414
10.13,6,15.4624,2.08816
10.14,6,15.4709,2.09203
10.15,6,15.4795,2.09575
10.16,6,15.4881,2.0993
10.17,6,15.4968,2.10268
10.18,6,15.5054,2.10591
10.19,6,15.5141,2.10898
10.2,6,15.5227,2.11188
10.21,6,15.5314,2.11462
10.22,6,15.54,2.1172
10.23,6,15.5487,2.11962
10.24,6,15.5573,2.12188
10.25,6,15.5659,2.12398
10.26,6,15.5744,2.12595
10.27,6,15.5829,2.12777
10.28,6,15.5913,2.12946
10.29,6,15.5997,2.13101
10.3,6,15.608,2.13244
10.31,6,15.6162,2.13375
10.32,6,15.6244,2.13493
10.33,6,15.6326,2.136
10.34,6,15.6406,2.13696
10.35,6,15.6486,2.13783
10.36,6,15.6564,2.1386
10.37,6,15.6642,2.13928
10.38,6,15.6719,2.13987
10.39,6,15.6796,2.14037
10.4,6,15.6871,2.1408
10.41,6,15.6945,2.14115
10.42,6,15.7018,2.14143
10.43,6,15.7091,2.14164
10.44,6,15.7162,2.14179
10.45,6,15.7233,2.14189
10.46,6,15.7303,2.14193
10.47,6,15.7373,2.14191
10.48,6,15.7442,2.14185
10.49,6,15.751,2.14174
10.5,6,15.7578,2.14158
10.51,6,15.7646,2.14137
10.52,6,15.7714,2.14112
10.53,6,15.7781,2.14084
10.54,6,15.7848,2.14052
10.55,6,15.7916,2.14016
10.56,6,15.7984,2.13976
10.57,6,15.8052,2.13933
10.58,6,15.812,2.13887
10.59,6,15.8189,2.13836
10.6,6,15.8257,2.13784
10.61,6,15.8326,2.13729
10.62,6,15.8395,2.13672
10.63,6,15.8465,2.13612
10.64,6,15.8534,2.1355
10.65,6,15.8603,2.13486
10.66,6,15.8673,2.13419
10.67,6,15.8742,2.13351
10.68,6,15.8811,2.13281
10.69,6,15.888,2.1321
10.7,6,15.8948,2.13137
10.71,6,15.9016,2.13062
10.72,6,15.9083,2.12987
10.73,6,15.9149,2.1291
10.74,6,15.9215,2.12832
10.75,6,15.928,2.12754
10.76,6,15.9343,2.12674
10.77,6,15.9406,2.12594
10.78,6,15.9468,2.12513
10.79,6,15.9528,2.12431
10.8,6,15.9587,2.12349
10.81,6,15.9645,2.12267
10.82,6,15.9701,2.12184
10.83,6,15.9757,2.12101
10.84,6,15.981,2.12017
10.85,6,15.9862,2.11934
10.86,6,15.9913,2.11851
10.87,6,15.9962,2.11767
10.88,6,16.001,2.11684
10.89,6,16.0056,2.11601
10.9,6,16.01,2.11518
10.91,6,16.0143,2.11436
10.92,6,16.0185,2.11354
10.93,6,16.0225,2.11272
10.94,6,16.0263,2.11192
10.95,6,16.03,2.11112
10.96,6,16.0335,2.11033
10.97,6,16.0369,2.10955
10.98,6,16.0402,2.10879
10.99,6,16.0433,2.10803
11,6,16.0463,2.10729
11.01,6,16.0491,2.10656
11.02,6,16.0518,2.10585
11.03,6,16.0544,2.10516
11.04,6,16.0568,2.10448
11.05,6,16.0592,2.10383
11.06,6,16.0614,2.10319
11.07,6,16.0635,2.10258
11.08,6,16.0655,2.10199
11.09,6,16.0674,2.10142
11.1,6,16.0692,2.10088
11.11,6,16.0709,2.10036
11.12,6,16.0725,2.09987
11.13,6,16.074,2.09941
11.14,6,16.0754,2.09898
11.15,6,16.0768,2.09857
11.16,6,16.0781,2.0982
11.17,6,16.0793,2.09785
11.18,6,16.0804,2.09753
11.19,6,16.0815,2.09724
11.2,6,16.0825,2.09698
11.21,6,16.0835,2.09675
11.22,6,16.0844,2.09655
11.23,6,16.0852,2.09638
11.24,6,16.086,2.09623
11.25,6,16.0868,2.09611
11.26,6,16.0875,2.09602
11.27,6,16.0882,2.09595
11.28,6,16.0889,2.09591
11.29,6,16.0895,2.09589
11.3,6,16.0902,2.09589
11.31,6,16.0908,2.09591
11.32,6,16.0913,2.09595
11.33,6,16.0919,2.09601
11.34,6,16.0925,2.09609
11.35,6,16.093,2.09618
11.36,6,16.0936,2.09628
11.37,6,16.0941,2.0964
11.38,6,16.0946,2.09653
11.39,6,16.0951,2.09667
11.4,6,16.0957,2.09682
11.41,6,16.0962,2.09697
11.42,6,16.0967,2.09713
11.43,6,16.0972,2.0973
11.44,6,16.0977,2.09747
11.45,6,16.0981,2.09764
11.46,6,16.0986,2.09782
11.47,6,16.099,2.098
11.48,6,16.0995,2.09819
11.49,6,16.0999,2.09837
11.5,6,16.1003,2.09856
11.51,6,16.1007,2.09875
11.52,6,16.101,2.09895
11.53,6,16.1013,2.09914
11.54,6,16.1016,2.09934
11.55,6,16.1019,2.09953
11.56,6,16.1021,2.09973
11.57,6,16.1023,2.09993
11.58,6,16.1025,2.10014
11.59,6,16.1026,2.10034
11.6,6,16.1027,2.10055
11.61,6,16.1028,2.10075
11.62,6,16.1028,2.10096
11.63,6,16.1028,2.10116
11.64,6,16.1027,2.10137
11.65,6,16.1027,2.10158
11.66,6,16.1026,2.10178
11.67,6,16.1024,2.10199
11.68,6,16.1023,2.10219
11.69,6,16.1021,2.10239
11.7,6,16.1019,2.10259
11.71,6,16.1016,2.10278
11.72,6,16.1014,2.10297
11.73,6,16.1011,2.10315
11.74,6,16.1009,2.10332
11.75,6,16.1006,2.10347
11.76,6,16.1004,2.10362
11.77,6,16.1001,2.10375
11.78,6,16.0999,2.10386
11.79,6,16.0997,2.10396
11.8,6,16.0995,2.10403
11.81,6,16.0994,2.10408
11.82,6,16.0993,2.10411
11.83,6,16.0993,2.1041
11.84,6,16.0993,2.10405
11.85,6,16.0994,2.10397
11.86,6,16.0996,2.10385
11.87,6,16.0999,2.10367
11.88,6,16.1003,2.10344
11.89,6,16.1008,2.10316
11.9,6,16.1014,2.10282
11.91,6,16.1022,2.10242
11.92,6,16.1031,2.10196
11.93,6,16.1041,2.10143
11.94,6,16.1053,2.10082
11.95,6,16.1066,2.10015
11.96,6,16.1081,2.09938
11.97,6,16.1097,2.09853
11.98,6,16.1115,2.0976
11.99,6,16.1134,2.09659
12,6,16.1155,2.0955
12.01,6,16.1177,2.09432
12.02,6,16.1201,2.09306
12.03,6,16.1226,2.09173
12.04,6,16.1252,2.09031
12.05,6,16.1279,2.08882
12.06,6,16.1307,2.08726
12.07,6,16.1336,2.08563
12.08,6,16.1365,2.08394
12.09,6,16.1396,2.08219
12.1,6,16.1426,2.08039
12.11,6,16.1457,2.07855
12.12,6,16.1487,2.07666
12.13,6,16.1518,2.07474
12.14,6,16.1549,2.07279
12.15,6,16.1579,2.07082
12.16,6,16.1609,2.06884
12.17,6,16.1639,2.06684
12.18,6,16.1668,2.06483
12.19,6,16.1697,2.06282
12.2,6,16.1724,2.06082
12.21,6,16.1751,2.05882
12.22,6,16.1778,2.05684
12.23,6,16.1803,2.05487
12.24,6,16.1827,2.05291
12.25,6,16.1851,2.05098
12.26,6,16.1873,2.04908
12.27,6,16.1894,2.0472
12.28,6,16.1915,2.04535
12.29,6,16.1934,2.04353
12.3,6,16.1952,2.04176
12.31,6,16.1969,2.04001
12.32,6,16.1985,2.0383
12.33,6,16.2,2.03664
12.34,6,16.2014,2.03501
12.35,6,16.2027,2.03342
12.36,6,16.2039,2.03188
12.37,6,16.205,2.03037
12.38,6,16.2059,2.02891
12.39,6,16.2068,2.02749
12.4,6,16.2076,2.0261
12.41,6,16.2083,2.02476
12.42,6,16.2089,2.02347
12.43,6,16.2094,2.02221
12.44,6,16.2098,2.021
12.45,6,16.2102,2.01982
12.46,6,16.2104,2.01868
12.47,6,16.2106,2.01758
12.48,6,16.2107,2.01651
12.49,6,16.2107,2.01548
12.5,6,16.2107,2.01448
12.51,6,16.2106,2.01351
12.52,6,16.2105,2.01257
12.53,6,16.2102,2.01165
12.54,6,16.21,2.01077
12.55,6,16.2096,2.00991
12.56,6,16.2093,2.00906
12.57,6,16.2089,2.00824
12.58,6,16.2084,2.00744
12.59,6,16.2079,2.00665
12.6,6,16.2074,2.00587
12.61,6,16.2068,2.00511
12.62,6,16.2062,2.00436
12.63,6,16.2056,2.00362
12.64,6,16.205,2.00289
12.65,6,16.2043,2.00217
12.66,6,16.2036,2.00145
12.67,6,16.2029,2.00074
12.68,6,16.2022,2.00003
12.69,6,16.2015,1.99933
12.7,6,16.2008,1.99863
12.71,6,16.2001,1.99794
12.72,6,16.1993,1.99725
12.73,6,16.1986,1.99656
12.74,6,16.1978,1.99587
12.75,6,16.1971,1.99518
12.76,6,16.1964,1.9945
12.77,6,16.1956,1.99382
12.78,6,16.1949,1.99314
12.79,6,16.1942,1.99247
12.8,6,16.1935,1.9918
12.81,6,16.1928,1.99114
12.82,6,16.1921,1.99048
12.83,6,16.1915,1.98983
12.84,6,16.1908,1.98919
12.85,6,16.1902,1.98856
12.86,6,16.1895,1.98794
12.87,6,16.1889,1.98733
12.88,6,16.1883,1.98673
12.89,6,16.1878,1.98615
12.9,6,16.1872,1.98559
12.91,6,16.1867,1.98505
12.92,6,16.1862,1.98453
12.93,6,16.1857,1.98403
12.94,6,16.1853,1.98355
12.95,6,16.1848,1.9831
12.96,6,16.1844,1.98268
12.97,6,16.1841,1.98229
12.98,6,16.1837,1.98192
12.99,6,16.1834,1.98159
13,6,16.1831,1.98129
13.01,6,16.1829,1.98103
13.02,6,16.1827,1.9808
13.03,6,16.1825,1.98061
13.04,6,16.1824,1.98046
13.05,6,16.1823,1.98034
13.06,6,16.1822,1.98026
13.07,6,16.1822,1.98023
13.08,6,16.1822,1.98023
13.09,6,16.1822,1.98027
13.1,6,16.1823,1.98035
13.11,6,16.1824,1.98047
13.12,6,16.1826,1.98062
13.13,6,16.1827,1.98081
13.14,6,16.183,1.98104
13.15,6,16.1832,1.9813
13.16,6,16.1835,1.9816
13.17,6,16.1838,1.98192
13.18,6,16.1841,1.98227
13.19,6,16.1845,1.98265
13.2,6,16.1849,1.98306
13.21,6,16.1853,1.98349
13.22,6,16.1858,1.98394
13.23,6,16.1863,1.98441
13.24,6,16.1867,1.9849
13.25,6,16.1873,1.9854
13.26,6,16.1878,1.98591
13.27,6,16.1883,1.98643
13.28,6,16.1889,1.98697
13.29,6,16.1895,1.9875
13.3,6,16.19,1.98804
13.31,6,16.1906,1.98859
13.32,6,16.1912,1.98913
13.33,6,16.1918,1.98967
13.34,6,16.1924,1.9902
13.35,6,16.193,1.99073
13.36,6,16.1936,1.99125
13.37,6,16.1942,1.99176
13.38,6,16.1948,1.99225
13.39,6,16.1953,1.99273
13.4,6,16.1959,1.9932
13.41,6,16.1965,1.99365
13.42,6,16.197,1.99408
13.43,6,16.1976,1.99449
13.44,6,16.1981,1.99489
13.45,6,16.1986,1.99526
13.46,6,16.1991,1.99561
13.47,6,16.1996,1.99594
13.48,6,16.2001,1.99624
13.49,6,16.2006,1.99653
13.5,6,16.201,1.99679
13.51,6,16.2015,1.99703
13.52,6,16.2019,1.99724
13.53,6,16.2023,1.99743
13.54,6,16.2027,1.9976
13.55,6,16.203,1.99774
13.56,6,16.2034,1.99786
13.57,6,16.2037,1.99796
13.58,6,16.204,1.99804
13.59,6,16.2043,1.9981
13.6,6,16.2046,1.99813
13.61,6,16.2049,1.99815
13.62,6,16.2051,1.99814
13.63,6,16.2053,1.99811
13.64,6,16.2055,1.99807
13.65,6,16.2057,1.998
13.66,6,16.2059,1.99792
13.67,6,16.206,1.99782
13.68,6,16.2061,1.99771
13.69,6,16.2063,1.99758
13.7,6,16.2064,1.99743
13.71,6,16.2064,1.99728
13.72,6,16.2065,1.9971
13.73,6,16.2065,1.99692
13.74,6,16.2066,1.99673
13.75,6,16.2066,1.99653
13.76,6,16.2066,1.99631
13.77,6,16.2066,1.99609
13.78,6,16.2066,1.99587
13.79,6,16.2066,1.99564
13.8,6,16.2065,1.9954
13.81,6,16.2065,1.99516
13.82,6,16.2064,1.99492
13.83,6,16.2064,1.99467
13.84,6,16.2063,1.99443
13.85,6,16.2063,1.99419
13.86,6,16.2062,1.99395
13.87,6,16.2062,1.99371
13.88,6,16.2061,1.99348
13.89,6,16.206,1.99325
13.9,6,16.206,1.99303
13.91,6,16.2059,1.99282
13.92,6,16.2059,1.99262
13.93,6,16.2059,1.99242
13.94,6,16.2059,1.99224
13.95,6,16.2059,1.99207
13.96,6,16.2059,1.99191
13.97,6,16.2059,1.99177
13.98,6,16.206,1.99164
13.99,6,16.206,1.99152
14,6,16.2061,1.99142
14.01,6,16.2062,1.99133
14.02,6,16.2063,1.99127
14.03,6,16.2065,1.99121
14.04,6,16.2066,1.99118
14.05,6,16.2068,1.99116
14.06,6,16.207,1.99117
14.07,6,16.2073,1.99119
14.08,6,16.2075,1.99122
14.09,6,16.2078,1.99128
14.1,6,16.2081,1.99136
14.11,6,16.2085,1.99145
14.12,6,16.2088,1.99156
14.13,6,16.2092,1.99169
14.14,6,16.2096,1.99185
14.15,6,16.21,1.99201
14.16,6,16.2105,1.9922
14.17,6,16.211,1.99241
14.18,6,16.2115,1.99264
14.19,6,16.212,1.99288
14.2,6,16.2125,1.99315
14.21,6,16.2131,1.99343
14.22,6,16.2137,1.99373
14.23,6,16.2143,1.99405
14.24,6,16.2149,1.99439
14.25,6,16.2155,1.99474
14.26,6,16.2162,1.99511
14.27,6,16.2169,1.9955
14.28,6,16.2176,1.9959
14.29,6,16.2182,1.99632
14.3,6,16.219,1.99676
14.31,6,16.2197,1.99721
14.32,6,16.2204,1.99768
14.33,6,16.2211,1.99816
14.34,6,16.2219,1.99865
14.35,6,16.2226,1.99916
14.36,6,16.2234,1.99968
14.37,6,16.2241,2.00022
14.38,6,16.2249,2.00077
14.39,6,16.2257,2.00133
14.4,6,16.2264,2.00191
14.41,6,16.2272,2.00249
14.42,6,16.228,2.00309
14.43,6,16.2287,2.00371
14.44,6,16.2295,2.00434
14.45,6,16.2303,2.00498
14.46,6,16.231,2.00563
14.47,6,16.2318,2.00629
14.48,6,16.2326,2.00697
14.49,6,16.2333,2.00766
14.5,6,16.2341,2.00836
14.51,6,16.2349,2.00908
14.52,6,16.2356,2.00981
14.53,6,16.2364,2.01055
14.54,6,16.2371,2.0113
14.55,6,16.2379,2.01207
14.56,6,16.2387,2.01285
14.57,6,16.2394,2.01365
14.58,6,16.2402,2.01446
14.59,6,16.2409,2.01529
14.6,6,16.2417,2.01613
14.61,6,16.2425,2.01698
14.62,6,16.2432,2.01785
14.63,6,16.244,2.01874
14.64,6,16.2448,2.01964
14.65,6,16.2455,2.02056
14.66,6,16.2463,2.02149
14.67,6,16.2471,2.02244
14.68,6,16.2479,2.0234
14.69,6,16.2486,2.02438
14.7,6,16.2494,2.02537
14.71,6,16.2502,2.02638
14.72,6,16.251,2.0274
14.73,6,16.2517,2.02844
14.74,6,16.2525,2.02949
14.75,6,16.2533,2.03056
14.76,6,16.2541,2.03165
14.77,6,16.2549,2.03275
14.78,6,16.2556,2.03387
14.79,6,16.2564,2.035
14.8,6,16.2572,2.03615
14.81,6,16.258,2.03731
14.82,6,16.2587,2.03849
14.83,6,16.2595,2.03968
14.84,6,16.2603,2.04088
14.85,6,16.261,2.0421
14.86,6,16.2618,2.04333
14.87,6,16.2625,2.04457
14.88,6,16.2632,2.04582
14.89,6,16.264,2.04709
14.9,6,16.2647,2.04836
14.91,6,16.2654,2.04965
14.92,6,16.266,2.05095
14.93,6,16.2667,2.05225
14.94,6,16.2674,2.05357
14.95,6,16.268,2.05489
14.96,6,16.2686,2.05622
14.97,6,16.2692,2.05756
14.98,6,16.2698,2.0589
14.99,6,16.2704,2.06025
15,6,16.271,2.06161
15.01,6,16.2715,2.06297
15.02,6,16.272,2.06434
15.03,6,16.2725,2.06571
15.04,6,16.2729,2.06708
15.05,6,16.2734,2.06846
15.06,6,16.2738,2.06984
15.07,6,16.2742,2.07122
15.08,6,16.2745,2.0726
15.09,6,16.2749,2.07399
15.1,6,16.2752,2.07537
15.11,6,16.2755,2.07676
15.12,6,16.2757,2.07814
15.13,6,16.2759,2.07953
15.14,6,16.2761,2.08091
15.15,6,16.2763,2.08229
15.16,6,16.2765,2.08367
15.17,6,16.2766,2.08505
15.18,6,16.2767,2.08642
15.19,6,16.2768,2.0878
15.2,6,16.2768,2.08917
15.21,6,16.2768,2.09053
15.22,6,16.2768,2.09189
15.23,6,16.2768,2.09325
15.24,6,16.2767,2.09461
15.25,6,16.2767,2.09595
15.26,6,16.2765,2.0973
15.27,6,16.2764,2.09864
15.28,6,16.2763,2.09997
15.29,6,16.2761,2.1013
15.3,6,16.2759,2.10262
15.31,6,16.2757,2.10393
15.32,6,16.2754,2.10524
15.33,6,16.2752,2.10655
15.34,6,16.2749,2.10784
15.35,6,16.2746,2.10913
15.36,6,16.2743,2.11041
15.37,6,16.274,2.11169
15.38,6,16.2736,2.11295
15.39,6,16.2732,2.11421
15.4,6,16.2729,2.11546
15.41,6,16.2724,2.1167
15.42,6,16.272,2.11793
15.43,6,16.2716,2.11916
15.44,6,16.2711,2.12037
15.45,6,16.2707,2.12157
15.46,6,16.2702,2.12277
15.47,6,16.2697,2.12395
15.48,6,16.2692,2.12512
15.49,6,16.2686,2.12628
15.5,6,16.2681,2.12743
15.51,6,16.2675,2.12857
15.52,6,16.267,2.12969
15.53,6,16.2664,2.13081
15.54,6,16.2658,2.13191
15.55,6,16.2652,2.133
15.56,6,16.2646,2.13407
15.57,6,16.264,2.13513
15.58,6,16.2633,2.13618
15.59,6,16.2627,2.13722
15.6,6,16.262,2.13824
15.61,6,16.2614,2.13925
15.62,6,16.2607,2.14024
15.63,6,16.26,2.14122
15.64,6,16.2593,2.14219
15.65,6,16.2586,2.14314
15.66,6,16.2579,2.14407
15.67,6,16.2572,2.14499
15.68,6,16.2565,2.1459
15.69,6,16.2558,2.14679
15.7,6,16.255,2.14766
15.71,6,16.2543,2.14852
15.72,6,16.2536,2.14937
15.73,6,16.2528,2.15019
15.74,6,16.2521,2.15101
15.75,6,16.2513,2.1518
15.76,6,16.2506,2.15259
15.77,6,16.2498,2.15335
15.78,6,16.2491,2.1541
15.79,6,16.2483,2.15484
15.8,6,16.2476,2.15556
15.81,6,16.2468,2.15627
15.82,6,16.2461,2.15696
15.83,6,16.2454,2.15763
15.84,6,16.2446,2.15829
15.85,6,16.2439,2.15894
15.86,6,16.2432,2.15957
15.87,6,16.2424,2.16019
15.88,6,16.2417,2.16079
15.89,6,16.241,2.16138
15.9,6,16.2403,2.16196
15.91,6,16.2396,2.16252
15.92,6,16.239,2.16307
15.93,6,16.2383,2.16361
15.94,6,16.2376,2.16413
15.95,6,16.237,2.16465
15.96,6,16.2363,2.16515
15.97,6,16.2357,2.16563
15.98,6,16.2351,2.16611
15.99,6,16.2345,2.16657
16,6,16.2339,2.16703
16.01,6,16.2333,2.16747
16.02,6,16.2327,2.1679
16.03,6,16.2322,2.16832
16.04,6,16.2317,2.16874
16.05,6,16.2311,2.16914
16.06,6,16.2306,2.16953
16.07,6,16.2301,2.16991
16.08,6,16.2297,2.17029
16.09,6,16.2292,2.17065
16.1,6,16.2288,2.17101
16.11,6,16.2283,2.17136
16.12,6,16.2279,2.1717
16.13,6,16.2275,2.17204
16.14,6,16.2271,2.17236
16.15,6,16.2268,2.17268
16.16,6,16.2264,2.173
16.17,6,16.2261,2.17331
16.18,6,16.2257,2.17361
16.19,6,16.2254,2.1739
16.2,6,16.2251,2.17419
16.21,6,16.2248,2.17448
16.22,6,16.2246,2.17475
16.23,6,16.2243,2.17503
16.24,6,16.2241,2.17529
16.25,6,16.2239,2.17556
16.26,6,16.2237,2.17582
16.27,6,16.2235,2.17607
16.28,6,16.2233,2.17632
16.29,6,16.2231,2.17657
16.3,6,16.223,2.17681
16.31,6,16.2228,2.17706
16.32,6,16.2227,2.17729
16.33,6,16.2226,2.17753
16.34,6,16.2225,2.17776
16.35,6,16.2224,2.17799
16.36,6,16.2223,2.17821
16.37,6,16.2222,2.17843
16.38,6,16.2221,2.17866
16.39,6,16.2221,2.17887
16.4,6,16.222,2.17909
16.41,6,16.222,2.17931
16.42,6,16.222,2.17952
16.43,6,16.222,2.17974
16.44,6,16.2219,2.17995
16.45,6,16.2219,2.18016
16.46,6,16.2219,2.18037
16.47,6,16.2219,2.18058
16.48,6,16.222,2.18079
16.49,6,16.222,2.181
16.5,6,16.222,2.18121
16.51,6,16.222,2.18142
16.52,6,16.2221,2.18163
16.53,6,16.2221,2.18184
16.54,6,16.2222,2.18205
16.55,6,16.2222,2.18226
16.56,6,16.2223,2.18248
16.57,6,16.2223,2.18269
16.58,6,16.2224,2.18291
16.59,6,16.2225,2.18313
16.6,6,16.2225,2.18334
16.61,6,16.2226,2.18357
16.62,6,16.2227,2.18379
16.63,6,16.2227,2.18401
16.64,6,16.2228,2.18424
16.65,6,16.2229,2.18447
16.66,6,16.2229,2.1847
16.67,6,16.223,2.18494
16.68,6,16.2231,2.18517
16.69,6,16.2232,2.18541
16.7,6,16.2232,2.18565
16.71,6,16.2233,2.1859
16.72,6,16.2234,2.18614
16.73,6,16.2234,2.18639
16.74,6,16.2235,2.18665
16.75,6,16.2235,2.1869
16.76,6,16.2236,2.18716
16.77,6,16.2237,2.18742
16.78,6,16.2237,2.18768
16.79,6,16.2237,2.18795
16.8,6,16.2238,2.18822
16.81,6,16.2238,2.18849
16.82,6,16.2239,2.18876
16.83,6,16.2239,2.18903
16.84,6,16.2239,2.18931
16.85,6,16.2239,2.18959
16.86,6,16.224,2.18988
16.87,6,16.224,2.19016
16.88,6,16.224,2.19045
16.89,6,16.224,2.19074
16.9,6,16.224,2.19103
16.91,6,16.224,2.19132
16.92,6,16.2239,2.19162
16.93,6,16.2239,2.19191
16.94,6,16.2239,2.19221
16.95,6,16.2239,2.19251
16.96,6,16.2238,2.19281
16.97,6,16.2238,2.19311
16.98,6,16.2237,2.19341
16.99,6,16.2237,2.19372
17,6,16.2236,2.19402
17.01,6,16.2235,2.19432
17.02,6,16.2235,2.19463
17.03,6,16.2234,2.19494
17.04,6,16.2233,2.19524
17.05,6,16.2232,2.19555
17.06,6,16.2231,2.19585
17.07,6,16.223,2.19616
17.08,6,16.2229,2.19646
17.09,6,16.2228,2.19677
17.1,6,16.2227,2.19707
17.11,6,16.2226,2.19738
17.12,6,16.2225,2.19768
17.13,6,16.2224,2.19798
17.14,6,16.2223,2.19829
17.15,6,16.2222,2.19859
17.16,6,16.222,2.19889
17.17,6,16.2219,2.19918
17.18,6,16.2218,2.19948
17.19,6,16.2216,2.19978
17.2,6,16.2215,2.20007
17.21,6,16.2214,2.20037
17.22,6,16.2213,2.20066
17.23,6,16.2211,2.20095
17.24,6,16.221,2.20124
17.25,6,16.2209,2.20153
17.26,6,16.2207,2.20181
17.27,6,16.2206,2.2021
17.28,6,16.2205,2.20238
17.29,6,16.2204,2.20266
17.3,6,16.2202,2.20293
17.31,6,16.2201,2.20321
17.32,6,16.22,2.20348
17.33,6,16.2199,2.20376
17.34,6,16.2198,2.20403
17.35,6,16.2196,2.20429
17.36,6,16.2195,2.20456
17.37,6,16.2194,2.20482
17.38,6,16.2193,2.20508
17.39,6,16.2192,2.20534
17.4,6,16.2191,2.2056
17.41,6,16.219,2.20585
17.42,6,16.219,2.20611
17.43,6,16.2189,2.20636
17.44,6,16.2188,2.2066
17.45,6,16.2187,2.20685
17.46,6,16.2186,2.20709
17.47,6,16.2186,2.20733
17.48,6,16.2185,2.20757
17.49,6,16.2184,2.20781
17.5,6,16.2184,2.20805
17.51,6,16.2183,2.20828
17.52,6,16.2183,2.20851
17.53,6,16.2182,2.20874
17.54,6,16.2182,2.20897
17.55,6,16.2182,2.20919
17.56,6,16.2181,2.20941
17.57,6,16.2181,2.20963
17.58,6,16.2181,2.20985
17.59,6,16.218,2.21007
17.6,6,16.218,2.21028
17.61,6,16.218,2.2105
17.62,6,16.218,2.21071
17.63,6,16.218,2.21092
17.64,6,16.218,2.21113
17.65,6,16.2179,2.21133
17.66,6,16.2179,2.21154
17.67,6,16.2179,2.21174
17.68,6,16.2179,2.21194
17.69,6,16.2179,2.21214
17.7,6,16.218,2.21233
17.71,6,16.218,2.21253
17.72,6,16.218,2.21272
17.73,6,16.218,2.21292
17.74,6,16.218,2.21311
17.75,6,16.218,2.21329
17.76,6,16.218,2.21348
17.77,6,16.218,2.21367
17.78,6,16.2181,2.21385
17.79,6,16.2181,2.21403
17.8,6,16.2181,2.21421
17.81,6,16.2181,2.21439
17.82,6,16.2181,2.21457
17.83,6,16.2182,2.21475
17.84,6,16.2182,2.21492
17.85,6,16.2182,2.21509
17.86,6,16.2182,2.21526
17.87,6,16.2183,2.21543
17.88,6,16.2183,2.2156
17.89,6,16.2183,2.21577
17.9,6,16.2183,2.21594
17.91,6,16.2184,2.2161
17.92,6,16.2184,2.21626
17.93,6,16.2184,2.21643
17.94,6,16.2184,2.21659
17.95,6,16.2185,2.21675
17.96,6,16.2185,2.21691
17.97,6,16.2185,2.21706
17.98,6,16.2186,2.21722
17.99,6,16.2186,2.21737
18,6,16.2186,2.21753
18.01,6,16.2186,2.21768
18.02,6,16.2186,2.21783
18.03,6,16.2187,2.21798
18.04,6,16.2187,2.21813
18.05,6,16.2187,2.21827
18.06,6,16.2187,2.21842
18.07,6,16.2187,2.21857
18.08,6,16.2188,2.21871
18.09,6,16.2188,2.21885
18.1,6,16.2188,2.219
18.11,6,16.2188,2.21914
18.12,6,16.2188,2.21928
18.13,6,16.2188,2.21942
18.14,6,16.2188,2.21956
18.15,6,16.2188,2.21969
18.16,6,16.2189,2.21983
18.17,6,16.2189,2.21997
18.18,6,16.2189,2.2201
18.19,6,16.2189,2.22024
18.2,6,16.2189,2.22037
18.21,6,16.2189,2.22051
18.22,6,16.2188,2.22064
18.23,6,16.2188,2.22077
18.24,6,16.2188,2.2209
18.25,6,16.2188,2.22104
18.26,6,16.2188,2.22117
18.27,6,16.2188,2.2213
18.28,6,16.2188,2.22143
18.29,6,16.2187,2.22156
18.3,6,16.2187,2.22169
18.31,6,16.2187,2.22182
18.32,6,16.2187,2.22195
18.33,6,16.2186,2.22207
18.34,6,16.2186,2.2222
18.35,6,16.2186,2.22233
18.36,6,16.2185,2.22246
18.37,6,16.2185,2.22259
18.38,6,16.2185,2.22272
18.39,6,16.2184,2.22284
18.4,6,16.2184,2.22297
18.41,6,16.2183,2.2231
18.42,6,16.2183,2.22323
18.43,6,16.2182,2.22336
18.44,6,16.2182,2.22349
18.45,6,16.2181,2.22362
18.46,6,16.218,2.22375
18.47,6,16.218,2.22388
18.48,6,16.2179,2.22401
18.49,6,16.2178,2.22414
18.5,6,16.2178,2.22427
18.51,6,16.2177,2.2244
18.52,6,16.2176,2.22453
18.53,6,16.2176,2.22466
18.54,6,16.2175,2.22479
18.55,6,16.2174,2.22493
18.56,6,16.2173,2.22506
18.57,6,16.2173,2.22519
18.58,6,16.2172,2.22533
18.59,6,16.2171,2.22546
18.6,6,16.217,2.2256
18.61,6,16.2169,2.22573
18.62,6,16.2168,2.22587
18.63,6,16.2168,2.226
18.64,6,16.2167,2.22614
18.65,6,16.2166,2.22628
18.66,6,16.2165,2.22642
18.67,6,16.2164,2.22656
18.68,6,16.2163,2.22669
18.69,6,16.2162,2.22683
18.7,6,16.2162,2.22697
18.71,6,16.2161,2.22712
18.72,6,16.216,2.22726
18.73,6,16.2159,2.2274
18.74,6,16.2158,2.22754
18.75,6,16.2157,2.22768
18.76,6,16.2156,2.22783
18.77,6,16.2156,2.22797
18.78,6,16.2155,2.22811
18.79,6,16.2154,2.22826
18.8,6,16.2153,2.2284
18.81,6,16.2152,2.22855
18.82,6,16.2151,2.22869
18.83,6,16.2151,2.22884
18.84,6,16.215,2.22898
18.85,6,16.2149,2.22913
18.86,6,16.2148,2.22928
18.87,6,16.2147,2.22942
18.88,6,16.2147,2.22957
18.89,6,16.2146,2.22972
18.9,6,16.2145,2.22986
18.91,6,16.2144,2.23001
18.92,6,16.2144,2.23016
18.93,6,16.2143,2.23031
18.94,6,16.2142,2.23046
18.95,6,16.2142,2.2306
18.96,6,16.2141,2.23075
18.97,6,16.214,2.2309
18.98,6,16.214,2.23105
18.99,6,16.2139,2.2312
19,6,16.2138,2.23134
19.01,6,16.2138,2.23149
19.02,6,16.2137,2.23164
19.03,6,16.2136,2.23179
19.04,6,16.2136,2.23193
19.05,6,16.2135,2.23208
19.06,6,16.2135,2.23223
19.07,6,16.2134,2.23238
19.08,6,16.2134,2.23252
19.09,6,16.2133,2.23267
19.1,6,16.2133,2.23282
19.11,6,16.2132,2.23296
19.12,6,16.2131,2.23311
19.13,6,16.2131,2.23325
19.14,6,16.213,2.2334
19.15,6,16.213,2.23354
19.16,6,16.213,2.23369
19.17,6,16.2129,2.23383
19.18,6,16.2129,2.23398
19.19,6,16.2128,2.23412
19.2,6,16.2128,2.23426
19.21,6,16.2127,2.23441
19.22,6,16.2127,2.23455
19.23,6,16.2126,2.23469
19.24,6,16.2126,2.23484
19.25,6,16.2125,2.23498
19.26,6,16.2125,2.23512
19.27,6,16.2125,2.23526
19.28,6,16.2124,2.2354
19.29,6,16.2124,2.23554
19.3,6,16.2123,2.23568
19.31,6,16.2123,2.23582
19.32,6,16.2123,2.23596
19.33,6,16.2122,2.2361
19.34,6,16.2122,2.23624
19.35,6,16.2121,2.23638
19.36,6,16.2121,2.23652
19.37,6,16.2121,2.23666
19.38,6,16.212,2.2368
19.39,6,16.212,2.23693
19.4,6,16.212,2.23707
19.41,6,16.2119,2.23721
19.42,6,16.2119,2.23735
19.43,6,16.2118,2.23748
19.44,6,16.2118,2.23762
19.45,6,16.2118,2.23776
19.46,6,16.2117,2.23789
19.47,6,16.2117,2.23803
19.48,6,16.2116,2.23816
19.49,6,16.2116,2.2383
19.5,6,16.2116,2.23843
19.51,6,16.2115,2.23857
19.52,6,16.2115,2.23871
19.53,6,16.2115,2.23884
19.54,6,16.2114,2.23897
19.55,6,16.2114,2.23911
19.56,6,16.2113,2.23924
19.57,6,16.2113,2.23938
19.58,6,16.2113,2.23951
19.59,6,16.2112,2.23965
19.6,6,16.2112,2.23978
19.61,6,16.2111,2.23991
19.62,6,16.2111,2.24005
19.63,6,16.2111,2.24018
19.64,6,16.211,2.24031
19.65,6,16.211,2.24044
19.66,6,16.2109,2.24058
19.67,6,16.2109,2.24071
19.68,6,16.2109,2.24084
19.69,6,16.2108,2.24097
19.7,6,16.2108,2.24111
19.71,6,16.2107,2.24124
19.72,6,16.2107,2.24137
19.73,6,16.2106,2.2415
19.74,6,16.2106,2.24163
19.75,6,16.2106,2.24176
19.76,6,16.2105,2.24189
19.77,6,16.2105,2.24203
19.78,6,16.2104,2.24216
19.79,6,16.2104,2.24229
19.8,6,16.2103,2.24242
19.81,6,16.2103,2.24255
19.82,6,16.2103,2.24268
19.83,6,16.2102,2.24281
19.84,6,16.2102,2.24294
19.85,6,16.2101,2.24307
19.86,6,16.2101,2.2432
19.87,6,16.21,2.24333
19.88,6,16.21,2.24346
19.89,6,16.2099,2.24359
19.9,6,16.2099,2.24372
19.91,6,16.2098,2.24385
19.92,6,16.2098,2.24398
19.93,6,16.2098,2.24411
19.94,6,16.2097,2.24424
19.95,6,16.2097,2.24437
19.96,6,16.2096,2.2445
19.97,6,16.2096,2.24463
19.98,6,16.2095,2.24476
19.99,6,16.2095,2.24489
0,7,0.390244,2.91914
0.01,7,0.390658,2.91921
0.02,7,0.391275,2.91931
0.03,7,0.39209,2.91943
0.04,7,0.393099,2.91959
0.05,7,0.394299,2.91978
0.06,7,0.395689,2.92
0.07,7,0.397264,2.92024
0.08,7,0.39902,2.92051
0.09,7,0.400957,2.9208
0.1,7,0.40307,2.92112
0.11,7,0.405356,2.92146
0.12,7,0.407813,2.92183
0.13,7,0.410439,2.92221
0.14,7,0.413231,2.92262
0.15,7,0.416189,2.92305
0.16,7,0.41931,2.92349
0.17,7,0.422592,2.92395
0.18,7,0.426035,2.92443
0.19,7,0.429634,2.92492
0.2,7,0.433387,2.92543
0.21,7,0.437292,2.92596
0.22,7,0.441347,2.9265
0.23,7,0.44555,2.92705
0.24,7,0.449902,2.92761
0.25,7,0.454402,2.92819
0.26,7,0.459044,2.92877
0.27,7,0.46383,2.92937
0.28,7,0.468758,2.92997
0.29,7,0.473825,2.93059
0.3,7,0.47903,2.93121
0.31,7,0.484371,2.93185
0.32,7,0.489847,2.93249
0.33,7,0.495452,2.93314
0.34,7,0.501189,2.9338
0.35,7,0.507054,2.93447
0.36,7,0.513043,2.93515
0.37,7,0.519157,2.93584
0.38,7,0.525391,2.93653
0.39,7,0.531748,2.93723
0.4,7,0.538223,2.93794
0.41,7,0.544816,2.93866
0.42,7,0.551525,2.93939
0.43,7,0.558349,2.94012
0.44,7,0.565286,2.94086
0.45,7,0.572332,2.94161
0.46,7,0.579487,2.94237
0.47,7,0.58675,2.94313
0.48,7,0.594118,2.9439
0.49,7,0.601588,2.94468
0.5,7,0.60916,2.94547
0.51,7,0.616832,2.94627
0.52,7,0.624601,2.94707
0.53,7,0.632467,2.94789
0.54,7,0.640429,2.94871
0.55,7,0.648486,2.94954
0.56,7,0.656634,2.95037
0.57,7,0.664874,2.95121
0.58,7,0.673202,2.95206
0.59,7,0.681618,2.95292
0.6,7,0.69012,2.95379
0.61,7,0.698708,2.95466
0.62,7,0.707378,2.95554
0.63,7,0.71613,2.95642
0.64,7,0.724964,2.95731
0.65,7,0.733876,2.95821
0.66,7,0.742866,2.95911
0.67,7,0.751933,2.96002
0.68,7,0.761074,2.96094
0.69,7,0.77029,2.96185
0.7,7,0.779578,2.96278
0.71,7,0.788937,2.96371
0.72,7,0.798365,2.96464
0.73,7,0.807863,2.96558
0.74,7,0.817428,2.96652
0.75,7,0.827059,2.96746
0.76,7,0.836756,2.96841
0.77,7,0.846517,2.96936
0.78,7,0.856342,2.97031
0.79,7,0.866229,2.97126
0.8,7,0.876177,2.97221
0.81,7,0.886184,2.97317
0.82,7,0.896251,2.97413
0.83,7,0.906374,2.97508
0.84,7,0.916554,2.97604
0.85,7,0.92679,2.97699
0.86,7,0.937081,2.97795
0.87,7,0.947424,2.9789
0.88,7,0.957821,2.97985
0.89,7,0.96827,2.9808
0.9,7,0.978769,2.98174
0.91,7,0.989319,2.98268
0.92,7,0.999917,2.98362
0.93,7,1.01056,2.98456
0.94,7,1.02126,2.98549
0.95,7,1.032,2.98641
0.96,7,1.04278,2.98733
0.97,7,1.05361,2.98825
0.98,7,1.06449,2.98916
0.99,7,1.0754,2.99006
1,7,1.08636,2.99096
1.01,7,1.09737,2.99184
1.02,7,1.10841,2.99273
1.03,7,1.11949,2.9936
1.04,7,1.13062,2.99447
1.05,7,1.14178,2.99533
1.06,7,1.15298,2.99617
1.07,7,1.16421,2.99701
1.08,7,1.17549,2.99785
1.09,7,1.1868,2.99867
1.1,7,1.19814,2.99948
1.11,7,1.20952,3.00028
1.12,7,1.22093,3.00108
1.13,7,1.23238,3.00186
1.14,7,1.24386,3.00264
1.15,7,1.25537,3.0034
1.16,7,1.26691,3.00415
1.17,7,1.27848,3.00489
1.18,7,1.29009,3.00562
1.19,7,1.30172,3.00634
1.2,7,1.31338,3.00705
1.21,7,1.32508,3.00775
1.22,7,1.3368,3.00843
1.23,7,1.34855,3.0091
1.24,7,1.36032,3.00977
1.25,7,1.37212,3.01042
1.26,7,1.38395,3.01105
1.27,7,1.39581,3.01168
1.28,7,1.40769,3.01229
1.29,7,1.4196,3.0129
1.3,7,1.43153,3.01348
1.31,7,1.44348,3.01406
1.32,7,1.45546,3.01463
1.33,7,1.46746,3.01518
1.34,7,1.47948,3.01572
1.35,7,1.49153,3.01625
1.36,7,1.5036,3.01677
1.37,7,1.51569,3.01727
1.38,7,1.5278,3.01776
1.39,7,1.53993,3.01824
1.4,7,1.55208,3.01871
1.41,7,1.56425,3.01916
1.42,7,1.57644,3.0196
1.43,7,1.58865,3.02003
1.44,7,1.60088,3.02045
1.45,7,1.61313,3.02085
1.46,7,1.6254,3.02124
1.47,7,1.63768,3.02162
1.48,7,1.64999,3.02199
1.49,7,1.66231,3.02234
1.5,7,1.67464,3.02268
1.51,7,1.687,3.02301
1.52,7,1.69936,3.02333
1.53,7,1.71175,3.02364
1.54,7,1.72415,3.02393
1.55,7,1.73657,3.02421
1.56,7,1.749,3.02448
1.57,7,1.76145,3.02474
1.58,7,1.77391,3.02499
1.59,7,1.78638,3.02522
1.6,7,1.79887,3.02545
1.61,7,1.81137,3.02566
1.62,7,1.82389,3.02586
1.63,7,1.83642,3.02605
1.64,7,1.84896,3.02623
1.65,7,1.86152,3.0264
1.66,7,1.87408,3.02655
1.67,7,1.88666,3.0267
1.68,7,1.89926,3.02683
1.69,7,1.91186,3.02696
1.7,7,1.92447,3.02707
1.71,7,1.9371,3.02717
1.72,7,1.94974,3.02727
1.73,7,1.96239,3.02735
1.74,7,1.97505,3.02742
1.75,7,1.98772,3.02748
1.76,7,2.0004,3.02754
1.77,7,2.01309,3.02758
1.78,7,2.02579,3.02761
1.79,7,2.0385,3.02763
1.8,7,2.05122,3.02765
1.81,7,2.06394,3.02765
1.82,7,2.07668,3.02764
1.83,7,2.08943,3.02763
1.84,7,2.10219,3.02761
1.85,7,2.11495,3.02757
1.86,7,2.12772,3.02753
1.87,7,2.14051,3.02748
1.88,7,2.1533,3.02742
1.89,7,2.1661,3.02735
1.9,7,2.1789,3.02728
1.91,7,2.19172,3.02719
1.92,7,2.20454,3.0271
1.93,7,2.21737,3.027
1.94,7,2.2302,3.02689
1.95,7,2.24305,3.02677
1.96,7,2.2559,3.02665
1.97,7,2.26876,3.02652
1.98,7,2.28162,3.02638
1.99,7,2.29449,3.02623
2,7,2.30737,3.02608
2.01,7,2.32025,3.02591
2.02,7,2.33314,3.02575
2.03,7,2.34604,3.02557
2.04,7,2.35894,3.02539
2.05,7,2.37185,3.0252
2.06,7,2.38476,3.025
2.07,7,2.39768,3.0248
2.08,7,2.41061,3.02459
2.09,7,2.42354,3.02438
2.1,7,2.43647,3.02416
2.11,7,2.44941,3.02393
2.12,7,2.46236,3.0237
2.13,7,2.47531,3.02346
2.14,7,2.48827,3.02321
2.15,7,2.50123,3.02296
2.16,7,2.5142,3.0227
2.17,7,2.52717,3.02244
2.18,7,2.54014,3.02217
2.19,7,2.55312,3.0219
2.2,7,2.5661,3.02162
2.21,7,2.57909,3.02134
2.22,7,2.59209,3.02105
2.23,7,2.60508,3.02075
2.24,7,2.61808,3.02045
2.25,7,2.63109,3.02015
2.26,7,2.6441,3.01984
2.27,7,2.65711,3.01953
2.28,7,2.67012,3.01921
2.29,7,2.68314,3.01888
2.3,7,2.69617,3.01856
2.31,7,2.70919,3.01822
2.32,7,2.72222,3.01789
2.33,7,2.73526,3.01755
2.34,7,2.74829,3.0172
2.35,7,2.76133,3.01685
2.36,7,2.77438,3.0165
2.37,7,2.78742,3.01614
2.38,7,2.80047,3.01578
2.39,7,2.81352,3.01541
2.4,7,2.82658,3.01504
2.41,7,2.83964,3.01467
2.42,7,2.8527,3.01429
2.43,7,2.86576,3.01391
2.44,7,2.87883,3.01353
2.45,7,2.8919,3.01314
2.46,7,2.90497,3.01275
2.47,7,2.91804,3.01235
2.48,7,2.93112,3.01196
2.49,7,2.9442,3.01156
2.5,7,2.95728,3.01115
2.51,7,2.97036,3.01075
2.52,7,2.98345,3.01034
2.53,7,2.99654,3.00993
2.54,7,3.00963,3.00951
2.55,7,3.02272,3.00909
2.56,7,3.03582,3.00868
2.57,7,3.04892,3.00825
2.58,7,3.06201,3.00783
2.59,7,3.07512,3.0074
2.6,7,3.08822,3.00697
2.61,7,3.10132,3.00654
2.62,7,3.11443,3.00611
2.63,7,3.12754,3.00567
2.64,7,3.14065,3.00524
2.65,7,3.15376,3.0048
2.66,7,3.16687,3.00435
2.67,7,3.17999,3.00391
2.68,7,3.19311,3.00346
2.69,7,3.20622,3.00302
2.7,7,3.21934,3.00257
2.71,7,3.23246,3.00212
2.72,7,3.24559,3.00166
2.73,7,3.25871,3.00121
2.74,7,3.27184,3.00075
2.75,7,3.28496,3.00029
2.76,7,3.29809,2.99983
2.77,7,3.31122,2.99937
2.78,7,3.32435,2.99891
2.79,7,3.33748,2.99844
2.8,7,3.35062,2.99798
2.81,7,3.36375,2.99751
2.82,7,3.37689,2.99704
2.83,7,3.39002,2.99657
2.84,7,3.40316,2.9961
2.85,7,3.4163,2.99563
2.86,7,3.42944,2.99516
2.87,7,3.44258,2.99468
2.88,7,3.45573,2.99421
2.89,7,3.46887,2.99373
2.9,7,3.48201,2.99325
2.91,7,3.49516,2.99277
2.92,7,3.5083,2.9923
2.93,7,3.52145,2.99182
2.94,7,3.5346,2.99133
2.95,7,3.54775,2.99085
2.96,7,3.56089,2.99037
2.97,7,3.57404,2.98989
2.98,7,3.58719,2.9894
2.99,7,3.60035,2.98892
3,7,3.6135,2.98843
3.01,7,3.62665,2.98795
3.02,7,3.6398,2.98746
3.03,7,3.65296,2.98697
3.04,7,3.66611,2.98648
3.05,7,3.67927,2.98599
3.06,7,3.69242,2.98551
3.07,7,3.70558,2.98502
3.08,7,3.71874,2.98452
3.09,7,3.7319,2.98403
3.1,7,3.74506,2.98354
3.11,7,3.75821,2.98305
3.12,7,3.77137,2.98256
3.13,7,3.78453,2.98206
3.14,7,3.7977,2.98157
3.15,7,3.81086,2.98108
3.16,7,3.82402,2.98058
3.17,7,3.83718,2.98009
3.18,7,3.85034,2.97959
3.19,7,3.86351,2.9791
3.2,7,3.87667,2.9786
3.21,7,3.88983,2.97811
3.22,7,3.903,2.97761
3.23,7,3.91616,2.97712
3.24,7,3.92933,2.97662
3.25,7,3.94249,2.97613
3.26,7,3.95566,2.97563
3.27,7,3.96882,2.97513
3.28,7,3.98199,2.97464
3.29,7,3.99516,2.97414
3.3,7,4.00832,2.97364
3.31,7,4.02149,2.97315
3.32,7,4.03466,2.97265
3.33,7,4.04782,2.97215
3.34,7,4.06099,2.97165
3.35,7,4.07416,2.97116
3.36,7,4.08733,2.97066
3.37,7,4.10049,2.97016
3.38,7,4.11366,2.96967
3.39,7,4.12683,2.96917
3.4,7,4.14,2.96868
3.41,7,4.15317,2.96818
3.42,7,4.16634,2.96768
3.43,7,4.1795,2.96719
3.44,7,4.19267,2.96669
3.45,7,4.20584,2.96619
3.46,7,4.21901,2.9657
3.47,7,4.23218,2.9652
3.48,7,4.24535,2.9647
3.49,7,4.25852,2.96421
3.5,7,4.27169,2.96371
3.51,7,4.28486,2.96321
3.52,7,4.29803,2.96272
3.53,7,4.3112,2.96222
3.54,7,4.32437,2.96172
3.55,7,4.33754,2.96123
3.56,7,4.35071,2.96073
3.57,7,4.36388,2.96023
3.58,7,4.37705,2.95973
3.59,7,4.39022,2.95924
3.6,7,4.40339,2.95874
3.61,7,4.41656,2.95824
3.62,7,4.42973,2.95774
3.63,7,4.4429,2.95725
3.64,7,4.45607,2.95675
3.65,7,4.46924,2.95625
3.66,7,4.48241,2.95575
3.67,7,4.49558,2.95525
3.68,7,4.50875,2.95476
3.69,7,4.52192,2.95426
3.7,7,4.53509,2.95376
3.71,7,4.54826,2.95326
3.72,7,4.56143,2.95277
3.73,7,4.5746,2.95227
3.74,7,4.58777,2.95177
3.75,7,4.60094,2.95127
3.76,7,4.61411,2.95077
3.77,7,4.62728,2.95027
3.78,7,4.64044,2.94977
3.79,7,4.65361,2.94928
3.8,7,4.66678,2.94878
3.81,7,4.67995,2.94828
3.82,7,4.69312,2.94778
3.83,7,4.70629,2.94728
3.84,7,4.71945,2.94678
3.85,7,4.73262,2.94628
3.86,7,4.74579,2.94578
3.87,7,4.75896,2.94528
3.88,7,4.77212,2.94478
3.89,7,4.78529,2.94428
3.9,7,4.79846,2.94379
3.91,7,4.81162,2.94328
3.92,7,4.82479,2.94278
3.93,7,4.83796,2.94228
3.94,7,4.85112,2.94178
3.95,7,4.86429,2.94128
3.96,7,4.87745,2.94078
3.97,7,4.89062,2.94028
3.98,7,4.90378,2.93978
3.99,7,4.91695,2.93927
4,7,4.93011,2.93877
4.01,7,4.94328,2.93827
4.02,7,4.95644,2.93776
4.03,7,4.96961,2.93726
4.04,7,4.98277,2.93676
4.05,7,4.99593,2.93625
4.06,7,5.0091,2.93575
4.07,7,5.02226,2.93524
4.08,7,5.03542,2.93474
4.09,7,5.04859,2.93423
4.1,7,5.06175,2.93372
4.11,7,5.07491,2.93321
4.12,7,5.08807,2.93271
4.13,7,5.10123,2.9322
4.14,7,5.1144,2.93169
4.15,7,5.12756,2.93118
4.16,7,5.14072,2.93067
4.17,7,5.15388,2.93016
4.18,7,5.16704,2.92965
4.19,7,5.1802,2.92914
4.2,7,5.19336,2.92863
4.21,7,5.20652,2.92812
4.22,7,5.21968,2.92761
4.23,7,5.23284,2.92709
4.24,7,5.246,2.92658
4.25,7,5.25916,2.92607
4.26,7,5.27232,2.92555
4.27,7,5.28548,2.92504
4.28,7,5.29864,2.92452
4.29,7,5.31179,2.92401
4.3,7,5.32495,2.92349
4.31,7,5.33811,2.92297
4.32,7,5.35127,2.92246
4.33,7,5.36443,2.92194
4.34,7,5.37758,2.92142
4.35,7,5.39074,2.9209
4.36,7,5.4039,2.92038
4.37,7,5.41705,2.91986
4.38,7,5.43021,2.91934
4.39,7,5.44336,2.91882
4.4,7,5.45652,2.9183
4.41,7,5.46967,2.91778
4.42,7,5.48283,2.91726
4.43,7,5.49598,2.91673
4.44,7,5.50913,2.91621
4.45,7,5.52229,2.91569
4.46,7,5.53544,2.91516
4.47,7,5.54859,2.91464
4.48,7,5.56174,2.91411
4.49,7,5.5749,2.91359
4.5,7,5.58805,2.91306
4.51,7,5.6012,2.91254
4.52,7,5.61435,2.91201
4.53,7,5.6275,2.91148
4.54,7,5.64065,2.91095
4.55,7,5.6538,2.91043
4.56,7,5.66695,2.9099
4.57,7,5.6801,2.90937
4.58,7,5.69325,2.90884
4.59,7,5.70639,2.90831
4.6,7,5.71954,2.90778
4.61,7,5.73269,2.90725
4.62,7,5.74584,2.90672
4.63,7,5.75898,2.90619
4.64,7,5.77213,2.90565
4.65,7,5.78527,2.90512
4.66,7,5.79842,2.90459
4.67,7,5.81156,2.90406
4.68,7,5.82471,2.90352
4.69,7,5.83785,2.90299
4.7,7,5.851,2.90245
4.71,7,5.86414,2.90192
4.72,7,5.87728,2.90138
4.73,7,5.89043,2.90084
4.74,7,5.90357,2.90031
4.75,7,5.91671,2.89977
4.76,7,5.92985,2.89923
4.77,7,5.94299,2.89869
4.78,7,5.95613,2.89815
4.79,7,5.96927,2.89761
4.8,7,5.98241,2.89707
4.81,7,5.99555,2.89653
4.82,7,6.00868,2.89599
4.83,7,6.02182,2.89544
4.84,7,6.03496,2.8949
4.85,7,6.04809,2.89436
4.86,7,6.06123,2.89382
4.87,7,6.07436,2.89327
4.88,7,6.0875,2.89273
4.89,7,6.10063,2.89218
4.9,7,6.11377,2.89164
4.91,7,6.1269,2.8911
4.92,7,6.14003,2.89055
4.93,7,6.15316,2.89001
4.94,7,6.16629,2.88947
4.95,7,6.17943,2.88892
4.96,7,6.19256,2.88838
4.97,7,6.20569,2.88784
4.98,7,6.21881,2.88729
4.99,7,6.23194,2.88675
5,7,6.24507,2.88621
5.01,7,6.2582,2.88566
5.02,7,6.27132,2.88512
5.03,7,6.28445,2.88457
5.04,7,6.29757,2.88403
5.05,7,6.3107,2.88348
5.06,7,6.32382,2.88294
5.07,7,6.33695,2.8824
5.08,7,6.35007,2.88185
5.09,7,6.36319,2.8813
5.1,7,6.37631,2.88076
5.11,7,6.38943,2.88021
5.12,7,6.40255,2.87967
5.13,7,6.41567,2.87912
5.14,7,6.42879,2.87858
5.15,7,6.44191,2.87803
5.16,7,6.45503,2.87749
5.17,7,6.46814,2.87694
5.18,7,6.48126,2.8764
5.19,7,6.49437,2.87585
5.2,7,6.50749,2.87531
5.21,7,6.5206,2.87477
5.22,7,6.53372,2.87422
5.23,7,6.54683,2.87368
5.24,7,6.55994,2.87314
5.25,7,6.57305,2.8726
5.26,7,6.58616,2.87205
5.27,7,6.59927,2.87151
5.28,7,6.61238,2.87097
5.29,7,6.62549,2.87043
5.3,7,6.6386,2.86989
5.31,7,6.6517,2.86935
5.32,7,6.66481,2.86881
5.33,7,6.67791,2.86827
5.34,7,6.69102,2.86774
5.35,7,6.70412,2.8672
5.36,7,6.71722,2.86666
5.37,7,6.73033,2.86613
5.38,7,6.74343,2.86559
5.39,7,6.75653,2.86505
5.4,7,6.76962,2.86452
5.41,7,6.78272,2.86398
5.42,7,6.79582,2.86345
5.43,7,6.80891,2.86292
5.44,7,6.82201,2.86238
5.45,7,6.8351,2.86185
5.46,7,6.8482,2.86132
5.47,7,6.86129,2.86079
5.48,7,6.87438,2.86027
5.49,7,6.88747,2.85974
5.5,7,6.90056,2.85921
5.51,7,6.91365,2.85869
5.52,7,6.92673,2.85816
5.53,7,6.93982,2.85764
5.54,7,6.9529,2.85712
5.55,7,6.96599,2.8566
5.56,7,6.97907,2.85608
5.57,7,6.99215,2.85556
5.58,7,7.00523,2.85505
5.59,7,7.01831,2.85453
5.6,7,7.03139,2.85401
5.61,7,7.04446,2.8535
5.62,7,7.05754,2.85299
5.63,7,7.07061,2.85248
5.64,7,7.08369,2.85197
5.65,7,7.09676,2.85146
5.66,7,7.10983,2.85095
5.67,7,7.1229,2.85044
5.68,7,7.13597,2.84994
5.69,7,7.14903,2.84943
5.7,7,7.1621,2.84893
5.71,7,7.17517,2.84843
5.72,7,7.18823,2.84793
5.73,7,7.20129,2.84743
5.74,7,7.21435,2.84693
5.75,7,7.22741,2.84644
5.76,7,7.24047,2.84595
5.77,7,7.25353,2.84546
5.78,7,7.26658,2.84497
5.79,7,7.27964,2.84448
5.8,7,7.29269,2.844
5.81,7,7.30574,2.84351
5.82,7,7.31879,2.84303
5.83,7,7.33184,2.84255
5.84,7,7.34489,2.84207
5.85,7,7.35793,2.8416
5.86,7,7.37098,2.84112
5.87,7,7.38402,2.84065
5.88,7,7.39706,2.84018
5.89,7,7.4101,2.83972
5.9,7,7.42314,2.83925
5.91,7,7.43618,2.83879
5.92,7,7.44921,2.83833
5.93,7,7.46224,2.83787
5.94,7,7.47528,2.83741
5.95,7,7.48831,2.83695
5.96,7,7.50134,2.8365
5.97,7,7.51436,2.83605
5.98,7,7.52739,2.8356
5.99,7,7.54041,2.83515
6,7,7.55344,2.83471
6.01,7,7.56646,2.83427
6.02,7,7.57948,2.83383
6.03,7,7.59249,2.83339
6.04,7,7.60551,2.83295
6.05,7,7.61852,2.83252
6.06,7,7.63154,2.83209
6.07,7,7.64455,2.83166
6.08,7,7.65756,2.83123
6.09,7,7.67056,2.8308
6.1,7,7.68357,2.83038
6.11,7,7.69657,2.82996
6.12,7,7.70958,2.82954
6.13,7,7.72258,2.82912
6.14,7,7.73558,2.82871
6.15,7,7.74857,2.82829
6.16,7,7.76157,2.82788
6.17,7,7.77456,2.82747
6.18,7,7.78756,2.82706
6.19,7,7.80055,2.82666
6.2,7,7.81353,2.82625
6.21,7,7.82652,2.82585
6.22,7,7.83951,2.82546
6.23,7,7.85249,2.82506
6.24,7,7.86547,2.82466
6.25,7,7.87845,2.82427
6.26,7,7.89143,2.82388
6.27,7,7.9044,2.8235
6.28,7,7.91738,2.82311
6.29,7,7.93035,2.82273
6.3,7,7.94332,2.82235
6.31,7,7.95629,2.82198
6.32,7,7.96926,2.8216
6.33,7,7.98222,2.82123
6.34,7,7.99518,2.82086
6.35,7,8.00814,2.8205
6.36,7,8.0211,2.82013
6.37,7,8.03406,2.81977
6.38,7,8.04702,2.81941
6.39,7,8.05997,2.81905
6.4,7,8.07292,2.8187
6.41,7,8.08587,2.81834
6.42,7,8.09882,2.81799
6.43,7,8.11176,2.81764
6.44,7,8.12471,2.81729
6.45,7,8.13765,2.81694
6.46,7,8.15059,2.81659
6.47,7,8.16353,2.81625
6.48,7,8.17646,2.8159
6.49,7,8.1894,2.81556
6.5,7,8.20233,2.81522
6.51,7,8.21526,2.81488
6.52,7,8.22819,2.81454
6.53,7,8.24112,2.8142
6.54,7,8.25404,2.81386
6.55,7,8.26696,2.81352
6.56,7,8.27989,2.81318
6.57,7,8.2928,2.81284
6.58,7,8.30572,2.81251
6.59,7,8.31864,2.81217
6.6,7,8.33155,2.81183
6.61,7,8.34446,2.8115
6.62,7,8.35738,2.81117
6.63,7,8.37028,2.81083
6.64,7,8.38319,2.8105
6.65,7,8.39609,2.81017
6.66,7,8.409,2.80984
6.67,7,8.4219,2.80951
6.68,7,8.4348,2.80918
6.69,7,8.4477,2.80885
6.7,7,8.46059,2.80852
6.71,7,8.47349,2.80819
6.72,7,8.48638,2.80787
6.73,7,8.49927,2.80754
6.74,7,8.51216,2.80721
6.75,7,8.52504,2.80688
6.76,7,8.53793,2.80656
6.77,7,8.55081,2.80623
6.78,7,8.56369,2.8059
6.79,7,8.57657,2.80557
6.8,7,8.58945,2.80524
6.81,7,8.60233,2.80492
6.82,7,8.6152,2.80459
6.83,7,8.62807,2.80426
6.84,7,8.64095,2.80393
6.85,7,8.65381,2.80361
6.86,7,8.66668,2.80328
6.87,7,8.67955,2.80296
6.88,7,8.69241,2.80263
6.89,7,8.70527,2.8023
6.9,7,8.71813,2.80198
6.91,7,8.73099,2.80165
6.92,7,8.74385,2.80132
6.93,7,8.7567,2.80099
6.94,7,8.76955,2.80067
6.95,7,8.7824,2.80034
6.96,7,8.79525,2.80001
6.97,7,8.8081,2.79968
6.98,7,8.82095,2.79935
6.99,7,8.83379,2.79902
7,7,8.84663,2.79869
7.01,7,8.85948,2.79835
7.02,7,8.87231,2.79802
7.03,7,8.88515,2.79769
7.04,7,8.89799,2.79736
7.05,7,8.91082,2.79703
7.06,7,8.92365,2.79669
7.07,7,8.93648,2.79636
7.08,7,8.94931,2.79603
7.09,7,8.96214,2.79569
7.1,7,8.97496,2.79536
7.11,7,8.98778,2.79503
7.12,7,9.0006,2.79469
7.13,7,9.01342,2.79436
7.14,7,9.02624,2.79402
7.15,7,9.03906,2.79368
7.16,7,9.05187,2.79334
7.17,7,9.06468,2.79299
7.18,7,9.07749,2.79265
7.19,7,9.0903,2.7923
7.2,7,9.10311,2.79195
7.21,7,9.11591,2.7916
7.22,7,9.12872,2.79125
7.23,7,9.14152,2.7909
7.24,7,9.15432,2.79054
7.25,7,9.16712,2.79018
7.26,7,9.17992,2.78983
7.27,7,9.19271,2.78946
7.28,7,9.20551,2.7891
7.29,7,9.2183,2.78874
7.3,7,9.23109,2.78837
7.31,7,9.24388,2.788
7.32,7,9.25667,2.78763
7.33,7,9.26945,2.78726
7.34,7,9.28223,2.78688
7.35,7,9.29502,2.78651
7.36,7,9.3078,2.78613
7.37,7,9.32057,2.78574
7.38,7,9.33335,2.78536
7.39,7,9.34613,2.78497
7.4,7,9.3589,2.78458
7.41,7,9.37167,2.78419
7.42,7,9.38444,2.7838
7.43,7,9.39721,2.7834
7.44,7,9.40998,2.78301
7.45,7,9.42274,2.78261
7.46,7,9.4355,2.78222
7.47,7,9.44826,2.78182
7.48,7,9.46102,2.78142
7.49,7,9.47378,2.78102
7.5,7,9.48653,2.78061
7.51,7,9.49928,2.7802
7.52,7,9.51204,2.7798
7.53,7,9.52478,2.77939
7.54,7,9.53753,2.77898
7.55,7,9.55028,2.77856
7.56,7,9.56302,2.77815
7.57,7,9.57576,2.77773
7.58,7,9.5885,2.77731
7.59,7,9.60123,2.77689
7.6,7,9.61397,2.77647
7.61,7,9.6267,2.77604
7.62,7,9.63943,2.77561
7.63,7,9.65216,2.77518
7.64,7,9.66489,2.77475
7.65,7,9.67762,2.77432
7.66,7,9.69034,2.77388
7.67,7,9.70306,2.77344
7.68,7,9.71578,2.773
7.69,7,9.7285,2.77255
7.7,7,9.74121,2.7721
7.71,7,9.75393,2.77166
7.72,7,9.76664,2.77121
7.73,7,9.77934,2.77075
7.74,7,9.79205,2.7703
7.75,7,9.80475,2.76985
7.76,7,9.81746,2.7694
7.77,7,9.83015,2.76894
7.78,7,9.84285,2.76849
7.79,7,9.85555,2.76803
7.8,7,9.86824,2.76757
7.81,7,9.88093,2.76711
7.82,7,9.89362,2.76664
7.83,7,9.9063,2.76618
7.84,7,9.91898,2.76571
7.85,7,9.93167,2.76524
7.86,7,9.94434,2.76476
7.87,7,9.95702,2.76429
7.88,7,9.9697,2.76381
7.89,7,9.98237,2.76334
7.9,7,9.99504,2.76286
7.91,7,10.0077,2.76238
7.92,7,10.0204,2.76189
7.93,7,10.033,2.7614
7.94,7,10.0457,2.76091
7.95,7,10.0584,2.76041
7.96,7,10.071,2.75992
7.97,7,10.0837,2.75942
7.98,7,10.0963,2.75891
7.99,7,10.109,2.75841
8,7,10.1216,2.7579
8.01,7,10.1343,2.75739
8.02,7,10.1469,2.75687
8.03,7,10.1595,2.75636
8.04,7,10.1722,2.75584
8.05,7,10.1848,2.75532
8.06,7,10.1974,2.7548
8.07,7,10.2101,2.75428
8.08,7,10.2227,2.75375
8.09,7,10.2353,2.75322
8.1,7,10.248,2.75269
8.11,7,10.2606,2.75216
8.12,7,10.2732,2.75163
8.13,7,10.2858,2.75109
8.14,7,10.2984,2.75055
8.15,7,10.311,2.75001
8.16,7,10.3236,2.74947
8.17,7,10.3362,2.74892
8.18,7,10.3488,2.74838
8.19,7,10.3614,2.74783
8.2,7,10.374,2.74728
8.21,7,10.3866,2.74672
8.22,7,10.3992,2.74617
8.23,7,10.4118,2.74561
8.24,7,10.4244,2.74505
8.25,7,10.437,2.74448
8.26,7,10.4495,2.74391
8.27,7,10.4621,2.74334
8.28,7,10.4747,2.74276
8.29,7,10.4873,2.74219
8.3,7,10.4998,2.74161
8.31,7,10.5124,2.74103
8.32,7,10.525,2.74045
8.33,7,10.5375,2.73986
8.34,7,10.5501,2.73928
8.35,7,10.5626,2.73868
8.36,7,10.5752,2.73809
8.37,7,10.5877,2.73749
8.38,7,10.6003,2.73689
8.39,7,10.6128,2.73629
8.4,7,10.6254,2.73569
8.41,7,10.6379,2.73508
8.42,7,10.6504,2.73447
8.43,7,10.663,2.73387
8.44,7,10.6755,2.73325
8.45,7,10.688,2.73264
8.46,7,10.7005,2.73203
8.47,7,10.7131,2.73141
8.48,7,10.7256,2.73079
8.49,7,10.7381,2.73016
8.5,7,10.7506,2.72954
8.51,7,10.7631,2.72891
8.52,7,10.7756,2.72828
8.53,7,10.7881,2.72765
8.54,7,10.8006,2.72701
8.55,7,10.8131,2.72638
8.56,7,10.8256,2.72574
8.57,7,10.8381,2.72509
8.58,7,10.8505,2.72445
8.59,7,10.863,2.7238
8.6,7,10.8755,2.72315
8.61,7,10.888,2.72249
8.62,7,10.9004,2.72183
8.63,7,10.9129,2.72117
8.64,7,10.9254,2.72051
8.65,7,10.9378,2.71984
8.66,7,10.9503,2.71917
8.67,7,10.9627,2.7185
8.68,7,10.9752,2.71782
8.69,7,10.9876,2.71715
8.7,7,11.0001,2.71647
8.71,7,11.0125,2.71578
8.72,7,11.025,2.71509
8.73,7,11.0374,2.7144
8.74,7,11.0498,2.7137
8.75,7,11.0623,2.713
8.76,7,11.0747,2.71229
8.77,7,11.0871,2.71158
8.78,7,11.0995,2.71087
8.79,7,11.112,2.71015
8.8,7,11.1244,2.70943
8.81,7,11.1368,2.7087
8.82,7,11.1492,2.70798
8.83,7,11.1616,2.70724
8.84,7,11.174,2.70651
8.85,7,11.1864,2.70578
8.86,7,11.1988,2.70504
8.87,7,11.2112,2.70429
8.88,7,11.2236,2.70355
8.89,7,11.236,2.7028
8.9,7,11.2483,2.70205
8.91,7,11.2607,2.70129
8.92,7,11.2731,2.70053
8.93,7,11.2855,2.69978
8.94,7,11.2978,2.69902
8.95,7,11.3102,2.69825
8.96,7,11.3225,2.69748
8.97,7,11.3349,2.69671
8.98,7,11.3472,2.69593
8.99,7,11.3596,2.69515
9,7,11.3719,2.69437
9.01,7,11.3843,2.69358
9.02,7,11.3966,2.69279
9.03,7,11.409,2.69199
9.04,7,11.4213,2.69119
9.05,7,11.4336,2.69039
9.06,7,11.4459,2.68959
9.07,7,11.4583,2.68879
9.08,7,11.4706,2.68798
9.09,7,11.4829,2.68717
9.1,7,11.4952,2.68636
9.11,7,11.5075,2.68555
9.12,7,11.5198,2.68473
9.13,7,11.5321,2.68391
9.14,7,11.5444,2.68309
9.15,7,11.5566,2.68226
9.16,7,11.5689,2.68144
9.17,7,11.5812,2.6806
9.18,7,11.5935,2.67977
9.19,7,11.6057,2.67893
9.2,7,11.618,2.67809
9.21,7,11.6303,2.67724
9.22,7,11.6425,2.67639
9.23,7,11.6548,2.67553
9.24,7,11.667,2.67468
9.25,7,11.6793,2.67382
9.26,7,11.6915,2.67296
9.27,7,11.7038,2.67209
9.28,7,11.716,2.67122
9.29,7,11.7282,2.67035
9.3,7,11.7405,2.66947
9.31,7,11.7527,2.66859
9.32,7,11.7649,2.6677
9.33,7,11.7771,2.66681
9.34,7,11.7893,2.66591
9.35,7,11.8016,2.66502
9.36,7,11.8138,2.66412
9.37,7,11.826,2.66321
9.38,7,11.8382,2.6623
9.39,7,11.8504,2.66139
9.4,7,11.8626,2.66048
9.41,7,11.8748,2.65956
9.42,7,11.8869,2.65864
9.43,7,11.8991,2.65771
9.44,7,11.9113,2.65678
9.45,7,11.9235,2.65585
9.46,7,11.9356,2.65492
9.47,7,11.9478,2.65398
9.48,7,11.96,2.65304
9.49,7,11.9721,2.65209
9.5,7,11.9843,2.65114
9.51,7,11.9965,2.65019
9.52,7,12.0086,2.64924
9.53,7,12.0207,2.64828
9.54,7,12.0329,2.64732
9.55,7,12.045,2.64636
9.56,7,12.0572,2.6454
9.57,7,12.0693,2.64443
9.58,7,12.0814,2.64347
9.59,7,12.0935,2.6425
9.6,7,12.1056,2.64153
9.61,7,12.1177,2.64056
9.62,7,12.1299,2.63958
9.63,7,12.142,2.63861
9.64,7,12.1541,2.63763
9.65,7,12.1661,2.63665
9.66,7,12.1782,2.63567
9.67,7,12.1903,2.63468
9.68,7,12.2024,2.63369
9.69,7,12.2145,2.6327
9.7,7,12.2266,2.6317
9.71,7,12.2387,2.63071
9.72,7,12.2507,2.62971
9.73,7,12.2628,2.62871
9.74,7,12.2749,2.6277
9.75,7,12.2869,2.6267
9.76,7,12.299,2.62569
9.77,7,12.3111,2.62468
9.78,7,12.3231,2.62366
9.79,7,12.3352,2.62264
9.8,7,12.3472,2.62162
9.81,7,12.3593,2.6206
9.82,7,12.3713,2.61957
9.83,7,12.3834,2.61854
9.84,7,12.3954,2.61751
9.85,7,12.4075,2.61648
9.86,7,12.4195,2.61544
9.87,7,12.4315,2.6144
9.88,7,12.4436,2.61336
9.89,7,12.4556,2.61232
9.9,7,12.4677,2.61127
9.91,7,12.4797,2.61023
9.92,7,12.4917,2.60918
9.93,7,12.5038,2.60813
9.94,7,12.5158,2.60708
9.95,7,12.5278,2.60603
9.96,7,12.5399,2.60497
9.97,7,12.5519,2.60392
9.98,7,12.5639,2.60286
9.99,7,12.5759,2.6018
10,7,12.588,2.60074
10.01,7,12.6,2.59968
10.02,7,12.612,2.59862
10.03,7,12.624,2.59755
10.04,7,12.6361,2.59649
10.05,7,12.6481,2.59542
10.06,7,12.6601,2.59435
10.07,7,12.6721,2.59329
10.08,7,12.6841,2.59222
10.09,7,12.6962,2.59115
10.1,7,12.7082,2.59008
10.11,7,12.7202,2.58901
10.12,7,12.7322,2.58794
10.13,7,12.7443,2.58687
10.14,7,12.7563,2.58579
10.15,7,12.7683,2.58472
10.16,7,12.7804,2.58365
10.17,7,12.7924,2.58258
10.18,7,12.8044,2.5815
10.19,7,12.8164,2.58043
10.2,7,12.8285,2.57935
10.21,7,12.8405,2.57828
10.22,7,12.8526,2.57721
10.23,7,12.8646,2.57615
10.24,7,12.8766,2.57508
10.25,7,12.8887,2.57401
10.26,7,12.9007,2.57295
10.27,7,12.9128,2.57188
10.28,7,12.9248,2.57082
10.29,7,12.9369,2.56976
10.3,7,12.9489,2.5687
10.31,7,12.961,2.56764
10.32,7,12.973,2.56659
10.33,7,12.9851,2.56553
10.34,7,12.9972,2.56448
10.35,7,13.0093,2.56343
10.36,7,13.0213,2.56238
10.37,7,13.0334,2.56134
10.38,7,13.0455,2.5603
10.39,7,13.0576,2.55926
10.4,7,13.0697,2.55822
10.41,7,13.0818,2.55719
10.42,7,13.0939,2.55616
10.43,7,13.106,2.55513
10.44,7,13.1181,2.55412
10.45,7,13.1302,2.5531
10.46,7,13.1423,2.55209
10.47,7,13.1544,2.55108
10.48,7,13.1665,2.55008
10.49,7,13.1786,2.54909
10.5,7,13.1907,2.5481
10.51,7,13.2028,2.54712
10.52,7,13.2149,2.54615
10.53,7,13.227,2.54518
10.54,7,13.2391,2.54423
10.55,7,13.2512,2.54328
10.56,7,13.2633,2.54235
10.57,7,13.2754,2.54142
10.58,7,13.2875,2.54051
10.59,7,13.2995,2.53961
10.6,7,13.3116,2.53874
10.61,7,13.3236,2.53787
10.62,7,13.3357,2.53702
10.63,7,13.3477,2.53619
10.64,7,13.3597,2.53538
10.65,7,13.3716,2.53459
10.66,7,13.3836,2.53383
10.67,7,13.3955,2.5331
10.68,7,13.4074,2.53239
10.69,7,13.4193,2.53171
10.7,7,13.4311,2.53105
10.71,7,13.4429,2.53044
10.72,7,13.4546,2.52985
10.73,7,13.4663,2.52932
10.74,7,13.478,2.52882
10.75,7,13.4896,2.52836
10.76,7,13.5011,2.52796
10.77,7,13.5126,2.52759
10.78,7,13.524,2.52729
10.79,7,13.5354,2.52704
10.8,7,13.5467,2.52685
10.81,7,13.5579,2.52672
10.82,7,13.569,2.52665
10.83,7,13.5801,2.52664
10.84,7,13.591,2.5267
10.85,7,13.6019,2.52683
10.86,7,13.6127,2.52704
10.87,7,13.6234,2.52732
10.88,7,13.634,2.52768
10.89,7,13.6445,2.52811
10.9,7,13.655,2.52862
10.91,7,13.6653,2.52922
10.92,7,13.6755,2.52991
10.93,7,13.6856,2.53066
10.94,7,13.6956,2.53148
10.95,7,13.7055,2.53239
10.96,7,13.7153,2.53335
10.97,7,13.7251,2.5344
10.98,7,13.7347,2.53552
10.99,7,13.7443,2.53669
11,7,13.7538,2.53792
11.01,7,13.7631,2.53922
11.02,7,13.7725,2.54056
11.03,7,13.7817,2.54196
11.04,7,13.7909,2.5434
11.05,7,13.8,2.54488
11.06,7,13.809,2.5464
11.07,7,13.818,2.54794
11.08,7,13.827,2.5495
11.09,7,13.8358,2.55108
11.1,7,13.8447,2.55269
11.11,7,13.8534,2.55431
11.12,7,13.8622,2.55594
11.13,7,13.8708,2.55757
11.14,7,13.8795,2.55922
11.15,7,13.888,2.56088
11.16,7,13.8966,2.56254
11.17,7,13.905,2.56421
11.18,7,13.9135,2.56586
11.19,7,13.9218,2.56752
11.2,7,13.9302,2.56916
11.21,7,13.9385,2.57081
11.22,7,13.9467,2.57244
11.23,7,13.9549,2.57406
11.24,7,13.963,2.57568
11.25,7,13.9711,2.57728
11.26,7,13.9791,2.57887
11.27,7,13.987,2.58046
11.28,7,13.9949,2.58203
11.29,7,14.0027,2.5836
11.3,7,14.0105,2.58516
11.31,7,14.0182,2.58671
11.32,7,14.0258,2.58826
11.33,7,14.0333,2.5898
11.34,7,14.0407,2.59133
11.35,7,14.0481,2.59284
11.36,7,14.0553,2.59434
11.37,7,14.0625,2.59582
11.38,7,14.0696,2.5973
11.39,7,14.0766,2.59876
11.4,7,14.0836,2.6002
11.41,7,14.0904,2.60162
11.42,7,14.0971,2.60303
11.43,7,14.1037,2.6044
11.44,7,14.1103,2.60575
11.45,7,14.1167,2.60706
11.46,7,14.1231,2.60834
11.47,7,14.1293,2.60959
11.48,7,14.1355,2.6108
11.49,7,14.1416,2.61196
11.5,7,14.1475,2.61307
11.51,7,14.1534,2.61414
11.52,7,14.1592,2.61515
11.53,7,14.1648,2.6161
11.54,7,14.1704,2.61699
11.55,7,14.1759,2.61781
11.56,7,14.1813,2.61857
11.57,7,14.1867,2.61924
11.58,7,14.1919,2.61984
11.59,7,14.197,2.62036
11.6,7,14.2021,2.62079
11.61,7,14.207,2.62114
11.62,7,14.2119,2.62141
11.63,7,14.2167,2.62158
11.64,7,14.2214,2.62167
11.65,7,14.226,2.62167
11.66,7,14.2306,2.62158
11.67,7,14.235,2.6214
11.68,7,14.2394,2.62113
11.69,7,14.2437,2.62077
11.7,7,14.2479,2.62032
11.71,7,14.252,2.61978
11.72,7,14.256,2.61914
11.73,7,14.26,2.61842
11.74,7,14.2639,2.6176
11.75,7,14.2677,2.6167
11.76,7,14.2715,2.61572
11.77,7,14.2752,2.61465
11.78,7,14.2788,2.6135
11.79,7,14.2824,2.61226
11.8,7,14.2859,2.61095
11.81,7,14.2893,2.60956
11.82,7,14.2927,2.6081
11.83,7,14.296,2.60658
11.84,7,14.2993,2.60499
11.85,7,14.3025,2.60334
11.86,7,14.3057,2.60164
11.87,7,14.3088,2.59988
11.88,7,14.3119,2.59808
11.89,7,14.315,2.59624
11.9,7,14.318,2.59436
11.91,7,14.3209,2.59245
11.92,7,14.3239,2.59051
11.93,7,14.3268,2.58856
11.94,7,14.3296,2.58658
11.95,7,14.3324,2.5846
11.96,7,14.3353,2.58261
11.97,7,14.338,2.58062
11.98,7,14.3408,2.57863
11.99,7,14.3435,2.57665
12,7,14.3462,2.57468
12.01,7,14.3489,2.57273
12.02,7,14.3516,2.57081
12.03,7,14.3543,2.56891
12.04,7,14.3569,2.56705
12.05,7,14.3595,2.56522
12.06,7,14.3622,2.56343
12.07,7,14.3648,2.56168
12.08,7,14.3674,2.55997
12.09,7,14.37,2.5583
12.1,7,14.3726,2.55668
12.11,7,14.3752,2.5551
12.12,7,14.3778,2.55356
12.13,7,14.3804,2.55208
12.14,7,14.383,2.55063
12.15,7,14.3856,2.54924
12.16,7,14.3882,2.54789
12.17,7,14.3908,2.54658
12.18,7,14.3934,2.54533
12.19,7,14.396,2.54411
12.2,7,14.3986,2.54294
12.21,7,14.4013,2.54181
12.22,7,14.4039,2.54071
12.23,7,14.4066,2.53965
12.24,7,14.4092,2.53862
12.25,7,14.4119,2.53762
12.26,7,14.4146,2.53666
12.27,7,14.4172,2.53571
12.28,7,14.4199,2.53478
12.29,7,14.4226,2.53387
12.3,7,14.4253,2.53298
12.31,7,14.4281,2.53209
12.32,7,14.4308,2.53122
12.33,7,14.4335,2.53036
12.34,7,14.4362,2.52949
12.35,7,14.439,2.52863
12.36,7,14.4417,2.52777
12.37,7,14.4444,2.52691
12.38,7,14.4471,2.52604
12.39,7,14.4499,2.52516
12.4,7,14.4526,2.52427
12.41,7,14.4553,2.52336
12.42,7,14.458,2.52244
12.43,7,14.4606,2.5215
12.44,7,14.4633,2.52054
12.45,7,14.466,2.51956
12.46,7,14.4686,2.51855
12.47,7,14.4712,2.51752
12.48,7,14.4738,2.51645
12.49,7,14.4764,2.51536
12.5,7,14.4789,2.51424
12.51,7,14.4814,2.51308
12.52,7,14.4839,2.51189
12.53,7,14.4863,2.51067
12.54,7,14.4887,2.50941
12.55,7,14.4911,2.50811
12.56,7,14.4934,2.50678
12.57,7,14.4957,2.50541
12.58,7,14.498,2.50401
12.59,7,14.5002,2.50257
12.6,7,14.5023,2.50111
12.61,7,14.5043,2.49961
12.62,7,14.5064,2.4981
12.63,7,14.5083,2.49656
12.64,7,14.5101,2.49501
12.65,7,14.5119,2.49345
12.66,7,14.5136,2.49189
12.67,7,14.5152,2.49033
12.68,7,14.5167,2.48877
12.69,7,14.5181,2.48723
12.7,7,14.5194,2.4857
12.71,7,14.5205,2.4842
12.72,7,14.5216,2.48272
12.73,7,14.5225,2.48127
12.74,7,14.5234,2.47985
12.75,7,14.5241,2.47847
12.76,7,14.5247,2.47714
12.77,7,14.5252,2.47584
12.78,7,14.5256,2.4746
12.79,7,14.5259,2.4734
12.8,7,14.526,2.47225
12.81,7,14.5261,2.47116
12.82,7,14.5261,2.47011
12.83,7,14.526,2.46911
12.84,7,14.5258,2.46817
12.85,7,14.5255,2.46728
12.86,7,14.5251,2.46644
12.87,7,14.5247,2.46565
12.88,7,14.5242,2.46492
12.89,7,14.5236,2.46425
12.9,7,14.523,2.46363
12.91,7,14.5223,2.46307
12.92,7,14.5216,2.46257
12.93,7,14.5208,2.46213
12.94,7,14.52,2.46176
12.95,7,14.5191,2.46144
12.96,7,14.5182,2.46119
12.97,7,14.5172,2.461
12.98,7,14.5162,2.46087
12.99,7,14.5152,2.46081
13,7,14.5141,2.4608
13.01,7,14.513,2.46085
13.02,7,14.5118,2.46095
13.03,7,14.5106,2.4611
13.04,7,14.5094,2.4613
13.05,7,14.5081,2.46154
13.06,7,14.5069,2.46181
13.07,7,14.5056,2.46212
13.08,7,14.5043,2.46245
13.09,7,14.503,2.46281
13.1,7,14.5018,2.46319
13.11,7,14.5005,2.46359
13.12,7,14.4992,2.464
13.13,7,14.4979,2.46442
13.14,7,14.4966,2.46486
13.15,7,14.4954,2.4653
13.16,7,14.4941,2.46575
13.17,7,14.4929,2.4662
13.18,7,14.4916,2.46666
13.19,7,14.4904,2.46712
13.2,7,14.4892,2.46758
13.21,7,14.4881,2.46804
13.22,7,14.4869,2.46849
13.23,7,14.4857,2.46894
13.24,7,14.4846,2.46938
13.25,7,14.4835,2.46981
13.26,7,14.4824,2.47023
13.27,7,14.4813,2.47064
13.28,7,14.4802,2.47103
13.29,7,14.4792,2.4714
13.3,7,14.4782,2.47175
13.31,7,14.4772,2.47207
13.32,7,14.4762,2.47237
13.33,7,14.4752,2.47264
13.34,7,14.4743,2.47288
13.35,7,14.4734,2.47309
13.36,7,14.4725,2.47326
13.37,7,14.4717,2.47339
13.38,7,14.4709,2.47349
13.39,7,14.4701,2.47355
13.4,7,14.4693,2.47357
13.41,7,14.4686,2.47354
13.42,7,14.4679,2.47348
13.43,7,14.4673,2.47338
13.44,7,14.4666,2.47324
13.45,7,14.466,2.47306
13.46,7,14.4655,2.47284
13.47,7,14.4649,2.47258
13.48,7,14.4644,2.47229
13.49,7,14.4639,2.47196
13.5,7,14.4634,2.4716
13.51,7,14.4629,2.47121
13.52,7,14.4625,2.47079
13.53,7,14.4621,2.47034
13.54,7,14.4617,2.46987
13.55,7,14.4613,2.46936
13.56,7,14.4609,2.46884
13.57,7,14.4605,2.46829
13.58,7,14.4601,2.46772
13.59,7,14.4598,2.46713
13.6,7,14.4594,2.46652
13.61,7,14.4591,2.4659
13.62,7,14.4587,2.46526
13.63,7,14.4584,2.4646
13.64,7,14.4581,2.46394
13.65,7,14.4577,2.46326
13.66,7,14.4574,2.46257
13.67,7,14.4571,2.46187
13.68,7,14.4567,2.46117
13.69,7,14.4564,2.46046
13.7,7,14.4561,2.45974
13.71,7,14.4558,2.45902
13.72,7,14.4554,2.45829
13.73,7,14.4551,2.45756
13.74,7,14.4548,2.45683
13.75,7,14.4545,2.4561
13.76,7,14.4542,2.45536
13.77,7,14.4539,2.45463
13.78,7,14.4536,2.45389
13.79,7,14.4533,2.45316
13.8,7,14.453,2.45242
13.81,7,14.4527,2.45169
13.82,7,14.4524,2.45095
13.83,7,14.4521,2.45022
13.84,7,14.4518,2.4495
13.85,7,14.4515,2.44879
13.86,7,14.4512,2.44808
13.87,7,14.4509,2.44739
13.88,7,14.4506,2.44671
13.89,7,14.4503,2.44604
13.9,7,14.45,2.44538
13.91,7,14.4497,2.44474
13.92,7,14.4493,2.44411
13.93,7,14.449,2.4435
13.94,7,14.4486,2.44291
13.95,7,14.4482,2.44232
13.96,7,14.4478,2.44176
13.97,7,14.4475,2.44121
13.98,7,14.447,2.44067
13.99,7,14.4466,2.44016
14,7,14.4462,2.43965
14.01,7,14.4458,2.43916
14.02,7,14.4453,2.43868
14.03,7,14.4449,2.43821
14.04,7,14.4444,2.43775
14.05,7,14.4439,2.43731
14.06,7,14.4434,2.43687
14.07,7,14.443,2.43644
14.08,7,14.4425,2.43601
14.09,7,14.442,2.43559
14.1,7,14.4415,2.43517
14.11,7,14.441,2.43475
14.12,7,14.4405,2.43434
14.13,7,14.44,2.43392
14.14,7,14.4395,2.4335
14.15,7,14.4389,2.43308
14.16,7,14.4384,2.43266
14.17,7,14.4379,2.43224
14.18,7,14.4374,2.43181
14.19,7,14.4369,2.43138
14.2,7,14.4363,2.43096
14.21,7,14.4358,2.43052
14.22,7,14.4353,2.43008
14.23,7,14.4347,2.42964
14.24,7,14.4342,2.4292
14.25,7,14.4336,2.42875
14.26,7,14.4331,2.42829
14.27,7,14.4325,2.42783
14.28,7,14.4319,2.42736
14.29,7,14.4314,2.42688
14.3,7,14.4308,2.42639
14.31,7,14.4303,2.4259
14.32,7,14.4297,2.42539
14.33,7,14.4292,2.42487
14.34,7,14.4287,2.42434
14.35,7,14.4281,2.4238
14.36,7,14.4276,2.42325
14.37,7,14.4271,2.42268
14.38,7,14.4266,2.4221
14.39,7,14.4261,2.42151
14.4,7,14.4256,2.42091
14.41,7,14.4251,2.4203
14.42,7,14.4246,2.41967
14.43,7,14.4242,2.41904
14.44,7,14.4237,2.4184
14.45,7,14.4233,2.41774
14.46,7,14.4228,2.41708
14.47,7,14.4224,2.41641
14.48,7,14.422,2.41573
14.49,7,14.4216,2.41505
14.5,7,14.4212,2.41435
14.51,7,14.4208,2.41366
14.52,7,14.4204,2.41295
14.53,7,14.42,2.41224
14.54,7,14.4196,2.41152
14.55,7,14.4192,2.41079
14.56,7,14.4189,2.41006
14.57,7,14.4185,2.40932
14.58,7,14.4182,2.40858
14.59,7,14.4179,2.40783
14.6,7,14.4176,2.40707
14.61,7,14.4173,2.40631
14.62,7,14.417,2.40555
14.63,7,14.4167,2.40479
14.64,7,14.4164,2.40403
14.65,7,14.4161,2.40326
14.66,7,14.4158,2.4025
14.67,7,14.4156,2.40174
14.68,7,14.4153,2.40098
14.69,7,14.415,2.40021
14.7,7,14.4148,2.39945
14.71,7,14.4145,2.39869
14.72,7,14.4143,2.39793
14.73,7,14.414,2.39718
14.74,7,14.4138,2.39643
14.75,7,14.4136,2.39568
14.76,7,14.4133,2.39494
14.77,7,14.4131,2.3942
14.78,7,14.4129,2.39347
14.79,7,14.4126,2.39274
14.8,7,14.4124,2.39202
14.81,7,14.4122,2.39131
14.82,7,14.4119,2.3906
14.83,7,14.4117,2.3899
14.84,7,14.4115,2.3892
14.85,7,14.4112,2.38851
14.86,7,14.411,2.38783
14.87,7,14.4107,2.38715
14.88,7,14.4105,2.38648
14.89,7,14.4102,2.38581
14.9,7,14.41,2.38515
14.91,7,14.4097,2.3845
14.92,7,14.4094,2.38386
14.93,7,14.4091,2.38322
14.94,7,14.4089,2.38258
14.95,7,14.4086,2.38195
14.96,7,14.4083,2.38133
14.97,7,14.408,2.38072
14.98,7,14.4076,2.38011
14.99,7,14.4073,2.37951
15,7,14.407,2.37891
15.01,7,14.4066,2.37832
15.02,7,14.4063,2.37774
15.03,7,14.4059,2.37715
15.04,7,14.4055,2.37658
15.05,7,14.4052,2.376
15.06,7,14.4048,2.37544
15.07,7,14.4044,2.37487
15.08,7,14.404,2.37432
15.09,7,14.4035,2.37376
15.1,7,14.4031,2.37321
15.11,7,14.4027,2.37267
15.12,7,14.4022,2.37213
15.13,7,14.4018,2.3716
15.14,7,14.4013,2.37107
15.15,7,14.4009,2.37054
15.16,7,14.4004,2.37002
15.17,7,14.3999,2.3695
15.18,7,14.3994,2.36899
15.19,7,14.3989,2.36848
15.2,7,14.3984,2.36798
15.21,7,14.3979,2.36748
15.22,7,14.3974,2.36699
15.23,7,14.3969,2.3665
15.24,7,14.3964,2.36602
15.25,7,14.3959,2.36554
15.26,7,14.3953,2.36507
15.27,7,14.3948,2.3646
15.28,7,14.3943,2.36414
15.29,7,14.3937,2.36369
15.3,7,14.3932,2.36324
15.31,7,14.3927,2.36281
15.32,7,14.3922,2.36238
15.33,7,14.3916,2.36195
15.34,7,14.3911,2.36154
15.35,7,14.3906,2.36113
15.36,7,14.39,2.36074
15.37,7,14.3895,2.36035
15.38,7,14.389,2.35997
15.39,7,14.3885,2.3596
15.4,7,14.388,2.35925
15.41,7,14.3875,2.3589
15.42,7,14.387,2.35857
15.43,7,14.3865,2.35825
15.44,7,14.386,2.35794
15.45,7,14.3855,2.35764
15.46,7,14.3851,2.35736
15.47,7,14.3846,2.35709
15.48,7,14.3842,2.35684
15.49,7,14.3837,2.3566
15.5,7,14.3833,2.35638
15.51,7,14.3829,2.35617
15.52,7,14.3825,2.35598
15.53,7,14.3821,2.3558
15.54,7,14.3817,2.35564
15.55,7,14.3813,2.35549
15.56,7,14.3809,2.35537
15.57,7,14.3806,2.35526
15.58,7,14.3802,2.35516
15.59,7,14.3799,2.35508
15.6,7,14.3796,2.35502
15.61,7,14.3793,2.35497
15.62,7,14.379,2.35494
15.63,7,14.3787,2.35492
15.64,7,14.3784,2.35492
15.65,7,14.3782,2.35494
15.66,7,14.3779,2.35497
15.67,7,14.3777,2.35502
15.68,7,14.3775,2.35508
15.69,7,14.3773,2.35515
15.7,7,14.3771,2.35524
15.71,7,14.3769,2.35534
15.72,7,14.3768,2.35545
15.73,7,14.3766,2.35557
15.74,7,14.3765,2.3557
15.75,7,14.3764,2.35584
15.76,7,14.3763,2.35599
15.77,7,14.3762,2.35615
15.78,7,14.3761,2.35631
15.79,7,14.376,2.35648
15.8,7,14.376,2.35665
15.81,7,14.3759,2.35683
15.82,7,14.3759,2.35702
15.83,7,14.3758,2.3572
15.84,7,14.3758,2.35739
15.85,7,14.3758,2.35757
15.86,7,14.3758,2.35776
15.87,7,14.3758,2.35794
15.88,7,14.3758,2.35813
15.89,7,14.3758,2.35831
15.9,7,14.3759,2.35849
15.91,7,14.3759,2.35866
15.92,7,14.3759,2.35884
15.93,7,14.376,2.359
15.94,7,14.376,2.35916
15.95,7,14.3761,2.35932
15.96,7,14.3762,2.35947
15.97,7,14.3763,2.35961
15.98,7,14.3764,2.35974
15.99,7,14.3765,2.35987
16,7,14.3766,2.35999
16.01,7,14.3767,2.3601
16.02,7,14.3768,2.3602
16.03,7,14.3769,2.36029
16.04,7,14.377,2.36038
16.05,7,14.3772,2.36046
16.06,7,14.3773,2.36053
16.07,7,14.3775,2.36059
16.08,7,14.3776,2.36065
16.09,7,14.3778,2.3607
16.1,7,14.378,2.36074
16.11,7,14.3781,2.36077
16.12,7,14.3783,2.3608
16.13,7,14.3785,2.36082
16.14,7,14.3787,2.36084
16.15,7,14.3789,2.36085
16.16,7,14.3791,2.36085
16.17,7,14.3793,2.36086
16.18,7,14.3795,2.36086
16.19,7,14.3798,2.36086
16.2,7,14.38,2.36086
16.21,7,14.3802,2.36086
16.22,7,14.3805,2.36086
16.23,7,14.3807,2.36085
16.24,7,14.381,2.36085
16.25,7,14.3813,2.36085
16.26,7,14.3815,2.36085
16.27,7,14.3818,2.36084
16.28,7,14.3821,2.36084
16.29,7,14.3824,2.36085
16.3,7,14.3827,2.36086
16.31,7,14.383,2.36087
16.32,7,14.3833,2.36089
16.33,7,14.3836,2.36092
16.34,7,14.3839,2.36095
16.35,7,14.3843,2.36099
16.36,7,14.3846,2.36103
16.37,7,14.3849,2.36109
16.38,7,14.3853,2.36114
16.39,7,14.3856,2.36121
16.4,7,14.386,2.36128
16.41,7,14.3863,2.36136
16.42,7,14.3867,2.36145
16.43,7,14.3871,2.36154
16.44,7,14.3874,2.36165
16.45,7,14.3878,2.36176
16.46,7,14.3882,2.36188
16.47,7,14.3885,2.36201
16.48,7,14.3889,2.36215
16.49,7,14.3893,2.3623
16.5,7,14.3897,2.36245
16.51,7,14.39,2.36262
16.52,7,14.3904,2.36279
16.53,7,14.3908,2.36296
16.54,7,14.3912,2.36315
16.55,7,14.3916,2.36334
16.56,7,14.392,2.36353
16.57,7,14.3923,2.36374
16.58,7,14.3927,2.36395
16.59,7,14.3931,2.36417
16.6,7,14.3935,2.36439
16.61,7,14.3938,2.36462
16.62,7,14.3942,2.36485
16.63,7,14.3946,2.36509
16.64,7,14.3949,2.36533
16.65,7,14.3953,2.36558
16.66,7,14.3956,2.36583
16.67,7,14.396,2.36608
16.68,7,14.3963,2.36634
16.69,7,14.3967,2.3666
16.7,7,14.397,2.36686
16.71,7,14.3973,2.36713
16.72,7,14.3977,2.3674
16.73,7,14.398,2.36767
16.74,7,14.3983,2.36794
16.75,7,14.3986,2.36821
16.76,7,14.3989,2.36848
16.77,7,14.3992,2.36874
16.78,7,14.3995,2.36901
16.79,7,14.3997,2.36928
16.8,7,14.4,2.36954
16.81,7,14.4003,2.36981
16.82,7,14.4005,2.37007
16.83,7,14.4008,2.37033
16.84,7,14.401,2.3706
16.85,7,14.4013,2.37086
16.86,7,14.4015,2.37112
16.87,7,14.4017,2.37139
16.88,7,14.402,2.37164
16.89,7,14.4022,2.3719
16.9,7,14.4024,2.37215
16.91,7,14.4026,2.3724
16.92,7,14.4028,2.37265
16.93,7,14.403,2.3729
16.94,7,14.4032,2.37315
16.95,7,14.4034,2.37339
16.96,7,14.4035,2.37364
16.97,7,14.4037,2.37388
16.98,7,14.4039,2.37412
16.99,7,14.404,2.37436
17,7,14.4042,2.37459
17.01,7,14.4044,2.37483
17.02,7,14.4045,2.37506
17.03,7,14.4047,2.37529
17.04,7,14.4048,2.37553
17.05,7,14.405,2.37576
17.06,7,14.4051,2.37599
17.07,7,14.4053,2.37621
17.08,7,14.4054,2.37644
17.09,7,14.4055,2.37667
17.1,7,14.4057,2.37689
17.11,7,14.4058,2.37711
17.12,7,14.406,2.37734
17.13,7,14.4061,2.37756
17.14,7,14.4062,2.37779
17.15,7,14.4064,2.37801
17.16,7,14.4065,2.37824
17.17,7,14.4066,2.37846
17.18,7,14.4068,2.37868
17.19,7,14.4069,2.37891
17.2,7,14.407,2.37913
17.21,7,14.4072,2.37935
17.22,7,14.4073,2.37957
17.23,7,14.4075,2.3798
17.24,7,14.4076,2.38002
17.25,7,14.4077,2.38024
17.26,7,14.4079,2.38046
17.27,7,14.408,2.38069
17.28,7,14.4081,2.38091
17.29,7,14.4083,2.38113
17.3,7,14.4084,2.38135
17.31,7,14.4086,2.38157
17.32,7,14.4087,2.38179
17.33,7,14.4088,2.382
17.34,7,14.409,2.38222
17.35,7,14.4091,2.38244
17.36,7,14.4093,2.38266
17.37,7,14.4094,2.38287
17.38,7,14.4095,2.38308
17.39,7,14.4097,2.38329
17.4,7,14.4098,2.3835
17.41,7,14.41,2.38371
17.42,7,14.4101,2.38392
17.43,7,14.4103,2.38412
17.44,7,14.4104,2.38432
17.45,7,14.4106,2.38452
17.46,7,14.4107,2.38472
17.47,7,14.4109,2.38491
17.48,7,14.411,2.3851
17.49,7,14.4112,2.38529
17.5,7,14.4113,2.38548
17.51,7,14.4115,2.38566
17.52,7,14.4116,2.38584
17.53,7,14.4118,2.38602
17.54,7,14.4119,2.38619
17.55,7,14.412,2.38636
17.56,7,14.4122,2.38653
17.57,7,14.4123,2.38669
17.58,7,14.4125,2.38686
17.59,7,14.4126,2.38701
17.6,7,14.4128,2.38717
17.61,7,14.4129,2.38732
17.62,7,14.413,2.38747
17.63,7,14.4132,2.38761
17.64,7,14.4133,2.38775
17.65,7,14.4134,2.38789
17.66,7,14.4136,2.38802
17.67,7,14.4137,2.38815
17.68,7,14.4138,2.38828
17.69,7,14.414,2.3884
17.7,7,14.4141,2.38852
17.71,7,14.4142,2.38864
17.72,7,14.4143,2.38876
17.73,7,14.4145,2.38887
17.74,7,14.4146,2.38898
17.75,7,14.4147,2.38909
17.76,7,14.4148,2.38919
17.77,7,14.4149,2.3893
17.78,7,14.415,2.3894
17.79,7,14.4152,2.3895
17.8,7,14.4153,2.38959
17.81,7,14.4154,2.38969
17.82,7,14.4155,2.38978
17.83,7,14.4156,2.38987
17.84,7,14.4157,2.38997
17.85,7,14.4158,2.39005
17.86,7,14.4159,2.39014
17.87,7,14.416,2.39023
17.88,7,14.4161,2.39032
17.89,7,14.4161,2.3904
17.9,7,14.4162,2.39049
17.91,7,14.4163,2.39058
17.92,7,14.4164,2.39066
17.93,7,14.4165,2.39075
17.94,7,14.4166,2.39083
17.95,7,14.4166,2.39092
17.96,7,14.4167,2.391
17.97,7,14.4168,2.39108
17.98,7,14.4169,2.39117
17.99,7,14.417,2.39125
18,7,14.417,2.39134
18.01,7,14.4171,2.39143
18.02,7,14.4172,2.39151
18.03,7,14.4172,2.3916
18.04,7,14.4173,2.39168
18.05,7,14.4174,2.39177
18.06,7,14.4174,2.39185
18.07,7,14.4175,2.39193
18.08,7,14.4176,2.39202
18.09,7,14.4176,2.3921
18.1,7,14.4177,2.39219
18.11,7,14.4177,2.39227
18.12,7,14.4178,2.39236
18.13,7,14.4179,2.39244
18.14,7,14.4179,2.39252
18.15,7,14.418,2.3926
18.16,7,14.418,2.39269
18.17,7,14.4181,2.39277
18.18,7,14.4182,2.39285
18.19,7,14.4182,2.39293
18.2,7,14.4183,2.39301
18.21,7,14.4183,2.39309
18.22,7,14.4184,2.39317
18.23,7,14.4185,2.39324
18.24,7,14.4185,2.39332
18.25,7,14.4186,2.3934
18.26,7,14.4186,2.39348
18.27,7,14.4187,2.39355
18.28,7,14.4187,2.39363
18.29,7,14.4188,2.3937
18.3,7,14.4189,2.39377
18.31,7,14.4189,2.39384
18.32,7,14.419,2.39391
18.33,7,14.419,2.39398
18.34,7,14.4191,2.39405
18.35,7,14.4192,2.39411
18.36,7,14.4192,2.39418
18.37,7,14.4193,2.39425
18.38,7,14.4193,2.39431
18.39,7,14.4194,2.39438
18.4,7,14.4194,2.39444
18.41,7,14.4195,2.3945
18.42,7,14.4196,2.39455
18.43,7,14.4196,2.39461
18.44,7,14.4197,2.39467
18.45,7,14.4198,2.39472
18.46,7,14.4198,2.39478
18.47,7,14.4199,2.39483
18.48,7,14.4199,2.39488
18.49,7,14.42,2.39493
18.5,7,14.4201,2.39498
18.51,7,14.4201,2.39502
18.52,7,14.4202,2.39507
18.53,7,14.4203,2.39511
18.54,7,14.4203,2.39515
18.55,7,14.4204,2.39519
18.56,7,14.4204,2.39524
18.57,7,14.4205,2.39528
18.58,7,14.4206,2.39531
18.59,7,14.4206,2.39535
18.6,7,14.4207,2.39538
18.61,7,14.4208,2.39542
18.62,7,14.4208,2.39545
18.63,7,14.4209,2.39548
18.64,7,14.421,2.39551
18.65,7,14.4211,2.39554
18.66,7,14.4211,2.39557
18.67,7,14.4212,2.3956
18.68,7,14.4213,2.39563
18.69,7,14.4213,2.39566
18.7,7,14.4214,2.39569
18.71,7,14.4215,2.39572
18.72,7,14.4215,2.39574
18.73,7,14.4216,2.39577
18.74,7,14.4217,2.39579
18.75,7,14.4217,2.39582
18.76,7,14.4218,2.39584
18.77,7,14.4219,2.39587
18.78,7,14.4219,2.39589
18.79,7,14.422,2.39592
18.8,7,14.4221,2.39594
18.81,7,14.4222,2.39597
18.82,7,14.4222,2.39599
18.83,7,14.4223,2.39602
18.84,7,14.4224,2.39604
18.85,7,14.4224,2.39607
18.86,7,14.4225,2.39609
18.87,7,14.4226,2.39612
18.88,7,14.4226,2.39614
18.89,7,14.4227,2.39617
18.9,7,14.4228,2.39619
18.91,7,14.4229,2.39622
18.92,7,14.4229,2.39625
18.93,7,14.423,2.39628
18.94,7,14.4231,2.39631
18.95,7,14.4231,2.39634
18.96,7,14.4232,2.39637
18.97,7,14.4232,2.3964
18.98,7,14.4233,2.39644
18.99,7,14.4234,2.39647
19,7,14.4234,2.3965
19.01,7,14.4235,2.39653
19.02,7,14.4236,2.39657
19.03,7,14.4236,2.3966
19.04,7,14.4237,2.39664
19.05,7,14.4238,2.39668
19.06,7,14.4238,2.39672
19.07,7,14.4239,2.39675
19.08,7,14.4239,2.39679
19.09,7,14.424,2.39683
19.1,7,14.4241,2.39687
19.11,7,14.4241,2.39691
19.12,7,14.4242,2.39695
19.13,7,14.4242,2.39699
19.14,7,14.4243,2.39703
19.15,7,14.4243,2.39708
19.16,7,14.4244,2.39712
19.17,7,14.4244,2.39716
19.18,7,14.4245,2.3972
19.19,7,14.4245,2.39725
19.2,7,14.4246,2.39729
19.21,7,14.4247,2.39734
19.22,7,14.4247,2.39738
19.23,7,14.4248,2.39743
19.24,7,14.4248,2.39747
19.25,7,14.4249,2.39752
19.26,7,14.4249,2.39756
19.27,7,14.425,2.39761
19.28,7,14.425,2.39765
19.29,7,14.425,2.3977
19.3,7,14.4251,2.39775
19.31,7,14.4251,2.3978
19.32,7,14.4252,2.39784
19.33,7,14.4252,2.39789
19.34,7,14.4253,2.39794
19.35,7,14.4253,2.39798
19.36,7,14.4254,2.39803
19.37,7,14.4254,2.39808
19.38,7,14.4255,2.39812
19.39,7,14.4255,2.39817
19.4,7,14.4256,2.39822
19.41,7,14.4256,2.39827
19.42,7,14.4257,2.39832
19.43,7,14.4257,2.39837
19.44,7,14.4258,2.39841
19.45,7,14.4258,2.39846
19.46,7,14.4258,2.39851
19.47,7,14.4259,2.39856
19.48,7,14.4259,2.39861
19.49,7,14.426,2.39866
19.5,7,14.426,2.39872
19.51,7,14.4261,2.39877
19.52,7,14.4261,2.39882
19.53,7,14.4262,2.39887
19.54,7,14.4262,2.39892
19.55,7,14.4263,2.39897
19.56,7,14.4263,2.39902
19.57,7,14.4263,2.39908
19.58,7,14.4264,2.39913
19.59,7,14.4264,2.39919
19.6,7,14.4265,2.39924
19.61,7,14.4265,2.39929
19.62,7,14.4266,2.39935
19.63,7,14.4266,2.3994
19.64,7,14.4267,2.39945
19.65,7,14.4267,2.39951
19.66,7,14.4268,2.39956
19.67,7,14.4268,2.39962
19.68,7,14.4269,2.39967
19.69,7,14.4269,2.39973
19.7,7,14.427,2.39978
19.71,7,14.427,2.39984
19.72,7,14.4271,2.39989
19.73,7,14.4271,2.39994
19.74,7,14.4272,2.4
19.75,7,14.4272,2.40005
19.76,7,14.4273,2.4001
19.77,7,14.4274,2.40016
19.78,7,14.4274,2.40021
19.79,7,14.4275,2.40026
19.8,7,14.4275,2.40031
19.81,7,14.4276,2.40037
19.82,7,14.4276,2.40042
19.83,7,14.4277,2.40047
19.84,7,14.4278,2.40052
19.85,7,14.4278,2.40058
19.86,7,14.4279,2.40063
19.87,7,14.4279,2.40068
19.88,7,14.428,2.40073
19.89,7,14.4281,2.40078
19.9,7,14.4281,2.40084
19.91,7,14.4282,2.40089
19.92,7,14.4282,2.40094
19.93,7,14.4283,2.40099
19.94,7,14.4284,2.40104
19.95,7,14.4284,2.40109
19.96,7,14.4285,2.40115
19.97,7,14.4286,2.4012
19.98,7,14.4286,2.40125
19.99,7,14.4287,2.4013
0,8,0.58831,1.01549
0.01,8,0.588451,1.01442
0.02,8,0.588667,1.01286
0.03,8,0.588978,1.01084
0.04,8,0.589398,1.0084
0.05,8,0.589942,1.00558
0.06,8,0.590611,1.0024
0.07,8,0.591435,0.998919
0.08,8,0.592412,0.995158
0.09,8,0.593557,0.991152
0.1,8,0.59488,0.986935
0.11,8,0.596402,0.98256
0.12,8,0.598133,0.978054
0.13,8,0.600066,0.973427
0.14,8,0.602208,0.968705
0.15,8,0.604562,0.963909
0.16,8,0.607131,0.959058
0.17,8,0.609915,0.95417
0.18,8,0.612915,0.949261
0.19,8,0.616131,0.944344
0.2,8,0.61956,0.939431
0.21,8,0.6232,0.934533
0.22,8,0.62705,0.929659
0.23,8,0.63111,0.924819
0.24,8,0.635377,0.920021
0.25,8,0.639846,0.915269
0.26,8,0.644515,0.910569
0.27,8,0.649374,0.905923
0.28,8,0.654424,0.901337
0.29,8,0.65966,0.896813
0.3,8,0.665076,0.892353
0.31,8,0.670669,0.887961
0.32,8,0.676436,0.883637
0.33,8,0.682372,0.879385
0.34,8,0.688473,0.875205
0.35,8,0.694737,0.871097
0.36,8,0.701158,0.867063
0.37,8,0.707732,0.863104
0.38,8,0.714455,0.85922
0.39,8,0.721325,0.85541
0.4,8,0.728338,0.851676
0.41,8,0.73549,0.848016
0.42,8,0.742778,0.844432
0.43,8,0.7502,0.840922
0.44,8,0.757751,0.837487
0.45,8,0.765428,0.834127
0.46,8,0.773229,0.83084
0.47,8,0.781151,0.827627
0.48,8,0.789191,0.824486
0.49,8,0.797346,0.821418
0.5,8,0.805614,0.818421
0.51,8,0.813992,0.815495
0.52,8,0.822478,0.81264
0.53,8,0.831069,0.809855
0.54,8,0.839763,0.807139
0.55,8,0.848557,0.80449
0.56,8,0.85745,0.801909
0.57,8,0.86644,0.799394
0.58,8,0.875523,0.796945
0.59,8,0.884698,0.794561
0.6,8,0.893963,0.792241
0.61,8,0.903315,0.789985
0.62,8,0.912753,0.787792
0.63,8,0.922275,0.78566
0.64,8,0.931879,0.783589
0.65,8,0.941563,0.781579
0.66,8,0.951325,0.779627
0.67,8,0.961164,0.777735
0.68,8,0.971078,0.7759
0.69,8,0.981064,0.774123
0.7,8,0.991123,0.772402
0.71,8,1.00125,0.770736
0.72,8,1.01145,0.769124
0.73,8,1.02171,0.767566
0.74,8,1.03204,0.766061
0.75,8,1.04244,0.764608
0.76,8,1.05289,0.763206
0.77,8,1.06341,0.761854
0.78,8,1.07399,0.760552
0.79,8,1.08463,0.759299
0.8,8,1.09533,0.758094
0.81,8,1.10608,0.756937
0.82,8,1.11688,0.755826
0.83,8,1.12775,0.754761
0.84,8,1.13866,0.753742
0.85,8,1.14963,0.752767
0.86,8,1.16064,0.751836
0.87,8,1.17171,0.750948
0.88,8,1.18282,0.750102
0.89,8,1.19398,0.749298
0.9,8,1.20519,0.748535
0.91,8,1.21645,0.747813
0.92,8,1.22774,0.74713
0.93,8,1.23909,0.746486
0.94,8,1.25047,0.74588
0.95,8,1.2619,0.745313
0.96,8,1.27336,0.744782
0.97,8,1.28487,0.744288
0.98,8,1.29642,0.74383
0.99,8,1.308,0.743408
1,8,1.31962,0.743019
1.01,8,1.33128,0.742665
1.02,8,1.34297,0.742344
1.03,8,1.3547,0.742056
1.04,8,1.36647,0.7418
1.05,8,1.37826,0.741576
1.06,8,1.3901,0.741383
1.07,8,1.40196,0.741221
1.08,8,1.41385,0.741088
1.09,8,1.42578,0.740986
1.1,8,1.43773,0.740912
1.11,8,1.44972,0.740866
1.12,8,1.46174,0.740849
1.13,8,1.47378,0.740858
1.14,8,1.48585,0.740895
1.15,8,1.49795,0.740958
1.16,8,1.51007,0.741047
1.17,8,1.52223,0.741161
1.18,8,1.5344,0.7413
1.19,8,1.5466,0.741465
1.2,8,1.55883,0.741652
1.21,8,1.57108,0.741864
1.22,8,1.58336,0.742098
1.23,8,1.59566,0.742356
1.24,8,1.60798,0.742635
1.25,8,1.62032,0.742936
1.26,8,1.63268,0.743259
1.27,8,1.64507,0.743603
1.28,8,1.65747,0.743968
1.29,8,1.6699,0.744352
1.3,8,1.68234,0.744757
1.31,8,1.69481,0.74518
1.32,8,1.70729,0.745623
1.33,8,1.7198,0.746084
1.34,8,1.73232,0.746564
1.35,8,1.74486,0.747062
1.36,8,1.75741,0.747576
1.37,8,1.76999,0.748108
1.38,8,1.78258,0.748657
1.39,8,1.79519,0.749222
1.4,8,1.80781,0.749803
1.41,8,1.82045,0.750399
1.42,8,1.8331,0.751012
1.43,8,1.84577,0.751639
1.44,8,1.85846,0.752281
1.45,8,1.87116,0.752938
1.46,8,1.88387,0.753608
1.47,8,1.8966,0.754293
1.48,8,1.90934,0.75499
1.49,8,1.92209,0.755701
1.5,8,1.93486,0.756425
1.51,8,1.94764,0.757162
1.52,8,1.96043,0.757911
1.53,8,1.97323,0.758671
1.54,8,1.98605,0.759444
1.55,8,1.99888,0.760228
1.56,8,2.01172,0.761023
1.57,8,2.02457,0.761829
1.58,8,2.03743,0.762646
1.59,8,2.0503,0.763474
1.6,8,2.06319,0.764311
1.61,8,2.07608,0.765158
1.62,8,2.08898,0.766015
1.63,8,2.1019,0.766882
1.64,8,2.11482,0.767757
1.65,8,2.12776,0.768642
1.66,8,2.1407,0.769535
1.67,8,2.15365,0.770437
1.68,8,2.16661,0.771348
1.69,8,2.17958,0.772266
1.7,8,2.19256,0.773192
1.71,8,2.20554,0.774126
1.72,8,2.21854,0.775068
1.73,8,2.23154,0.776016
1.74,8,2.24455,0.776972
1.75,8,2.25757,0.777935
1.76,8,2.27059,0.778905
1.77,8,2.28362,0.779881
1.78,8,2.29666,0.780863
1.79,8,2.30971,0.781852
1.8,8,2.32277,0.782846
1.81,8,2.33583,0.783846
1.82,8,2.3489,0.784852
1.83,8,2.36197,0.785864
1.84,8,2.37505,0.786881
1.85,8,2.38814,0.787903
1.86,8,2.40123,0.788931
1.87,8,2.41433,0.789963
1.88,8,2.42744,0.791001
1.89,8,2.44055,0.792042
1.9,8,2.45367,0.793089
1.91,8,2.46679,0.794139
1.92,8,2.47992,0.795194
1.93,8,2.49305,0.796253
1.94,8,2.50619,0.797316
1.95,8,2.51933,0.798382
1.96,8,2.53248,0.799453
1.97,8,2.54563,0.800526
1.98,8,2.55879,0.801604
1.99,8,2.57195,0.802684
2,8,2.58512,0.803768
2.01,8,2.59829,0.804856
2.02,8,2.61146,0.805946
2.03,8,2.62464,0.807039
2.04,8,2.63783,0.808135
2.05,8,2.65101,0.809234
2.06,8,2.6642,0.810335
2.07,8,2.6774,0.811439
2.08,8,2.6906,0.812545
2.09,8,2.7038,0.813653
2.1,8,2.71701,0.814764
2.11,8,2.73022,0.815877
2.12,8,2.74343,0.816992
2.13,8,2.75664,0.818109
2.14,8,2.76986,0.819228
2.15,8,2.78308,0.820349
2.16,8,2.79631,0.821472
2.17,8,2.80954,0.822596
2.18,8,2.82277,0.823721
2.19,8,2.836,0.824849
2.2,8,2.84924,0.825977
2.21,8,2.86248,0.827107
2.22,8,2.87572,0.828239
2.23,8,2.88896,0.829372
2.24,8,2.90221,0.830506
2.25,8,2.91546,0.831641
2.26,8,2.92871,0.832777
2.27,8,2.94196,0.833914
2.28,8,2.95522,0.835052
2.29,8,2.96848,0.83619
2.3,8,2.98174,0.837329
2.31,8,2.995,0.838469
2.32,8,3.00826,0.839609
2.33,8,3.02153,0.840749
2.34,8,3.0348,0.841891
2.35,8,3.04807,0.843032
2.36,8,3.06134,0.844174
2.37,8,3.07461,0.845316
2.38,8,3.08788,0.846459
2.39,8,3.10116,0.847602
2.4,8,3.11444,0.848744
2.41,8,3.12772,0.849887
2.42,8,3.141,0.85103
2.43,8,3.15428,0.852174
2.44,8,3.16756,0.853317
2.45,8,3.18085,0.854461
2.46,8,3.19413,0.855604
2.47,8,3.20742,0.856747
2.48,8,3.22071,0.85789
2.49,8,3.234,0.859033
2.5,8,3.24729,0.860175
2.51,8,3.26058,0.861317
2.52,8,3.27387,0.862458
2.53,8,3.28717,0.8636
2.54,8,3.30046,0.864741
2.55,8,3.31376,0.865881
2.56,8,3.32705,0.867022
2.57,8,3.34035,0.868162
2.58,8,3.35365,0.869301
2.59,8,3.36695,0.87044
2.6,8,3.38025,0.871578
2.61,8,3.39355,0.872717
2.62,8,3.40685,0.873854
2.63,8,3.42015,0.874991
2.64,8,3.43345,0.876126
2.65,8,3.44675,0.877261
2.66,8,3.46005,0.878395
2.67,8,3.47336,0.879528
2.68,8,3.48666,0.880661
2.69,8,3.49997,0.881794
2.7,8,3.51327,0.882925
2.71,8,3.52657,0.884055
2.72,8,3.53988,0.885185
2.73,8,3.55318,0.886314
2.74,8,3.56649,0.887441
2.75,8,3.5798,0.888568
2.76,8,3.5931,0.889694
2.77,8,3.60641,0.890819
2.78,8,3.61972,0.891943
2.79,8,3.63302,0.893066
2.8,8,3.64633,0.894188
2.81,8,3.65964,0.895308
2.82,8,3.67294,0.896428
2.83,8,3.68625,0.897546
2.84,8,3.69955,0.898663
2.85,8,3.71286,0.899779
2.86,8,3.72617,0.900894
2.87,8,3.73947,0.902008
2.88,8,3.75278,0.903121
2.89,8,3.76608,0.904233
2.9,8,3.77939,0.905343
2.91,8,3.79269,0.906453
2.92,8,3.806,0.907561
2.93,8,3.8193,0.908668
2.94,8,3.83261,0.909774
2.95,8,3.84591,0.910878
2.96,8,3.85921,0.911982
2.97,8,3.87252,0.913084
2.98,8,3.88582,0.914185
2.99,8,3.89912,0.915284
3,8,3.91242,0.916382
3.01,8,3.92573,0.91748
3.02,8,3.93903,0.918575
3.03,8,3.95233,0.91967
3.04,8,3.96563,0.920763
3.05,8,3.97893,0.921854
3.06,8,3.99222,0.922944
3.07,8,4.00552,0.924032
3.08,8,4.01882,0.92512
3.09,8,4.03212,0.926206
3.1,8,4.04541,0.927291
3.11,8,4.05871,0.928375
3.12,8,4.072,0.929457
3.13,8,4.0853,0.930538
3.14,8,4.09859,0.931617
3.15,8,4.11189,0.932694
3.16,8,4.12518,0.93377
3.17,8,4.13847,0.934846
3.18,8,4.15177,0.93592
3.19,8,4.16506,0.936993
3.2,8,4.17835,0.938064
3.21,8,4.19164,0.939135
3.22,8,4.20493,0.940204
3.23,8,4.21822,0.941272
3.24,8,4.23152,0.942339
3.25,8,4.24481,0.943404
3.26,8,4.2581,0.944469
3.27,8,4.27138,0.945532
3.28,8,4.28467,0.946593
3.29,8,4.29796,0.947653
3.3,8,4.31125,0.948711
3.31,8,4.32453,0.949768
3.32,8,4.33781,0.950824
3.33,8,4.3511,0.951878
3.34,8,4.36438,0.952931
3.35,8,4.37766,0.953982
3.36,8,4.39094,0.955032
3.37,8,4.40422,0.956081
3.38,8,4.4175,0.957128
3.39,8,4.43078,0.958174
3.4,8,4.44406,0.959218
3.41,8,4.45734,0.960261
3.42,8,4.47062,0.961302
3.43,8,4.48389,0.962341
3.44,8,4.49717,0.96338
3.45,8,4.51044,0.964417
3.46,8,4.52372,0.965453
3.47,8,4.53699,0.966488
3.48,8,4.55026,0.967521
3.49,8,4.56353,0.968553
3.5,8,4.5768,0.969583
3.51,8,4.59007,0.970613
3.52,8,4.60334,0.971641
3.53,8,4.61661,0.972667
3.54,8,4.62988,0.973692
3.55,8,4.64314,0.974716
3.56,8,4.65641,0.975737
3.57,8,4.66967,0.976757
3.58,8,4.68293,0.977775
3.59,8,4.69619,0.978792
3.6,8,4.70945,0.979807
3.61,8,4.72271,0.980821
3.62,8,4.73597,0.981833
3.63,8,4.74923,0.982844
3.64,8,4.76248,0.983853
3.65,8,4.77574,0.984862
3.66,8,4.78899,0.98587
3.67,8,4.80225,0.986876
3.68,8,4.8155,0.987882
3.69,8,4.82875,0.988886
3.7,8,4.842,0.989888
3.71,8,4.85525,0.990889
3.72,8,4.8685,0.99189
3.73,8,4.88175,0.992889
3.74,8,4.895,0.993886
3.75,8,4.90825,0.994882
3.76,8,4.92149,0.995876
3.77,8,4.93474,0.996868
3.78,8,4.94798,0.99786
3.79,8,4.96122,0.99885
3.8,8,4.97446,0.99984
3.81,8,4.9877,1.00083
3.82,8,5.00095,1.00181
3.83,8,5.01418,1.0028
3.84,8,5.02742,1.00378
3.85,8,5.04066,1.00477
3.86,8,5.0539,1.00575
3.87,8,5.06713,1.00672
3.88,8,5.08037,1.0077
3.89,8,5.0936,1.00868
3.9,8,5.10684,1.00965
3.91,8,5.12007,1.01062
3.92,8,5.1333,1.0116
3.93,8,5.14653,1.01257
3.94,8,5.15976,1.01353
3.95,8,5.17299,1.0145
3.96,8,5.18622,1.01547
3.97,8,5.19944,1.01643
3.98,8,5.21267,1.01739
3.99,8,5.22589,1.01835
4,8,5.23911,1.01931
4.01,8,5.25233,1.02027
4.02,8,5.26556,1.02122
4.03,8,5.27878,1.02218
4.04,8,5.292,1.02313
4.05,8,5.30521,1.02408
4.06,8,5.31843,1.02503
4.07,8,5.33165,1.02598
4.08,8,5.34486,1.02693
4.09,8,5.35808,1.02787
4.1,8,5.37129,1.02881
4.11,8,5.38451,1.02976
4.12,8,5.39772,1.0307
4.13,8,5.41093,1.03164
4.14,8,5.42414,1.03257
4.15,8,5.43735,1.03351
4.16,8,5.45056,1.03444
4.17,8,5.46377,1.03537
4.18,8,5.47698,1.0363
4.19,8,5.49019,1.03723
4.2,8,5.5034,1.03816
4.21,8,5.51661,1.03909
4.22,8,5.52981,1.04001
4.23,8,5.54302,1.04093
4.24,8,5.55622,1.04185
4.25,8,5.56943,1.04277
4.26,8,5.58263,1.04368
4.27,8,5.59583,1.0446
4.28,8,5.60903,1.04551
4.29,8,5.62224,1.04642
4.3,8,5.63544,1.04733
4.31,8,5.64864,1.04823
4.32,8,5.66184,1.04914
4.33,8,5.67504,1.05004
4.34,8,5.68823,1.05094
4.35,8,5.70143,1.05183
4.36,8,5.71463,1.05273
4.37,8,5.72782,1.05362
4.38,8,5.74102,1.05451
4.39,8,5.75422,1.0554
4.4,8,5.76741,1.05629
4.41,8,5.7806,1.05718
4.42,8,5.7938,1.05806
4.43,8,5.80699,1.05894
4.44,8,5.82018,1.05982
4.45,8,5.83337,1.06069
4.46,8,5.84657,1.06157
4.47,8,5.85976,1.06244
4.48,8,5.87295,1.06331
4.49,8,5.88614,1.06418
4.5,8,5.89933,1.06504
4.51,8,5.91252,1.0659
4.52,8,5.92572,1.06676
4.53,8,5.93891,1.06762
4.54,8,5.9521,1.06847
4.55,8,5.96528,1.06933
4.56,8,5.97847,1.07018
4.57,8,5.99166,1.07102
4.58,8,6.00485,1.07187
4.59,8,6.01804,1.07271
4.6,8,6.03122,1.07355
4.61,8,6.04441,1.07438
4.62,8,6.05759,1.07521
4.63,8,6.07078,1.07604
4.64,8,6.08396,1.07687
4.65,8,6.09715,1.07769
4.66,8,6.11033,1.07851
4.67,8,6.12352,1.07933
4.68,8,6.1367,1.08015
4.69,8,6.14988,1.08096
4.7,8,6.16307,1.08177
4.71,8,6.17625,1.08257
4.72,8,6.18943,1.08338
4.73,8,6.20262,1.08418
4.74,8,6.2158,1.08497
4.75,8,6.22898,1.08577
4.76,8,6.24217,1.08656
4.77,8,6.25535,1.08735
4.78,8,6.26853,1.08813
4.79,8,6.28172,1.08891
4.8,8,6.2949,1.08969
4.81,8,6.30808,1.09047
4.82,8,6.32127,1.09124
4.83,8,6.33445,1.092
4.84,8,6.34763,1.09277
4.85,8,6.36081,1.09353
4.86,8,6.374,1.09429
4.87,8,6.38718,1.09504
4.88,8,6.40037,1.09579
4.89,8,6.41355,1.09653
4.9,8,6.42673,1.09728
4.91,8,6.43992,1.09801
4.92,8,6.4531,1.09875
4.93,8,6.46629,1.09948
4.94,8,6.47947,1.10021
4.95,8,6.49266,1.10093
4.96,8,6.50584,1.10165
4.97,8,6.51903,1.10236
4.98,8,6.53221,1.10308
4.99,8,6.5454,1.10378
5,8,6.55858,1.10449
5.01,8,6.57177,1.10519
5.02,8,6.58495,1.10588
5.03,8,6.59814,1.10657
5.04,8,6.61132,1.10726
5.05,8,6.62451,1.10794
5.06,8,6.63769,1.10862
5.07,8,6.65088,1.10929
5.08,8,6.66407,1.10996
5.09,8,6.67726,1.11063
5.1,8,6.69045,1.11129
5.11,8,6.70363,1.11195
5.12,8,6.71682,1.1126
5.13,8,6.73001,1.11325
5.14,8,6.7432,1.11389
5.15,8,6.7564,1.11453
5.16,8,6.76959,1.11517
5.17,8,6.78278,1.11579
5.18,8,6.79597,1.11642
5.19,8,6.80917,1.11704
5.2,8,6.82236,1.11765
5.21,8,6.83555,1.11826
5.22,8,6.84875,1.11887
5.23,8,6.86194,1.11947
5.24,8,6.87513,1.12007
5.25,8,6.88833,1.12066
5.26,8,6.90152,1.12124
5.27,8,6.91472,1.12183
5.28,8,6.92792,1.1224
5.29,8,6.94112,1.12297
5.3,8,6.95431,1.12354
5.31,8,6.96751,1.1241
5.32,8,6.98071,1.12466
5.33,8,6.99391,1.12521
5.34,8,7.00711,1.12576
5.35,8,7.02031,1.1263
5.36,8,7.03351,1.12684
5.37,8,7.04672,1.12737
5.38,8,7.05992,1.1279
5.39,8,7.07312,1.12842
5.4,8,7.08632,1.12894
5.41,8,7.09952,1.12945
5.42,8,7.11273,1.12996
5.43,8,7.12593,1.13046
5.44,8,7.13914,1.13096
5.45,8,7.15234,1.13145
5.46,8,7.16555,1.13194
5.47,8,7.17875,1.13242
5.48,8,7.19196,1.1329
5.49,8,7.20516,1.13337
5.5,8,7.21837,1.13384
5.51,8,7.23158,1.1343
5.52,8,7.24479,1.13476
5.53,8,7.25799,1.13521
5.54,8,7.2712,1.13566
5.55,8,7.28441,1.13611
5.56,8,7.29762,1.13654
5.57,8,7.31083,1.13698
5.58,8,7.32404,1.1374
5.59,8,7.33726,1.13783
5.6,8,7.35047,1.13825
5.61,8,7.36368,1.13866
5.62,8,7.3769,1.13907
5.63,8,7.39011,1.13947
5.64,8,7.40333,1.13987
5.65,8,7.41655,1.14027
5.66,8,7.42977,1.14066
5.67,8,7.44298,1.14104
5.68,8,7.4562,1.14142
5.69,8,7.46942,1.1418
5.7,8,7.48264,1.14217
5.71,8,7.49587,1.14254
5.72,8,7.50909,1.1429
5.73,8,7.52231,1.14326
5.74,8,7.53553,1.14361
5.75,8,7.54876,1.14396
5.76,8,7.56198,1.1443
5.77,8,7.5752,1.14464
5.78,8,7.58843,1.14498
5.79,8,7.60166,1.14531
5.8,8,7.61488,1.14563
5.81,8,7.62811,1.14596
5.82,8,7.64134,1.14628
5.83,8,7.65457,1.14659
5.84,8,7.6678,1.1469
5.85,8,7.68103,1.14721
5.86,8,7.69426,1.14751
5.87,8,7.70749,1.14781
5.88,8,7.72072,1.14811
5.89,8,7.73395,1.1484
5.9,8,7.74719,1.14869
5.91,8,7.76042,1.14897
5.92,8,7.77365,1.14925
5.93,8,7.78688,1.14953
5.94,8,7.80012,1.1498
5.95,8,7.81335,1.15007
5.96,8,7.82658,1.15033
5.97,8,7.83982,1.15059
5.98,8,7.85305,1.15085
5.99,8,7.86629,1.1511
6,8,7.87952,1.15135
6.01,8,7.89276,1.1516
6.02,8,7.906,1.15184
6.03,8,7.91923,1.15208
6.04,8,7.93247,1.15231
6.05,8,7.94571,1.15255
6.06,8,7.95895,1.15278
6.07,8,7.97219,1.15301
6.08,8,7.98543,1.15323
6.09,8,7.99867,1.15345
6.1,8,8.01192,1.15367
6.11,8,8.02516,1.15389
6.12,8,8.0384,1.1541
6.13,8,8.05164,1.15431
6.14,8,8.06489,1.15452
6.15,8,8.07813,1.15472
6.16,8,8.09137,1.15493
6.17,8,8.10462,1.15513
6.18,8,8.11786,1.15532
6.19,8,8.13111,1.15552
6.2,8,8.14435,1.15571
6.21,8,8.15759,1.1559
6.22,8,8.17084,1.15609
6.23,8,8.18409,1.15627
6.24,8,8.19733,1.15646
6.25,8,8.21058,1.15664
6.26,8,8.22382,1.15682
6.27,8,8.23707,1.157
6.28,8,8.25032,1.15717
6.29,8,8.26357,1.15734
6.3,8,8.27681,1.15752
6.31,8,8.29006,1.15768
6.32,8,8.30331,1.15785
6.33,8,8.31656,1.15802
6.34,8,8.32981,1.15818
6.35,8,8.34305,1.15834
6.36,8,8.3563,1.1585
6.37,8,8.36955,1.15865
6.38,8,8.3828,1.15881
6.39,8,8.39605,1.15896
6.4,8,8.40929,1.15911
6.41,8,8.42254,1.15926
6.42,8,8.43579,1.15941
6.43,8,8.44904,1.15956
6.44,8,8.46229,1.1597
6.45,8,8.47553,1.15985
6.46,8,8.48878,1.15999
6.47,8,8.50203,1.16013
6.48,8,8.51528,1.16027
6.49,8,8.52852,1.16041
6.5,8,8.54177,1.16055
6.51,8,8.55502,1.16069
6.52,8,8.56827,1.16082
6.53,8,8.58152,1.16096
6.54,8,8.59477,1.16109
6.55,8,8.60801,1.16122
6.56,8,8.62126,1.16135
6.57,8,8.63451,1.16148
6.58,8,8.64776,1.16161
6.59,8,8.66101,1.16174
6.6,8,8.67425,1.16186
6.61,8,8.6875,1.16199
6.62,8,8.70075,1.16211
6.63,8,8.714,1.16223
6.64,8,8.72724,1.16236
6.65,8,8.74049,1.16248
6.66,8,8.75374,1.1626
6.67,8,8.76698,1.16272
6.68,8,8.78023,1.16284
6.69,8,8.79348,1.16296
6.7,8,8.80673,1.16308
6.71,8,8.81997,1.16319
6.72,8,8.83322,1.16331
6.73,8,8.84647,1.16343
6.74,8,8.85971,1.16354
6.75,8,8.87296,1.16366
6.76,8,8.88621,1.16377
6.77,8,8.89945,1.16389
6.78,8,8.9127,1.164
6.79,8,8.92594,1.16411
6.8,8,8.93919,1.16422
6.81,8,8.95243,1.16434
6.82,8,8.96568,1.16445
6.83,8,8.97892,1.16456
6.84,8,8.99216,1.16467
6.85,8,9.00541,1.16478
6.86,8,9.01865,1.16489
6.87,8,9.03189,1.165
6.88,8,9.04513,1.16511
6.89,8,9.05838,1.16522
6.9,8,9.07162,1.16533
6.91,8,9.08486,1.16544
6.92,8,9.0981,1.16555
6.93,8,9.11134,1.16566
6.94,8,9.12459,1.16577
6.95,8,9.13783,1.16588
6.96,8,9.15107,1.16599
6.97,8,9.16431,1.1661
6.98,8,9.17755,1.16621
6.99,8,9.19079,1.16632
7,8,9.20403,1.16643
7.01,8,9.21727,1.16654
7.02,8,9.23051,1.16665
7.03,8,9.24375,1.16676
7.04,8,9.25699,1.16687
7.05,8,9.27022,1.16698
7.06,8,9.28346,1.16708
7.07,8,9.2967,1.16719
7.08,8,9.30993,1.1673
7.09,8,9.32317,1.16742
7.1,8,9.3364,1.16753
7.11,8,9.34964,1.16764
7.12,8,9.36287,1.16775
7.13,8,9.3761,1.16786
7.14,8,9.38934,1.16797
7.15,8,9.40257,1.16808
7.16,8,9.4158,1.16819
7.17,8,9.42903,1.1683
7.18,8,9.44226,1.16841
7.19,8,9.45549,1.16853
7.2,8,9.46872,1.16864
7.21,8,9.48195,1.16875
7.22,8,9.49518,1.16887
7.23,8,9.5084,1.16898
7.24,8,9.52163,1.16909
7.25,8,9.53486,1.16921
7.26,8,9.54808,1.16932
7.27,8,9.56131,1.16944
7.28,8,9.57453,1.16956
7.29,8,9.58776,1.16967
7.3,8,9.60098,1.16979
7.31,8,9.6142,1.16991
7.32,8,9.62742,1.17002
7.33,8,9.64064,1.17014
7.34,8,9.65386,1.17026
7.35,8,9.66708,1.17038
7.36,8,9.6803,1.1705
7.37,8,9.69352,1.17063
7.38,8,9.70674,1.17075
7.39,8,9.71995,1.17087
7.4,8,9.73317,1.17099
7.41,8,9.74638,1.17112
7.42,8,9.7596,1.17124
7.43,8,9.77281,1.17137
7.44,8,9.78602,1.17149
7.45,8,9.79923,1.17162
7.46,8,9.81244,1.17175
7.47,8,9.82565,1.17188
7.48,8,9.83886,1.17201
7.49,8,9.85207,1.17214
7.5,8,9.86527,1.17227
7.51,8,9.87848,1.1724
7.52,8,9.89168,1.17254
7.53,8,9.90489,1.17268
7.54,8,9.91809,1.17281
7.55,8,9.9313,1.17295
7.56,8,9.9445,1.17309
7.57,8,9.9577,1.17323
7.58,8,9.9709,1.17337
7.59,8,9.9841,1.17352
7.6,8,9.99729,1.17366
7.61,8,10.0105,1.1738
7.62,8,10.0237,1.17395
7.63,8,10.0369,1.1741
7.64,8,10.0501,1.17425
7.65,8,10.0633,1.1744
7.66,8,10.0765,1.17455
7.67,8,10.0896,1.1747
7.68,8,10.1028,1.17486
7.69,8,10.116,1.17501
7.7,8,10.1292,1.17517
7.71,8,10.1424,1.17533
7.72,8,10.1556,1.17548
7.73,8,10.1688,1.17565
7.74,8,10.1819,1.17581
7.75,8,10.1951,1.17597
7.76,8,10.2083,1.17614
7.77,8,10.2215,1.17631
7.78,8,10.2347,1.17648
7.79,8,10.2478,1.17665
7.8,8,10.261,1.17682
7.81,8,10.2742,1.17699
7.82,8,10.2874,1.17717
7.83,8,10.3006,1.17734
7.84,8,10.3137,1.17752
7.85,8,10.3269,1.1777
7.86,8,10.3401,1.17789
7.87,8,10.3532,1.17807
7.88,8,10.3664,1.17825
7.89,8,10.3796,1.17844
7.9,8,10.3927,1.17863
7.91,8,10.4059,1.17882
7.92,8,10.4191,1.17901
7.93,8,10.4322,1.17921
7.94,8,10.4454,1.1794
7.95,8,10.4585,1.1796
7.96,8,10.4717,1.17979
7.97,8,10.4849,1.17999
7.98,8,10.498,1.18019
7.99,8,10.5112,1.1804
8,8,10.5243,1.1806
8.01,8,10.5375,1.18081
8.02,8,10.5506,1.18101
8.03,8,10.5638,1.18122
8.04,8,10.5769,1.18143
8.05,8,10.5901,1.18165
8.06,8,10.6032,1.18186
8.07,8,10.6163,1.18208
8.08,8,10.6295,1.18229
8.09,8,10.6426,1.18251
8.1,8,10.6557,1.18273
8.11,8,10.6689,1.18296
8.12,8,10.682,1.18318
8.13,8,10.6951,1.18341
8.14,8,10.7083,1.18364
8.15,8,10.7214,1.18386
8.16,8,10.7345,1.1841
8.17,8,10.7477,1.18433
8.18,8,10.7608,1.18456
8.19,8,10.7739,1.1848
8.2,8,10.787,1.18504
8.21,8,10.8001,1.18528
8.22,8,10.8133,1.18552
8.23,8,10.8264,1.18576
8.24,8,10.8395,1.18601
8.25,8,10.8526,1.18626
8.26,8,10.8657,1.18651
8.27,8,10.8788,1.18676
8.28,8,10.8919,1.18701
8.29,8,10.905,1.18726
8.3,8,10.9181,1.18752
8.31,8,10.9312,1.18778
8.32,8,10.9443,1.18804
8.33,8,10.9574,1.1883
8.34,8,10.9705,1.18856
8.35,8,10.9836,1.18883
8.36,8,10.9967,1.18909
8.37,8,11.0098,1.18936
8.38,8,11.0229,1.18963
8.39,8,11.0359,1.1899
8.4,8,11.049,1.19018
8.41,8,11.0621,1.19046
8.42,8,11.0752,1.19073
8.43,8,11.0883,1.19101
8.44,8,11.1013,1.1913
8.45,8,11.1144,1.19158
8.46,8,11.1275,1.19187
8.47,8,11.1406,1.19216
8.48,8,11.1536,1.19245
8.49,8,11.1667,1.19274
8.5,8,11.1798,1.19304
8.51,8,11.1928,1.19333
8.52,8,11.2059,1.19363
8.53,8,11.2189,1.19393
8.54,8,11.232,1.19424
8.55,8,11.245,1.19454
8.56,8,11.2581,1.19485
8.57,8,11.2711,1.19516
8.58,8,11.2842,1.19547
8.59,8,11.2972,1.19578
8.6,8,11.3103,1.1961
8.61,8,11.3233,1.19641
8.62,8,11.3364,1.19673
8.63,8,11.3494,1.19705
8.64,8,11.3624,1.19738
8.65,8,11.3755,1.1977
8.66,8,11.3885,1.19803
8.67,8,11.4015,1.19836
8.68,8,11.4145,1.19869
8.69,8,11.4276,1.19902
8.7,8,11.4406,1.19936
8.71,8,11.4536,1.19969
8.72,8,11.4666,1.20003
8.73,8,11.4796,1.20037
8.74,8,11.4926,1.20072
8.75,8,11.5056,1.20106
8.76,8,11.5186,1.20141
8.77,8,11.5316,1.20176
8.78,8,11.5446,1.20211
8.79,8,11.5576,1.20246
8.8,8,11.5706,1.20282
8.81,8,11.5836,1.20318
8.82,8,11.5966,1.20354
8.83,8,11.6096,1.2039
8.84,8,11.6226,1.20426
8.85,8,11.6355,1.20463
8.86,8,11.6485,1.205
8.87,8,11.6615,1.20537
8.88,8,11.6745,1.20575
8.89,8,11.6874,1.20612
8.9,8,11.7004,1.2065
8.91,8,11.7133,1.20688
8.92,8,11.7263,1.20726
8.93,8,11.7393,1.20765
8.94,8,11.7522,1.20803
8.95,8,11.7652,1.20842
8.96,8,11.7781,1.20882
8.97,8,11.791,1.20922
8.98,8,11.804,1.20961
8.99,8,11.8169,1.21002
9,8,11.8299,1.21042
9.01,8,11.8428,1.21083
9.02,8,11.8557,1.21124
9.03,8,11.8686,1.21165
9.04,8,11.8815,1.21207
9.05,8,11.8945,1.21249
9.06,8,11.9074,1.21291
9.07,8,11.9203,1.21334
9.08,8,11.9332,1.21377
9.09,8,11.9461,1.2142
9.1,8,11.959,1.21463
9.11,8,11.9719,1.21507
9.12,8,11.9848,1.21551
9.13,8,11.9977,1.21596
9.14,8,12.0106,1.21641
9.15,8,12.0234,1.21686
9.16,8,12.0363,1.21731
9.17,8,12.0492,1.21777
9.18,8,12.0621,1.21823
9.19,8,12.0749,1.2187
9.2,8,12.0878,1.21917
9.21,8,12.1007,1.21964
9.22,8,12.1135,1.22011
9.23,8,12.1264,1.22059
9.24,8,12.1392,1.22107
9.25,8,12.152,1.22156
9.26,8,12.1649,1.22205
9.27,8,12.1777,1.22254
9.28,8,12.1906,1.22304
9.29,8,12.2034,1.22354
9.3,8,12.2162,1.22405
9.31,8,12.229,1.22456
9.32,8,12.2418,1.22507
9.33,8,12.2546,1.22558
9.34,8,12.2674,1.2261
9.35,8,12.2802,1.22663
9.36,8,12.293,1.22716
9.37,8,12.3058,1.22769
9.38,8,12.3186,1.22822
9.39,8,12.3314,1.22876
9.4,8,12.3442,1.22931
9.41,8,12.3569,1.22986
9.42,8,12.3697,1.23041
9.43,8,12.3825,1.23097
9.44,8,12.3952,1.23153
9.45,8,12.408,1.23209
9.46,8,12.4207,1.23266
9.47,8,12.4335,1.23324
9.48,8,12.4462,1.23382
9.49,8,12.4589,1.2344
9.5,8,12.4717,1.23499
9.51,8,12.4844,1.23558
9.52,8,12.4971,1.23618
9.53,8,12.5098,1.23679
9.54,8,12.5225,1.2374
9.55,8,12.5352,1.23801
9.56,8,12.5479,1.23863
9.57,8,12.5606,1.23926
9.58,8,12.5733,1.23989
9.59,8,12.586,1.24053
9.6,8,12.5986,1.24117
9.61,8,12.6113,1.24182
9.62,8,12.624,1.24247
9.63,8,12.6366,1.24313
9.64,8,12.6493,1.2438
9.65,8,12.6619,1.24447
9.66,8,12.6746,1.24514
9.67,8,12.6872,1.24583
9.68,8,12.6998,1.24652
9.69,8,12.7124,1.24721
9.7,8,12.725,1.24791
9.71,8,12.7377,1.24862
9.72,8,12.7503,1.24934
9.73,8,12.7628,1.25006
9.74,8,12.7754,1.25078
9.75,8,12.788,1.25152
9.76,8,12.8006,1.25226
9.77,8,12.8132,1.253
9.78,8,12.8257,1.25375
9.79,8,12.8383,1.25451
9.8,8,12.8508,1.25528
9.81,8,12.8634,1.25605
9.82,8,12.8759,1.25683
9.83,8,12.8885,1.25762
9.84,8,12.901,1.25841
9.85,8,12.9135,1.25921
9.86,8,12.926,1.26002
9.87,8,12.9385,1.26083
9.88,8,12.951,1.26166
9.89,8,12.9635,1.26249
9.9,8,12.976,1.26333
9.91,8,12.9884,1.26417
9.92,8,13.0009,1.26503
9.93,8,13.0134,1.26589
9.94,8,13.0258,1.26676
9.95,8,13.0382,1.26764
9.96,8,13.0507,1.26852
9.97,8,13.0631,1.26941
9.98,8,13.0755,1.27031
9.99,8,13.0879,1.27122
10,8,13.1003,1.27214
10.01,8,13.1127,1.27306
10.02,8,13.1251,1.274
10.03,8,13.1375,1.27494
10.04,8,13.1498,1.27589
10.05,8,13.1622,1.27685
10.06,8,13.1745,1.27782
10.07,8,13.1869,1.2788
10.08,8,13.1992,1.27978
10.09,8,13.2115,1.28078
10.1,8,13.2238,1.28178
10.11,8,13.2361,1.2828
10.12,8,13.2484,1.28382
10.13,8,13.2607,1.28484
10.14,8,13.273,1.28588
10.15,8,13.2852,1.28692
10.16,8,13.2975,1.28798
10.17,8,13.3097,1.28904
10.18,8,13.3219,1.29011
10.19,8,13.3341,1.2912
10.2,8,13.3463,1.29229
10.21,8,13.3585,1.29339
10.22,8,13.3707,1.29449
10.23,8,13.3829,1.29561
10.24,8,13.3951,1.29674
10.25,8,13.4072,1.29787
10.26,8,13.4193,1.29901
10.27,8,13.4314,1.30016
10.28,8,13.4435,1.30132
10.29,8,13.4556,1.30248
10.3,8,13.4677,1.30366
10.31,8,13.4798,1.30485
10.32,8,13.4918,1.30604
10.33,8,13.5038,1.30724
10.34,8,13.5159,1.30845
10.35,8,13.5278,1.30967
10.36,8,13.5398,1.31089
10.37,8,13.5518,1.31212
10.38,8,13.5637,1.31336
10.39,8,13.5756,1.31461
10.4,8,13.5875,1.31587
10.41,8,13.5994,1.31713
10.42,8,13.6112,1.3184
10.43,8,13.623,1.31967
10.44,8,13.6348,1.32095
10.45,8,13.6466,1.32223
10.46,8,13.6583,1.32351
10.47,8,13.67,1.32479
10.48,8,13.6817,1.32607
10.49,8,13.6933,1.32735
10.5,8,13.7049,1.32863
10.51,8,13.7165,1.3299
10.52,8,13.728,1.33117
10.53,8,13.7395,1.33243
10.54,8,13.7509,1.33369
10.55,8,13.7623,1.33494
10.56,8,13.7736,1.33618
10.57,8,13.7849,1.33741
10.58,8,13.7961,1.33862
10.59,8,13.8072,1.33983
10.6,8,13.8183,1.34101
10.61,8,13.8294,1.34218
10.62,8,13.8404,1.34334
10.63,8,13.8513,1.34447
10.64,8,13.8621,1.34558
10.65,8,13.8729,1.34667
10.66,8,13.8835,1.34773
10.67,8,13.8942,1.34875
10.68,8,13.9047,1.34975
10.69,8,13.9151,1.35072
10.7,8,13.9255,1.35165
10.71,8,13.9358,1.35256
10.72,8,13.946,1.35343
10.73,8,13.9561,1.35427
10.74,8,13.9661,1.35508
10.75,8,13.9761,1.35585
10.76,8,13.986,1.35659
10.77,8,13.9957,1.35729
10.78,8,14.0054,1.35796
10.79,8,14.0151,1.35858
10.8,8,14.0246,1.35916
10.81,8,14.034,1.35971
10.82,8,14.0434,1.36021
10.83,8,14.0526,1.36066
10.84,8,14.0618,1.36108
10.85,8,14.0709,1.36146
10.86,8,14.0799,1.36179
10.87,8,14.0889,1.36208
10.88,8,14.0977,1.36233
10.89,8,14.1065,1.36253
10.9,8,14.1152,1.3627
10.91,8,14.1238,1.36281
10.92,8,14.1324,1.36288
10.93,8,14.1409,1.36291
10.94,8,14.1493,1.36288
10.95,8,14.1576,1.36279
10.96,8,14.1659,1.36265
10.97,8,14.174,1.36245
10.98,8,14.1821,1.36219
10.99,8,14.1901,1.36187
11,8,14.198,1.36149
11.01,8,14.2059,1.36105
11.02,8,14.2136,1.36055
11.03,8,14.2213,1.35998
11.04,8,14.2289,1.35935
11.05,8,14.2364,1.35865
11.06,8,14.2439,1.35789
11.07,8,14.2513,1.35707
11.08,8,14.2586,1.35619
11.09,8,14.2658,1.35525
11.1,8,14.273,1.35425
11.11,8,14.2801,1.35319
11.12,8,14.2872,1.35208
11.13,8,14.2941,1.35091
11.14,8,14.3011,1.3497
11.15,8,14.3079,1.34845
11.16,8,14.3147,1.34715
11.17,8,14.3215,1.34582
11.18,8,14.3282,1.34446
11.19,8,14.3348,1.34309
11.2,8,14.3415,1.34169
11.21,8,14.3481,1.34028
11.22,8,14.3546,1.33886
11.23,8,14.3611,1.33744
11.24,8,14.3676,1.33602
11.25,8,14.3741,1.3346
11.26,8,14.3805,1.33319
11.27,8,14.3869,1.33179
11.28,8,14.3933,1.3304
11.29,8,14.3996,1.32903
11.3,8,14.4059,1.32767
11.31,8,14.4122,1.32634
11.32,8,14.4185,1.32502
11.33,8,14.4247,1.32373
11.34,8,14.4309,1.32246
11.35,8,14.4371,1.32122
11.36,8,14.4432,1.31999
11.37,8,14.4493,1.31879
11.38,8,14.4553,1.31761
11.39,8,14.4613,1.31645
11.4,8,14.4673,1.31531
11.41,8,14.4732,1.31419
11.42,8,14.479,1.31308
11.43,8,14.4848,1.31198
11.44,8,14.4905,1.3109
11.45,8,14.4962,1.30982
11.46,8,14.5017,1.30875
11.47,8,14.5072,1.30767
11.48,8,14.5126,1.3066
11.49,8,14.5179,1.30553
11.5,8,14.5232,1.30446
11.51,8,14.5283,1.30337
11.52,8,14.5334,1.30226
11.53,8,14.5383,1.30115
11.54,8,14.5432,1.30001
11.55,8,14.5479,1.29886
11.56,8,14.5526,1.29769
11.57,8,14.5571,1.29649
11.58,8,14.5616,1.29528
11.59,8,14.566,1.29405
11.6,8,14.5702,1.29279
11.61,8,14.5744,1.29151
11.62,8,14.5785,1.2902
11.63,8,14.5825,1.28887
11.64,8,14.5864,1.28753
11.65,8,14.5902,1.28619
11.66,8,14.594,1.28483
11.67,8,14.5977,1.28346
11.68,8,14.6014,1.28209
11.69,8,14.6049,1.28072
11.7,8,14.6085,1.27935
11.71,8,14.612,1.27799
11.72,8,14.6154,1.27664
11.73,8,14.6189,1.2753
11.74,8,14.6222,1.27398
11.75,8,14.6256,1.27267
11.76,8,14.629,1.27138
11.77,8,14.6323,1.27012
11.78,8,14.6356,1.26888
11.79,8,14.6389,1.26766
11.8,8,14.6421,1.26647
11.81,8,14.6453,1.26531
11.82,8,14.6486,1.26418
11.83,8,14.6518,1.26309
11.84,8,14.655,1.26203
11.85,8,14.6581,1.261
11.86,8,14.6613,1.26001
11.87,8,14.6644,1.25905
11.88,8,14.6675,1.25813
11.89,8,14.6706,1.25724
11.9,8,14.6737,1.2564
11.91,8,14.6767,1.25559
11.92,8,14.6798,1.25482
11.93,8,14.6828,1.25408
11.94,8,14.6857,1.25339
11.95,8,14.6887,1.25273
11.96,8,14.6916,1.25211
11.97,8,14.6944,1.25154
11.98,8,14.6973,1.251
11.99,8,14.7001,1.2505
12,8,14.7028,1.25004
12.01,8,14.7055,1.24961
12.02,8,14.7082,1.24922
12.03,8,14.7108,1.24886
12.04,8,14.7134,1.24854
12.05,8,14.7159,1.24826
12.06,8,14.7184,1.248
12.07,8,14.7208,1.24779
12.08,8,14.7231,1.2476
12.09,8,14.7255,1.24745
12.1,8,14.7277,1.24734
12.11,8,14.7299,1.24725
12.12,8,14.7321,1.24719
12.13,8,14.7342,1.24717
12.14,8,14.7363,1.24718
12.15,8,14.7383,1.24722
12.16,8,14.7403,1.24729
12.17,8,14.7422,1.2474
12.18,8,14.7441,1.24753
12.19,8,14.7459,1.2477
12.2,8,14.7477,1.2479
12.21,8,14.7494,1.24813
12.22,8,14.7512,1.2484
12.23,8,14.7528,1.24869
12.24,8,14.7545,1.24903
12.25,8,14.7561,1.24939
12.26,8,14.7577,1.24978
12.27,8,14.7593,1.2502
12.28,8,14.7609,1.25066
12.29,8,14.7625,1.25114
12.3,8,14.764,1.25166
12.31,8,14.7655,1.25221
12.32,8,14.7671,1.25279
12.33,8,14.7686,1.25339
12.34,8,14.7701,1.25403
12.35,8,14.7717,1.2547
12.36,8,14.7732,1.25539
12.37,8,14.7748,1.2561
12.38,8,14.7763,1.25684
12.39,8,14.7779,1.2576
12.4,8,14.7795,1.25837
12.41,8,14.7811,1.25917
12.42,8,14.7827,1.25998
12.43,8,14.7843,1.2608
12.44,8,14.7859,1.26163
12.45,8,14.7876,1.26247
12.46,8,14.7893,1.26331
12.47,8,14.7909,1.26415
12.48,8,14.7926,1.26499
12.49,8,14.7943,1.26582
12.5,8,14.7961,1.26665
12.51,8,14.7978,1.26746
12.52,8,14.7995,1.26826
12.53,8,14.8013,1.26904
12.54,8,14.803,1.2698
12.55,8,14.8048,1.27053
12.56,8,14.8065,1.27124
12.57,8,14.8083,1.27191
12.58,8,14.81,1.27256
12.59,8,14.8118,1.27318
12.6,8,14.8135,1.27377
12.61,8,14.8153,1.27433
12.62,8,14.817,1.27486
12.63,8,14.8188,1.27538
12.64,8,14.8205,1.27587
12.65,8,14.8222,1.27635
12.66,8,14.8239,1.27681
12.67,8,14.8256,1.27726
12.68,8,14.8273,1.27771
12.69,8,14.829,1.27815
12.7,8,14.8306,1.27859
12.71,8,14.8323,1.27903
12.72,8,14.8339,1.27947
12.73,8,14.8355,1.27991
12.74,8,14.8371,1.28035
12.75,8,14.8387,1.28079
12.76,8,14.8402,1.28123
12.77,8,14.8418,1.28168
12.78,8,14.8433,1.28212
12.79,8,14.8447,1.28257
12.8,8,14.8462,1.28301
12.81,8,14.8476,1.28344
12.82,8,14.8489,1.28387
12.83,8,14.8503,1.28429
12.84,8,14.8515,1.2847
12.85,8,14.8528,1.2851
12.86,8,14.854,1.28548
12.87,8,14.8552,1.28584
12.88,8,14.8564,1.28617
12.89,8,14.8575,1.28648
12.9,8,14.8585,1.28676
12.91,8,14.8595,1.28702
12.92,8,14.8605,1.28724
12.93,8,14.8615,1.28743
12.94,8,14.8624,1.2876
12.95,8,14.8633,1.28774
12.96,8,14.8641,1.28785
12.97,8,14.865,1.28794
12.98,8,14.8657,1.28801
12.99,8,14.8665,1.28807
13,8,14.8672,1.28811
13.01,8,14.8679,1.28813
13.02,8,14.8686,1.28815
13.03,8,14.8693,1.28816
13.04,8,14.8699,1.28817
13.05,8,14.8705,1.28818
13.06,8,14.8711,1.28819
13.07,8,14.8717,1.28819
13.08,8,14.8722,1.2882
13.09,8,14.8728,1.28821
13.1,8,14.8733,1.28822
13.11,8,14.8738,1.28822
13.12,8,14.8743,1.28822
13.13,8,14.8747,1.28821
13.14,8,14.8752,1.28819
13.15,8,14.8756,1.28816
13.16,8,14.876,1.28811
13.17,8,14.8764,1.28806
13.18,8,14.8768,1.28798
13.19,8,14.8771,1.2879
13.2,8,14.8775,1.28779
13.21,8,14.8778,1.28767
13.22,8,14.8781,1.28754
13.23,8,14.8784,1.28739
13.24,8,14.8787,1.28723
13.25,8,14.8789,1.28705
13.26,8,14.8792,1.28686
13.27,8,14.8794,1.28667
13.28,8,14.8796,1.28646
13.29,8,14.8798,1.28625
13.3,8,14.88,1.28602
13.31,8,14.8802,1.28579
13.32,8,14.8803,1.28555
13.33,8,14.8805,1.28531
13.34,8,14.8806,1.28505
13.35,8,14.8807,1.28479
13.36,8,14.8807,1.28452
13.37,8,14.8808,1.28424
13.38,8,14.8808,1.28395
13.39,8,14.8808,1.28365
13.4,8,14.8809,1.28334
13.41,8,14.8808,1.28301
13.42,8,14.8808,1.28266
13.43,8,14.8808,1.2823
13.44,8,14.8807,1.28192
13.45,8,14.8806,1.28151
13.46,8,14.8805,1.2811
13.47,8,14.8804,1.28066
13.48,8,14.8803,1.28021
13.49,8,14.8802,1.27976
13.5,8,14.88,1.27929
13.51,8,14.8799,1.27882
13.52,8,14.8797,1.27834
13.53,8,14.8796,1.27786
13.54,8,14.8794,1.27737
13.55,8,14.8793,1.27689
13.56,8,14.8792,1.27642
13.57,8,14.879,1.27594
13.58,8,14.8789,1.27547
13.59,8,14.8788,1.27501
13.6,8,14.8787,1.27455
13.61,8,14.8786,1.2741
13.62,8,14.8785,1.27366
13.63,8,14.8784,1.27322
13.64,8,14.8784,1.2728
13.65,8,14.8783,1.27238
13.66,8,14.8783,1.27197
13.67,8,14.8783,1.27157
13.68,8,14.8783,1.27118
13.69,8,14.8784,1.2708
13.7,8,14.8784,1.27043
13.71,8,14.8785,1.27006
13.72,8,14.8786,1.2697
13.73,8,14.8787,1.26936
13.74,8,14.8789,1.26902
13.75,8,14.8791,1.2687
13.76,8,14.8793,1.26838
13.77,8,14.8795,1.26808
13.78,8,14.8798,1.26778
13.79,8,14.8801,1.26751
13.8,8,14.8804,1.26724
13.81,8,14.8807,1.26699
13.82,8,14.8811,1.26675
13.83,8,14.8815,1.26653
13.84,8,14.8819,1.26632
13.85,8,14.8824,1.26614
13.86,8,14.8829,1.26596
13.87,8,14.8834,1.26581
13.88,8,14.8839,1.26568
13.89,8,14.8845,1.26556
13.9,8,14.8851,1.26547
13.91,8,14.8858,1.2654
13.92,8,14.8864,1.26536
13.93,8,14.8871,1.26534
13.94,8,14.8879,1.26534
13.95,8,14.8886,1.26537
13.96,8,14.8894,1.26542
13.97,8,14.8902,1.2655
13.98,8,14.8911,1.2656
13.99,8,14.8919,1.26572
14,8,14.8928,1.26587
14.01,8,14.8937,1.26604
14.02,8,14.8947,1.26623
14.03,8,14.8957,1.26644
14.04,8,14.8966,1.26668
14.05,8,14.8977,1.26693
14.06,8,14.8987,1.26719
14.07,8,14.8998,1.26747
14.08,8,14.9008,1.26777
14.09,8,14.9019,1.26807
14.1,8,14.903,1.26839
14.11,8,14.9042,1.26872
14.12,8,14.9053,1.26906
14.13,8,14.9065,1.26941
14.14,8,14.9076,1.26978
14.15,8,14.9088,1.27015
14.16,8,14.91,1.27053
14.17,8,14.9112,1.27093
14.18,8,14.9124,1.27133
14.19,8,14.9136,1.27173
14.2,8,14.9149,1.27215
14.21,8,14.9161,1.27256
14.22,8,14.9174,1.27299
14.23,8,14.9186,1.27341
14.24,8,14.9199,1.27384
14.25,8,14.9211,1.27427
14.26,8,14.9224,1.2747
14.27,8,14.9236,1.27513
14.28,8,14.9249,1.27556
14.29,8,14.9261,1.27598
14.3,8,14.9274,1.27641
14.31,8,14.9286,1.27683
14.32,8,14.9298,1.27725
14.33,8,14.9311,1.27766
14.34,8,14.9323,1.27806
14.35,8,14.9335,1.27846
14.36,8,14.9347,1.27885
14.37,8,14.9359,1.27922
14.38,8,14.9371,1.27959
14.39,8,14.9382,1.27993
14.4,8,14.9394,1.28027
14.41,8,14.9405,1.28059
14.42,8,14.9417,1.2809
14.43,8,14.9428,1.2812
14.44,8,14.9439,1.28149
14.45,8,14.945,1.28177
14.46,8,14.9461,1.28203
14.47,8,14.9471,1.28228
14.48,8,14.9482,1.28252
14.49,8,14.9492,1.28275
14.5,8,14.9503,1.28296
14.51,8,14.9513,1.28316
14.52,8,14.9523,1.28335
14.53,8,14.9533,1.28352
14.54,8,14.9542,1.28368
14.55,8,14.9552,1.28383
14.56,8,14.9562,1.28397
14.57,8,14.9571,1.2841
14.58,8,14.958,1.28421
14.59,8,14.9589,1.28431
14.6,8,14.9598,1.28441
14.61,8,14.9607,1.28449
14.62,8,14.9616,1.28456
14.63,8,14.9625,1.28462
14.64,8,14.9633,1.28468
14.65,8,14.9641,1.28473
14.66,8,14.965,1.28477
14.67,8,14.9658,1.28482
14.68,8,14.9666,1.28485
14.69,8,14.9674,1.28489
14.7,8,14.9681,1.28492
14.71,8,14.9689,1.28494
14.72,8,14.9697,1.28497
14.73,8,14.9704,1.28499
14.74,8,14.9711,1.28501
14.75,8,14.9718,1.28504
14.76,8,14.9725,1.28506
14.77,8,14.9732,1.28509
14.78,8,14.9738,1.28513
14.79,8,14.9745,1.28516
14.8,8,14.9751,1.28521
14.81,8,14.9757,1.28526
14.82,8,14.9763,1.28531
14.83,8,14.9769,1.28537
14.84,8,14.9774,1.28544
14.85,8,14.9779,1.28552
14.86,8,14.9784,1.2856
14.87,8,14.9789,1.2857
14.88,8,14.9793,1.28581
14.89,8,14.9798,1.28593
14.9,8,14.9802,1.28607
14.91,8,14.9805,1.28622
14.92,8,14.9809,1.28638
14.93,8,14.9812,1.28655
14.94,8,14.9815,1.28674
14.95,8,14.9817,1.28695
14.96,8,14.9819,1.28717
14.97,8,14.9821,1.28741
14.98,8,14.9822,1.28767
14.99,8,14.9823,1.28795
15,8,14.9823,1.28826
15.01,8,14.9823,1.28858
15.02,8,14.9822,1.28892
15.03,8,14.9821,1.28928
15.04,8,14.982,1.28966
15.05,8,14.9818,1.29005
15.06,8,14.9816,1.29047
15.07,8,14.9813,1.29091
15.08,8,14.981,1.29138
15.09,8,14.9806,1.29186
15.1,8,14.9802,1.29237
15.11,8,14.9797,1.2929
15.12,8,14.9792,1.29344
15.13,8,14.9786,1.29401
15.14,8,14.978,1.29459
15.15,8,14.9773,1.29519
15.16,8,14.9766,1.29581
15.17,8,14.9759,1.29643
15.18,8,14.9751,1.29708
15.19,8,14.9743,1.29773
15.2,8,14.9735,1.2984
15.21,8,14.9726,1.29908
15.22,8,14.9717,1.29977
15.23,8,14.9707,1.30047
15.24,8,14.9698,1.30117
15.25,8,14.9688,1.30187
15.26,8,14.9678,1.30257
15.27,8,14.9668,1.30326
15.28,8,14.9657,1.30395
15.29,8,14.9647,1.30464
15.3,8,14.9637,1.30531
15.31,8,14.9626,1.30598
15.32,8,14.9616,1.30665
15.33,8,14.9605,1.3073
15.34,8,14.9595,1.30793
15.35,8,14.9585,1.30855
15.36,8,14.9574,1.30915
15.37,8,14.9564,1.30974
15.38,8,14.9554,1.3103
15.39,8,14.9544,1.31083
15.4,8,14.9535,1.31135
15.41,8,14.9525,1.31184
15.42,8,14.9516,1.3123
15.43,8,14.9507,1.31274
15.44,8,14.9498,1.31316
15.45,8,14.949,1.31354
15.46,8,14.9481,1.31391
15.47,8,14.9473,1.31424
15.48,8,14.9465,1.31455
15.49,8,14.9457,1.31483
15.5,8,14.945,1.31509
15.51,8,14.9443,1.31533
15.52,8,14.9435,1.31555
15.53,8,14.9429,1.31574
15.54,8,14.9422,1.31592
15.55,8,14.9415,1.31608
15.56,8,14.9409,1.31621
15.57,8,14.9402,1.31633
15.58,8,14.9396,1.31643
15.59,8,14.939,1.3165
15.6,8,14.9384,1.31657
15.61,8,14.9378,1.31662
15.62,8,14.9373,1.31665
15.63,8,14.9367,1.31667
15.64,8,14.9361,1.31669
15.65,8,14.9356,1.3167
15.66,8,14.935,1.3167
15.67,8,14.9344,1.31669
15.68,8,14.9339,1.31668
15.69,8,14.9333,1.31667
15.7,8,14.9328,1.31664
15.71,8,14.9322,1.31662
15.72,8,14.9316,1.31658
15.73,8,14.9311,1.31654
15.74,8,14.9305,1.3165
15.75,8,14.93,1.31646
15.76,8,14.9294,1.31642
15.77,8,14.9288,1.31637
15.78,8,14.9282,1.31633
15.79,8,14.9277,1.31629
15.8,8,14.9271,1.31626
15.81,8,14.9265,1.31622
15.82,8,14.9259,1.31618
15.83,8,14.9253,1.31615
15.84,8,14.9247,1.31612
15.85,8,14.9241,1.31608
15.86,8,14.9235,1.31606
15.87,8,14.9229,1.31603
15.88,8,14.9223,1.316
15.89,8,14.9217,1.31598
15.9,8,14.9211,1.31597
15.91,8,14.9205,1.31596
15.92,8,14.92,1.31596
15.93,8,14.9194,1.31596
15.94,8,14.9188,1.31596
15.95,8,14.9182,1.31597
15.96,8,14.9177,1.31597
15.97,8,14.9171,1.31598
15.98,8,14.9165,1.31599
15.99,8,14.916,1.31599
16,8,14.9155,1.31599
16.01,8,14.9149,1.316
16.02,8,14.9144,1.316
16.03,8,14.9139,1.31601
16.04,8,14.9134,1.31602
16.05,8,14.913,1.31603
16.06,8,14.9125,1.31604
16.07,8,14.9121,1.31605
16.08,8,14.9117,1.31606
16.09,8,14.9112,1.31607
16.1,8,14.9109,1.31607
16.11,8,14.9105,1.31607
16.12,8,14.9101,1.31606
16.13,8,14.9098,1.31605
16.14,8,14.9095,1.31604
16.15,8,14.9092,1.31603
16.16,8,14.9089,1.31602
16.17,8,14.9086,1.316
16.18,8,14.9084,1.31599
16.19,8,14.9081,1.31597
16.2,8,14.9079,1.31596
16.21,8,14.9077,1.31594
16.22,8,14.9076,1.31592
16.23,8,14.9074,1.31589
16.24,8,14.9073,1.31586
16.25,8,14.9071,1.31583
16.26,8,14.907,1.31579
16.27,8,14.9069,1.31575
16.28,8,14.9069,1.31571
16.29,8,14.9068,1.31566
16.3,8,14.9067,1.31562
16.31,8,14.9067,1.31557
16.32,8,14.9067,1.31553
16.33,8,14.9067,1.31548
16.34,8,14.9067,1.31544
16.35,8,14.9067,1.31539
16.36,8,14.9067,1.31535
16.37,8,14.9067,1.31531
16.38,8,14.9067,1.31526
16.39,8,14.9068,1.31522
16.4,8,14.9068,1.31518
16.41,8,14.9069,1.31514
16.42,8,14.9069,1.31511
16.43,8,14.907,1.31507
16.44,8,14.9071,1.31505
16.45,8,14.9071,1.31503
16.46,8,14.9072,1.31501
16.47,8,14.9072,1.315
16.48,8,14.9073,1.315
16.49,8,14.9074,1.315
16.5,8,14.9074,1.315
16.51,8,14.9075,1.31501
16.52,8,14.9076,1.31501
16.53,8,14.9076,1.31502
16.54,8,14.9077,1.31504
16.55,8,14.9077,1.31506
16.56,8,14.9078,1.31508
16.57,8,14.9078,1.31512
16.58,8,14.9079,1.31516
16.59,8,14.9079,1.31521
16.6,8,14.908,1.31526
16.61,8,14.908,1.31532
16.62,8,14.908,1.31538
16.63,8,14.9081,1.31544
16.64,8,14.9081,1.31551
16.65,8,14.9081,1.31557
16.66,8,14.9081,1.31564
16.67,8,14.9082,1.31571
16.68,8,14.9082,1.31578
16.69,8,14.9082,1.31586
16.7,8,14.9082,1.31595
16.71,8,14.9082,1.31603
16.72,8,14.9082,1.31612
16.73,8,14.9082,1.31621
16.74,8,14.9082,1.3163
16.75,8,14.9082,1.31639
16.76,8,14.9082,1.31648
16.77,8,14.9082,1.31656
16.78,8,14.9082,1.31664
16.79,8,14.9082,1.31672
16.8,8,14.9082,1.3168
16.81,8,14.9082,1.31687
16.82,8,14.9082,1.31694
16.83,8,14.9082,1.31702
16.84,8,14.9082,1.31708
16.85,8,14.9082,1.31715
16.86,8,14.9082,1.31721
16.87,8,14.9082,1.31727
16.88,8,14.9082,1.31733
16.89,8,14.9082,1.31737
16.9,8,14.9082,1.31742
16.91,8,14.9082,1.31746
16.92,8,14.9082,1.31749
16.93,8,14.9083,1.31752
16.94,8,14.9083,1.31755
16.95,8,14.9083,1.31757
16.96,8,14.9083,1.31759
16.97,8,14.9083,1.3176
16.98,8,14.9083,1.31761
16.99,8,14.9083,1.31762
17,8,14.9084,1.31762
17.01,8,14.9084,1.31761
17.02,8,14.9084,1.3176
17.03,8,14.9084,1.31759
17.04,8,14.9084,1.31758
17.05,8,14.9085,1.31756
17.06,8,14.9085,1.31754
17.07,8,14.9085,1.31752
17.08,8,14.9085,1.31749
17.09,8,14.9085,1.31746
17.1,8,14.9085,1.31743
17.11,8,14.9085,1.31739
17.12,8,14.9085,1.31735
17.13,8,14.9085,1.31732
17.14,8,14.9086,1.31728
17.15,8,14.9086,1.31724
17.16,8,14.9086,1.3172
17.17,8,14.9086,1.31716
17.18,8,14.9085,1.31712
17.19,8,14.9085,1.31707
17.2,8,14.9085,1.31703
17.21,8,14.9085,1.31698
17.22,8,14.9085,1.31693
17.23,8,14.9085,1.31689
17.24,8,14.9085,1.31684
17.25,8,14.9084,1.31679
17.26,8,14.9084,1.31675
17.27,8,14.9084,1.3167
17.28,8,14.9083,1.31665
17.29,8,14.9083,1.3166
17.3,8,14.9083,1.31656
17.31,8,14.9082,1.31651
17.32,8,14.9082,1.31646
17.33,8,14.9081,1.31642
17.34,8,14.9081,1.31637
17.35,8,14.908,1.31633
17.36,8,14.908,1.31628
17.37,8,14.9079,1.31623
17.38,8,14.9079,1.31619
17.39,8,14.9078,1.31614
17.4,8,14.9077,1.3161
17.41,8,14.9077,1.31605
17.42,8,14.9076,1.31601
17.43,8,14.9075,1.31596
17.44,8,14.9075,1.31592
17.45,8,14.9074,1.31588
17.46,8,14.9073,1.31584
17.47,8,14.9073,1.31579
17.48,8,14.9072,1.31575
17.49,8,14.9071,1.31571
17.5,8,14.907,1.31567
17.51,8,14.907,1.31563
17.52,8,14.9069,1.31559
17.53,8,14.9068,1.31556
17.54,8,14.9068,1.31552
17.55,8,14.9067,1.31548
17.56,8,14.9066,1.31544
17.57,8,14.9065,1.31541
17.58,8,14.9065,1.31537
17.59,8,14.9064,1.31534
17.6,8,14.9063,1.3153
17.61,8,14.9063,1.31527
17.62,8,14.9062,1.31524
17.63,8,14.9061,1.31521
17.64,8,14.9061,1.31517
17.65,8,14.906,1.31514
17.66,8,14.9059,1.31511
17.67,8,14.9059,1.31508
17.68,8,14.9058,1.31505
17.69,8,14.9058,1.31502
17.7,8,14.9057,1.315
17.71,8,14.9057,1.31497
17.72,8,14.9056,1.31494
17.73,8,14.9055,1.31492
17.74,8,14.9055,1.31489
17.75,8,14.9054,1.31487
17.76,8,14.9054,1.31485
17.77,8,14.9053,1.31482
17.78,8,14.9053,1.31481
17.79,8,14.9052,1.31479
17.8,8,14.9052,1.31477
17.81,8,14.9051,1.31476
17.82,8,14.9051,1.31475
17.83,8,14.905,1.31474
17.84,8,14.905,1.31473
17.85,8,14.9049,1.31473
17.86,8,14.9049,1.31472
17.87,8,14.9048,1.31471
17.88,8,14.9048,1.31471
17.89,8,14.9047,1.31471
17.9,8,14.9047,1.31471
17.91,8,14.9047,1.31472
17.92,8,14.9046,1.31472
17.93,8,14.9046,1.31473
17.94,8,14.9045,1.31474
17.95,8,14.9045,1.31475
17.96,8,14.9044,1.31476
17.97,8,14.9043,1.31478
17.98,8,14.9043,1.31479
17.99,8,14.9042,1.31481
18,8,14.9042,1.31484
18.01,8,14.9041,1.31486
18.02,8,14.9041,1.31489
18.03,8,14.904,1.31492
18.04,8,14.904,1.31495
18.05,8,14.9039,1.31498
18.06,8,14.9038,1.31501
18.07,8,14.9038,1.31504
18.08,8,14.9037,1.31507
18.09,8,14.9036,1.3151
18.1,8,14.9036,1.31514
18.11,8,14.9035,1.31518
18.12,8,14.9034,1.31522
18.13,8,14.9034,1.31526
18.14,8,14.9033,1.3153
18.15,8,14.9032,1.31533
18.16,8,14.9032,1.31537
18.17,8,14.9031,1.3154
18.18,8,14.903,1.31544
18.19,8,14.9029,1.31548
18.2,8,14.9029,1.31552
18.21,8,14.9028,1.31556
18.22,8,14.9027,1.31561
18.23,8,14.9026,1.31567
18.24,8,14.9025,1.31572
18.25,8,14.9025,1.31577
18.26,8,14.9024,1.31582
18.27,8,14.9023,1.31586
18.28,8,14.9022,1.31591
18.29,8,14.9021,1.31595
18.3,8,14.9021,1.31599
18.31,8,14.902,1.31603
18.32,8,14.9019,1.31608
18.33,8,14.9018,1.31612
18.34,8,14.9017,1.31617
18.35,8,14.9016,1.31622
18.36,8,14.9016,1.31626
18.37,8,14.9015,1.31631
18.38,8,14.9014,1.31635
18.39,8,14.9013,1.31639
18.4,8,14.9012,1.31643
18.41,8,14.9012,1.31646
18.42,8,14.9011,1.3165
18.43,8,14.901,1.31653
18.44,8,14.9009,1.31657
18.45,8,14.9008,1.3166
18.46,8,14.9007,1.31663
18.47,8,14.9007,1.31666
18.48,8,14.9006,1.31669
18.49,8,14.9005,1.31671
18.5,8,14.9004,1.31673
18.51,8,14.9003,1.31675
18.52,8,14.9002,1.31677
18.53,8,14.9001,1.31678
18.54,8,14.9001,1.3168
18.55,8,14.9,1.31681
18.56,8,14.8999,1.31683
18.57,8,14.8998,1.31684
18.58,8,14.8997,1.31685
18.59,8,14.8996,1.31686
18.6,8,14.8995,1.31687
18.61,8,14.8994,1.31687
18.62,8,14.8994,1.31688
18.63,8,14.8993,1.31688
18.64,8,14.8992,1.31689
18.65,8,14.8991,1.3169
18.66,8,14.899,1.3169
18.67,8,14.8989,1.31691
18.68,8,14.8988,1.31692
18.69,8,14.8987,1.31693
18.7,8,14.8986,1.31693
18.71,8,14.8985,1.31693
18.72,8,14.8984,1.31693
18.73,8,14.8984,1.31693
18.74,8,14.8983,1.31694
18.75,8,14.8982,1.31694
18.76,8,14.8981,1.31694
18.77,8,14.898,1.31695
18.78,8,14.8979,1.31695
18.79,8,14.8978,1.31694
18.8,8,14.8977,1.31694
18.81,8,14.8976,1.31694
18.82,8,14.8975,1.31694
18.83,8,14.8974,1.31694
18.84,8,14.8973,1.31694
18.85,8,14.8972,1.31694
18.86,8,14.8971,1.31694
18.87,8,14.897,1.31694
18.88,8,14.8969,1.31694
18.89,8,14.8968,1.31694
18.9,8,14.8967,1.31694
18.91,8,14.8966,1.31694
18.92,8,14.8965,1.31694
18.93,8,14.8964,1.31695
18.94,8,14.8963,1.31695
18.95,8,14.8962,1.31696
18.96,8,14.8961,1.31697
18.97,8,14.896,1.31697
18.98,8,14.8959,1.31698
18.99,8,14.8958,1.31698
19,8,14.8957,1.31698
19.01,8,14.8956,1.31699
19.02,8,14.8955,1.31699
19.03,8,14.8955,1.317
19.04,8,14.8954,1.317
19.05,8,14.8953,1.31701
19.06,8,14.8952,1.31701
19.07,8,14.8951,1.31702
19.08,8,14.895,1.31702
19.09,8,14.8949,1.31702
19.1,8,14.8948,1.31703
19.11,8,14.8947,1.31703
19.12,8,14.8947,1.31703
19.13,8,14.8946,1.31703
19.14,8,14.8945,1.31704
19.15,8,14.8944,1.31704
19.16,8,14.8943,1.31704
19.17,8,14.8943,1.31704
19.18,8,14.8942,1.31704
19.19,8,14.8941,1.31704
19.2,8,14.894,1.31704
19.21,8,14.8939,1.31705
19.22,8,14.8939,1.31705
19.23,8,14.8938,1.31706
19.24,8,14.8937,1.31706
19.25,8,14.8936,1.31706
19.26,8,14.8936,1.31706
19.27,8,14.8935,1.31706
19.28,8,14.8934,1.31707
19.29,8,14.8934,1.31707
19.3,8,14.8933,1.31708
19.31,8,14.8932,1.31709
19.32,8,14.8932,1.3171
19.33,8,14.8931,1.3171
19.34,8,14.893,1.31711
19.35,8,14.893,1.31711
19.36,8,14.8929,1.31711
19.37,8,14.8928,1.31712
19.38,8,14.8928,1.31713
19.39,8,14.8927,1.31714
19.4,8,14.8926,1.31715
19.41,8,14.8926,1.31716
19.42,8,14.8925,1.31717
19.43,8,14.8924,1.31718
19.44,8,14.8924,1.31719
19.45,8,14.8923,1.3172
19.46,8,14.8922,1.31721
19.47,8,14.8922,1.31722
19.48,8,14.8921,1.31724
19.49,8,14.892,1.31725
19.5,8,14.892,1.31727
19.51,8,14.8919,1.31728
19.52,8,14.8919,1.3173
19.53,8,14.8918,1.31731
19.54,8,14.8917,1.31733
19.55,8,14.8917,1.31735
19.56,8,14.8916,1.31736
19.57,8,14.8915,1.31738
19.58,8,14.8915,1.3174
19.59,8,14.8914,1.31742
19.6,8,14.8913,1.31743
19.61,8,14.8913,1.31745
19.62,8,14.8912,1.31747
19.63,8,14.8912,1.31749
19.64,8,14.8911,1.31751
19.65,8,14.891,1.31752
19.66,8,14.891,1.31754
19.67,8,14.8909,1.31756
19.68,8,14.8908,1.31758
19.69,8,14.8908,1.31759
19.7,8,14.8907,1.31761
19.71,8,14.8906,1.31763
19.72,8,14.8906,1.31764
19.73,8,14.8905,1.31766
19.74,8,14.8904,1.31767
19.75,8,14.8904,1.31769
19.76,8,14.8903,1.3177
19.77,8,14.8902,1.31772
19.78,8,14.8902,1.31774
19.79,8,14.8901,1.31775
19.8,8,14.89,1.31777
19.81,8,14.89,1.31778
19.82,8,14.8899,1.3178
19.83,8,14.8898,1.31781
19.84,8,14.8898,1.31782
19.85,8,14.8897,1.31784
19.86,8,14.8896,1.31785
19.87,8,14.8896,1.31786
19.88,8,14.8895,1.31787
19.89,8,14.8894,1.31788
19.9,8,14.8894,1.31789
19.91,8,14.8893,1.3179
19.92,8,14.8893,1.31791
19.93,8,14.8892,1.31792
19.94,8,14.8891,1.31793
19.95,8,14.8891,1.31794
19.96,8,14.889,1.31795
19.97,8,14.8889,1.31795
19.98,8,14.8889,1.31796
19.99,8,14.8888,1.31797
